county,precinct,office,district,party,candidate,votes,absentee,early_voting,election_day,provisional
Atascosa,Pct. 01,Ballots Cast,,,,613,8,480,125,0
Atascosa,Pct. 01,Ballots Cast Blank,,,,0,0,0,0,0
Atascosa,Pct. 01,President,,REP,Donald J. Trump,475,5,372,98,0
Atascosa,Pct. 01,President,,DEM,Kamala D. Harris,135,3,107,25,0
Atascosa,Pct. 01,President,,LIB,Chase Oliver,3,0,1,2,0
Atascosa,Pct. 01,President,,GRN,Jill Stein,0,0,0,0,0
Atascosa,Pct. 01,President,,,Write-ins,0,0,0,0,0
Atascosa,Pct. 01,U.S. Senate,,REP,Ted Cruz,434,5,343,86,0
Atascosa,Pct. 01,U.S. Senate,,DEM,Colin Allred,154,3,123,28,0
Atascosa,Pct. 01,U.S. Senate,,LIB,Ted Brown,17,0,9,8,0
Atascosa,Pct. 01,U.S. Senate,,,Write-ins,1,0,1,0,0
Atascosa,Pct. 01,U.S. House,28,REP,Jay Furman,433,5,340,88,0
Atascosa,Pct. 01,U.S. House,28,DEM,Henry Cuellar,165,3,129,33,0
Atascosa,Pct. 01,Railroad Commissioner,,REP,Christi Craddick,437,5,340,92,0
Atascosa,Pct. 01,Railroad Commissioner,,DEM,Katherine Culbert,131,3,106,22,0
Atascosa,Pct. 01,Railroad Commissioner,,LIB,Hawk Dunlap,12,0,7,5,0
Atascosa,Pct. 01,Railroad Commissioner,,GRN,Eddie Espinoza,11,0,10,1,0
Atascosa,Pct. 01,Railroad Commissioner,,,Write-ins,1,0,1,0,0
Atascosa,Pct. 01,"Justice, Supreme Court",PI 2,REP,Jimmy Blacklock,457,5,358,94,0
Atascosa,Pct. 01,"Justice, Supreme Court",PI 2,DEM,DaSean Jones,128,3,102,23,0
Atascosa,Pct. 01,"Justice, Supreme Court",PI 4,REP,John Devine,449,5,351,93,0
Atascosa,Pct. 01,"Justice, Supreme Court",PI 4,DEM,Christine Vinh Weems,139,3,110,26,0
Atascosa,Pct. 01,"Justice, Supreme Court",PI 6,REP,Jane Bland,441,5,350,86,0
Atascosa,Pct. 01,"Justice, Supreme Court",PI 6,DEM,Bonnie Lee Goldstein,130,3,103,24,0
Atascosa,Pct. 01,"Justice, Supreme Court",PI 6,LIB,J. David Roberson,18,0,10,8,0
Atascosa,Pct. 01,"Presiding Judge, Ct of Crim App",,REP,David J. Schenck,452,5,358,89,0
Atascosa,Pct. 01,"Presiding Judge, Ct of Crim App",,DEM,Holly Taylor,133,3,103,27,0
Atascosa,Pct. 01,"Judge, Ct of Crim App",PI 7,REP,Gina Parker,451,5,354,92,0
Atascosa,Pct. 01,"Judge, Ct of Crim App",PI 7,DEM,Nancy Mulder,134,3,106,25,0
Atascosa,Pct. 01,"Judge, Ct of Crim App",PI 8,REP,Lee Finley,454,5,358,91,0
Atascosa,Pct. 01,"Judge, Ct of Crim App",PI 8,DEM,Chika Anyiam,128,3,100,25,0
Atascosa,Pct. 01,"Member, State BoE",Dist 1,REP,Michael (Travis) Stevens,454,5,359,90,0
Atascosa,Pct. 01,"Member, State BoE",Dist 1,DEM,Gustavo Reveles,131,3,102,26,0
Atascosa,Pct. 01,State Representative,80,REP,Don McLaughlin Jr.,446,5,349,92,0
Atascosa,Pct. 01,State Representative,80,DEM,Cecilia Castellano,144,3,117,24,0
Atascosa,Pct. 01,"Justice, 4th Ct of App Dist",PI 2,DEM,Velia J. Meza,286,3,226,57,0
Atascosa,Pct. 01,"Justice, 4th Ct of App Dist",PI 3,REP,Todd McCray,438,5,345,88,0
Atascosa,Pct. 01,"Justice, 4th Ct of App Dist",PI 3,DEM,Cynthia Marie Chapa,148,3,117,28,0
Atascosa,Pct. 01,"Justice, 4th Ct of App Dist",PI 4,REP,Lori Massey Brissette,441,5,351,85,0
Atascosa,Pct. 01,"Justice, 4th Ct of App Dist",PI 4,DEM,Luz Elena Chapa,143,3,111,29,0
Atascosa,Pct. 01,"Justice, 4th Ct of App Dist",PI 5,REP,Adrian Spears,437,5,348,84,0
Atascosa,Pct. 01,"Justice, 4th Ct of App Dist",PI 5,DEM,Liza A. Rodriguez,151,3,115,33,0
Atascosa,Pct. 01,"Justice, 4th Ct of App Dist",PI 7,REP,Lori I. Valenzuela,510,5,401,104,0
Atascosa,Pct. 01,"Dist Attorney, 81st Judicial Dist",,REP,Audrey Gossett Louis,501,5,396,100,0
Atascosa,Pct. 01,County Attorney,,REP,Molly Groesbeck Solis,521,6,409,106,0
Atascosa,Pct. 01,Sheriff,,REP,Jake Guerra,497,6,388,103,0
Atascosa,Pct. 01,County Tax Assessor-Collector,,REP,Loretta Holley,525,6,415,104,0
Atascosa,Pct. 01,Constable,Pct 4,REP,"John ""Andy"" Rutherford",491,5,384,102,0
Atascosa,Pct. 03,Ballots Cast,,,,866,25,616,225,0
Atascosa,Pct. 03,Ballots Cast Blank,,,,0,0,0,0,0
Atascosa,Pct. 03,President,,REP,Donald J. Trump,609,7,444,158,0
Atascosa,Pct. 03,President,,DEM,Kamala D. Harris,249,18,170,61,0
Atascosa,Pct. 03,President,,LIB,Chase Oliver,2,0,0,2,0
Atascosa,Pct. 03,President,,GRN,Jill Stein,5,0,1,4,0
Atascosa,Pct. 03,President,,,Write-ins,0,0,0,0,0
Atascosa,Pct. 03,U.S. Senate,,REP,Ted Cruz,540,6,406,128,0
Atascosa,Pct. 03,U.S. Senate,,DEM,Colin Allred,285,19,184,82,0
Atascosa,Pct. 03,U.S. Senate,,LIB,Ted Brown,28,0,16,12,0
Atascosa,Pct. 03,U.S. Senate,,,Write-ins,0,0,0,0,0
Atascosa,Pct. 03,U.S. House,28,REP,Jay Furman,541,7,396,138,0
Atascosa,Pct. 03,U.S. House,28,DEM,Henry Cuellar,302,18,203,81,0
Atascosa,Pct. 03,Railroad Commissioner,,REP,Christi Craddick,555,7,416,132,0
Atascosa,Pct. 03,Railroad Commissioner,,DEM,Katherine Culbert,208,14,137,57,0
Atascosa,Pct. 03,Railroad Commissioner,,LIB,Hawk Dunlap,28,0,15,13,0
Atascosa,Pct. 03,Railroad Commissioner,,GRN,Eddie Espinoza,38,1,25,12,0
Atascosa,Pct. 03,Railroad Commissioner,,,Write-ins,0,0,0,0,0
Atascosa,Pct. 03,"Justice, Supreme Court",PI 2,REP,Jimmy Blacklock,594,6,442,146,0
Atascosa,Pct. 03,"Justice, Supreme Court",PI 2,DEM,DaSean Jones,234,16,152,66,0
Atascosa,Pct. 03,"Justice, Supreme Court",PI 4,REP,John Devine,582,8,433,141,0
Atascosa,Pct. 03,"Justice, Supreme Court",PI 4,DEM,Christine Vinh Weems,242,13,161,68,0
Atascosa,Pct. 03,"Justice, Supreme Court",PI 6,REP,Jane Bland,559,6,420,133,0
Atascosa,Pct. 03,"Justice, Supreme Court",PI 6,DEM,Bonnie Lee Goldstein,239,17,154,68,0
Atascosa,Pct. 03,"Justice, Supreme Court",PI 6,LIB,J. David Roberson,26,1,15,10,0
Atascosa,Pct. 03,"Presiding Judge, Ct of Crim App",,REP,David J. Schenck,561,6,423,132,0
Atascosa,Pct. 03,"Presiding Judge, Ct of Crim App",,DEM,Holly Taylor,263,18,166,79,0
Atascosa,Pct. 03,"Judge, Ct of Crim App",PI 7,REP,Gina Parker,573,7,429,137,0
Atascosa,Pct. 03,"Judge, Ct of Crim App",PI 7,DEM,Nancy Mulder,243,14,156,73,0
Atascosa,Pct. 03,"Judge, Ct of Crim App",PI 8,REP,Lee Finley,574,7,427,140,0
Atascosa,Pct. 03,"Judge, Ct of Crim App",PI 8,DEM,Chika Anyiam,241,15,156,70,0
Atascosa,Pct. 03,"Member, State BoE",Dist 1,REP,Michael (Travis) Stevens,570,6,417,147,0
Atascosa,Pct. 03,"Member, State BoE",Dist 1,DEM,Gustavo Reveles,242,17,161,64,0
Atascosa,Pct. 03,State Representative,80,REP,Don McLaughlin Jr.,572,7,422,143,0
Atascosa,Pct. 03,State Representative,80,DEM,Cecilia Castellano,254,17,165,72,0
Atascosa,Pct. 03,"Justice, 4th Ct of App Dist",PI 2,DEM,Velia J. Meza,286,3,226,57,0
Atascosa,Pct. 03,"Justice, 4th Ct of App Dist",PI 3,REP,Todd McCray,438,5,345,88,0
Atascosa,Pct. 03,"Justice, 4th Ct of App Dist",PI 3,DEM,Cynthia Marie Chapa,148,3,117,28,0
Atascosa,Pct. 03,"Justice, 4th Ct of App Dist",PI 4,REP,Lori Massey Brissette,441,5,351,85,0
Atascosa,Pct. 03,"Justice, 4th Ct of App Dist",PI 4,DEM,Luz Elena Chapa,143,3,111,29,0
Atascosa,Pct. 03,"Justice, 4th Ct of App Dist",PI 5,REP,Adrian Spears,437,5,348,84,0
Atascosa,Pct. 03,"Justice, 4th Ct of App Dist",PI 5,DEM,Liza A. Rodriguez,151,3,115,33,0
Atascosa,Pct. 03,"Justice, 4th Ct of App Dist",PI 7,REP,Lori I. Valenzuela,693,11,503,179,0
Atascosa,Pct. 03,"Dist Attorney, 81st Judicial Dist",,REP,Audrey Gossett Louis,692,11,499,182,0
Atascosa,Pct. 03,County Attorney,,REP,Molly Groesbeck Solis,709,11,508,190,0
Atascosa,Pct. 03,Sheriff,,REP,Jake Guerra,709,11,507,191,0
Atascosa,Pct. 03,County Tax Assessor-Collector,,REP,Loretta Holley,707,11,513,183,0
Atascosa,Pct. 03,Constable,Pct 4,REP,"John ""Andy"" Rutherford",680,11,492,177,0
Atascosa,Pct. 03,Mayor City of Jourdanton,,,"Robert ""Doc"" Williams",38,1,29,8,0
Atascosa,Pct. 03,Mayor City of Jourdanton,,,"""Patsy"" Patricia J. Elizabeth Tymrak-Daughtrey",17,0,7,10,0
Atascosa,Pct. 04,Ballots Cast,,,,623,10,443,168,2
Atascosa,Pct. 04,Ballots Cast Blank,,,,0,0,0,0,0
Atascosa,Pct. 04,President,,REP,Donald J. Trump,393,3,289,101,0
Atascosa,Pct. 04,President,,DEM,Kamala D. Harris,225,7,151,65,2
Atascosa,Pct. 04,President,,LIB,Chase Oliver,1,0,0,1,0
Atascosa,Pct. 04,President,,GRN,Jill Stein,3,0,2,1,0
Atascosa,Pct. 04,President,,,Write-ins,1,0,1,0,0
Atascosa,Pct. 04,U.S. Senate,,REP,Ted Cruz,335,3,251,81,0
Atascosa,Pct. 04,U.S. Senate,,DEM,Colin Allred,251,7,165,77,2
Atascosa,Pct. 04,U.S. Senate,,LIB,Ted Brown,20,0,14,6,0
Atascosa,Pct. 04,U.S. Senate,,,Write-ins,0,0,0,0,0
Atascosa,Pct. 04,U.S. House,28,REP,Jay Furman,344,3,256,85,0
Atascosa,Pct. 04,U.S. House,28,DEM,Henry Cuellar,246,7,162,76,1
Atascosa,Pct. 04,Railroad Commissioner,,REP,Christi Craddick,347,3,259,85,0
Atascosa,Pct. 04,Railroad Commissioner,,DEM,Katherine Culbert,208,7,143,56,2
Atascosa,Pct. 04,Railroad Commissioner,,LIB,Hawk Dunlap,13,0,7,6,0
Atascosa,Pct. 04,Railroad Commissioner,,GRN,Eddie Espinoza,26,0,13,13,0
Atascosa,Pct. 04,Railroad Commissioner,,,Write-ins,0,0,0,0,0
Atascosa,Pct. 04,"Justice, Supreme Court",PI 2,REP,Jimmy Blacklock,362,3,267,92,0
Atascosa,Pct. 04,"Justice, Supreme Court",PI 2,DEM,DaSean Jones,227,7,152,66,2
Atascosa,Pct. 04,"Justice, Supreme Court",PI 4,REP,John Devine,360,3,264,93,0
Atascosa,Pct. 04,"Justice, Supreme Court",PI 4,DEM,Christine Vinh Weems,230,6,154,68,2
Atascosa,Pct. 04,"Justice, Supreme Court",PI 6,REP,Jane Bland,343,3,251,89,0
Atascosa,Pct. 04,"Justice, Supreme Court",PI 6,DEM,Bonnie Lee Goldstein,225,7,152,64,2
Atascosa,Pct. 04,"Justice, Supreme Court",PI 6,LIB,J. David Roberson,22,0,13,9,0
Atascosa,Pct. 04,"Presiding Judge, Ct of Crim App",,REP,David J. Schenck,355,3,261,91,0
Atascosa,Pct. 04,"Presiding Judge, Ct of Crim App",,DEM,Holly Taylor,232,7,152,71,2
Atascosa,Pct. 04,"Judge, Ct of Crim App",PI 7,REP,Gina Parker,365,3,268,94,0
Atascosa,Pct. 04,"Judge, Ct of Crim App",PI 7,DEM,Nancy Mulder,223,7,147,67,2
Atascosa,Pct. 04,"Judge, Ct of Crim App",PI 8,REP,Lee Finley,355,3,263,89,0
Atascosa,Pct. 04,"Judge, Ct of Crim App",PI 8,DEM,Chika Anyiam,232,7,150,73,2
Atascosa,Pct. 04,"Member, State BoE",Dist 1,REP,Michael (Travis) Stevens,344,2,252,90,0
Atascosa,Pct. 04,"Member, State BoE",Dist 1,DEM,Gustavo Reveles,238,8,156,72,2
Atascosa,Pct. 04,State Representative,80,REP,Don McLaughlin Jr.,343,3,252,88,0
Atascosa,Pct. 04,State Representative,80,DEM,Cecilia Castellano,243,7,159,75,2
Atascosa,Pct. 04,"Justice, 4th Ct of App Dist",PI 2,DEM,Velia J. Meza,368,9,249,108,2
Atascosa,Pct. 04,"Justice, 4th Ct of App Dist",PI 3,REP,Todd McCray,354,3,264,87,0
Atascosa,Pct. 04,"Justice, 4th Ct of App Dist",PI 3,DEM,Cynthia Marie Chapa,233,7,149,75,2
Atascosa,Pct. 04,"Justice, 4th Ct of App Dist",PI 4,REP,Lori Massey Brissette,358,3,268,87,0
Atascosa,Pct. 04,"Justice, 4th Ct of App Dist",PI 4,DEM,Luz Elena Chapa,227,7,144,74,2
Atascosa,Pct. 04,"Justice, 4th Ct of App Dist",PI 5,REP,Adrian Spears,351,2,259,90,0
Atascosa,Pct. 04,"Justice, 4th Ct of App Dist",PI 5,DEM,Liza A. Rodriguez,238,8,158,70,2
Atascosa,Pct. 04,"Justice, 4th Ct of App Dist",PI 7,REP,Lori I. Valenzuela,463,5,330,127,1
Atascosa,Pct. 04,"Dist Attorney, 81st Judicial Dist",,REP,Audrey Gossett Louis,453,5,327,120,1
Atascosa,Pct. 04,County Attorney,,REP,Molly Groesbeck Solis,465,6,331,127,1
Atascosa,Pct. 04,Sheriff,,REP,Jake Guerra,460,4,329,126,1
Atascosa,Pct. 04,County Tax Assessor-Collector,,REP,Loretta Holley,468,7,334,126,1
Atascosa,Pct. 04,Constable,Pct 2,REP,Johnny Salazar,454,5,323,125,1
Atascosa,Pct. 04,Board Member Somerset ISD,,,Robert Sanchez,55,1,37,17,0
Atascosa,Pct. 04,Board Member Somerset ISD,,,Justin Hagedorn,27,0,23,3,1
Atascosa,Pct. 05,Ballots Cast,,,,821,19,559,240,3
Atascosa,Pct. 05,Ballots Cast Blank,,,,0,0,0,0,0
Atascosa,Pct. 05,President,,REP,Donald J. Trump,490,10,345,134,1
Atascosa,Pct. 05,President,,DEM,Kamala D. Harris,322,9,211,100,2
Atascosa,Pct. 05,President,,LIB,Chase Oliver,3,0,1,2,0
Atascosa,Pct. 05,President,,GRN,Jill Stein,1,0,1,0,0
Atascosa,Pct. 05,President,,,Write-ins,4,0,1,3,0
Atascosa,Pct. 05,U.S. Senate,,REP,Ted Cruz,431,9,316,105,1
Atascosa,Pct. 05,U.S. Senate,,DEM,Colin Allred,346,9,219,116,2
Atascosa,Pct. 05,U.S. Senate,,LIB,Ted Brown,23,0,16,7,0
Atascosa,Pct. 05,U.S. Senate,,,Write-ins,0,0,0,0,0
Atascosa,Pct. 05,U.S. House,28,REP,Jay Furman,439,8,317,113,1
Atascosa,Pct. 05,U.S. House,28,DEM,Henry Cuellar,343,9,221,111,2
Atascosa,Pct. 05,Railroad Commissioner,,REP,Christi Craddick,448,11,324,112,1
Atascosa,Pct. 05,Railroad Commissioner,,DEM,Katherine Culbert,286,6,191,87,2
Atascosa,Pct. 05,Railroad Commissioner,,LIB,Hawk Dunlap,22,0,13,9,0
Atascosa,Pct. 05,Railroad Commissioner,,GRN,Eddie Espinoza,23,1,11,11,0
Atascosa,Pct. 05,Railroad Commissioner,,,Write-ins,0,0,0,0,0
Atascosa,Pct. 05,"Justice, Supreme Court",PI 2,REP,Jimmy Blacklock,468,11,335,121,1
Atascosa,Pct. 05,"Justice, Supreme Court",PI 2,DEM,DaSean Jones,298,6,194,96,2
Atascosa,Pct. 05,"Justice, Supreme Court",PI 4,REP,John Devine,456,10,327,118,1
Atascosa,Pct. 05,"Justice, Supreme Court",PI 4,DEM,Christine Vinh Weems,314,8,203,101,2
Atascosa,Pct. 05,"Justice, Supreme Court",PI 6,REP,Jane Bland,444,9,320,114,1
Atascosa,Pct. 05,"Justice, Supreme Court",PI 6,DEM,Bonnie Lee Goldstein,307,8,202,95,2
Atascosa,Pct. 05,"Justice, Supreme Court",PI 6,LIB,J. David Roberson,25,1,15,9,0
Atascosa,Pct. 05,"Presiding Judge, Ct of Crim App",,REP,David J. Schenck,462,9,333,119,1
Atascosa,Pct. 05,"Presiding Judge, Ct of Crim App",,DEM,Holly Taylor,306,9,204,91,2
Atascosa,Pct. 05,"Judge, Ct of Crim App",PI 7,REP,Gina Parker,462,9,333,119,1
Atascosa,Pct. 05,"Judge, Ct of Crim App",PI 7,DEM,Nancy Mulder,304,8,201,94,1
Atascosa,Pct. 05,"Judge, Ct of Crim App",PI 8,REP,Lee Finley,463,9,335,118,1
Atascosa,Pct. 05,"Judge, Ct of Crim App",PI 8,DEM,Chika Anyiam,298,8,195,93,2
Atascosa,Pct. 05,"Member, State BoE",Dist 1,REP,Michael (Travis) Stevens,448,9,323,115,1
Atascosa,Pct. 05,"Member, State BoE",Dist 1,DEM,Gustavo Reveles,322,9,210,101,2
Atascosa,Pct. 05,State Representative,80,REP,Don McLaughlin Jr.,463,9,339,114,1
Atascosa,Pct. 05,State Representative,80,DEM,Cecilia Castellano,312,8,196,106,2
Atascosa,Pct. 05,"Justice, 4th Ct of App Dist",PI 2,DEM,Velia J. Meza,482,11,308,162,1
Atascosa,Pct. 05,"Justice, 4th Ct of App Dist",PI 3,REP,Todd McCray,447,8,325,113,1
Atascosa,Pct. 05,"Justice, 4th Ct of App Dist",PI 3,DEM,Cynthia Marie Chapa,322,10,208,102,2
Atascosa,Pct. 05,"Justice, 4th Ct of App Dist",PI 4,REP,Lori Massey Brissette,437,8,322,106,1
Atascosa,Pct. 05,"Justice, 4th Ct of App Dist",PI 4,DEM,Luz Elena Chapa,332,10,210,110,2
Atascosa,Pct. 05,"Justice, 4th Ct of App Dist",PI 5,REP,Adrian Spears,442,9,321,111,1
Atascosa,Pct. 05,"Justice, 4th Ct of App Dist",PI 5,DEM,Liza A. Rodriguez,325,9,209,105,2
Atascosa,Pct. 05,"Justice, 4th Ct of App Dist",PI 7,REP,Lori I. Valenzuela,581,13,399,168,1
Atascosa,Pct. 05,"Dist Attorney, 81st Judicial Dist",,REP,Audrey Gossett Louis,566,12,388,165,1
Atascosa,Pct. 05,County Attorney,,REP,Molly Groesbeck Solis,585,12,404,167,2
Atascosa,Pct. 05,Sheriff,,REP,Jake Guerra,596,12,409,173,2
Atascosa,Pct. 05,County Tax Assessor-Collector,,REP,Loretta Holley,597,12,407,176,2
Atascosa,Pct. 05,County Commissioner,Pct 1,REP,Mark Gillespie,594,12,408,172,2
Atascosa,Pct. 05,Constable,Pct 1,REP,Mark Medina,583,12,396,173,2
Atascosa,Pct. 06,Ballots Cast,,,,329,5,259,65,0
Atascosa,Pct. 06,Ballots Cast Blank,,,,0,0,0,0,0
Atascosa,Pct. 06,President,,REP,Donald J. Trump,226,3,177,46,0
Atascosa,Pct. 06,President,,DEM,Kamala D. Harris,102,2,81,19,0
Atascosa,Pct. 06,President,,LIB,Chase Oliver,0,0,0,0,0
Atascosa,Pct. 06,President,,GRN,Jill Stein,1,0,1,0,0
Atascosa,Pct. 06,President,,,Write-ins,0,0,0,0,0
Atascosa,Pct. 06,U.S. Senate,,REP,Ted Cruz,205,3,165,37,0
Atascosa,Pct. 06,U.S. Senate,,DEM,Colin Allred,107,2,85,20,0
Atascosa,Pct. 06,U.S. Senate,,LIB,Ted Brown,10,0,4,6,0
Atascosa,Pct. 06,U.S. Senate,,,Write-ins,0,0,0,0,0
Atascosa,Pct. 06,U.S. House,28,REP,Jay Furman,202,2,165,35,0
Atascosa,Pct. 06,U.S. House,28,DEM,Henry Cuellar,114,3,86,25,0
Atascosa,Pct. 06,Railroad Commissioner,,REP,Christi Craddick,200,3,160,37,0
Atascosa,Pct. 06,Railroad Commissioner,,DEM,Katherine Culbert,89,1,71,17,0
Atascosa,Pct. 06,Railroad Commissioner,,LIB,Hawk Dunlap,13,0,9,4,0
Atascosa,Pct. 06,Railroad Commissioner,,GRN,Eddie Espinoza,6,0,4,2,0
Atascosa,Pct. 06,Railroad Commissioner,,,Write-ins,0,0,0,0,0
Atascosa,Pct. 06,"Justice, Supreme Court",PI 2,REP,Jimmy Blacklock,224,3,178,43,0
Atascosa,Pct. 06,"Justice, Supreme Court",PI 2,DEM,DaSean Jones,89,1,71,17,0
Atascosa,Pct. 06,"Justice, Supreme Court",PI 4,REP,John Devine,216,2,171,43,0
Atascosa,Pct. 06,"Justice, Supreme Court",PI 4,DEM,Christine Vinh Weems,94,1,76,17,0
Atascosa,Pct. 06,"Justice, Supreme Court",PI 6,REP,Jane Bland,203,2,162,39,0
Atascosa,Pct. 06,"Justice, Supreme Court",PI 6,DEM,Bonnie Lee Goldstein,94,1,75,18,0
Atascosa,Pct. 06,"Justice, Supreme Court",PI 6,LIB,J. David Roberson,10,0,7,3,0
Atascosa,Pct. 06,"Presiding Judge, Ct of Crim App",,REP,David J. Schenck,215,2,171,42,0
Atascosa,Pct. 06,"Presiding Judge, Ct of Crim App",,DEM,Holly Taylor,95,1,76,18,0
Atascosa,Pct. 06,"Judge, Ct of Crim App",PI 7,REP,Gina Parker,215,2,170,43,0
Atascosa,Pct. 06,"Judge, Ct of Crim App",PI 7,DEM,Nancy Mulder,93,1,75,17,0
Atascosa,Pct. 06,"Judge, Ct of Crim App",PI 8,REP,Lee Finley,215,2,174,39,0
Atascosa,Pct. 06,"Judge, Ct of Crim App",PI 8,DEM,Chika Anyiam,92,1,71,20,0
Atascosa,Pct. 06,"Member, State BoE",Dist 1,REP,Michael (Travis) Stevens,215,2,171,42,0
Atascosa,Pct. 06,"Member, State BoE",Dist 1,DEM,Gustavo Reveles,95,1,75,19,0
Atascosa,Pct. 06,State Representative,80,REP,Don McLaughlin Jr.,208,2,168,38,0
Atascosa,Pct. 06,State Representative,80,DEM,Cecilia Castellano,106,2,82,22,0
Atascosa,Pct. 06,"Justice, 4th Ct of App Dist",PI 2,DEM,Velia J. Meza,171,2,135,34,0
Atascosa,Pct. 06,"Justice, 4th Ct of App Dist",PI 3,REP,Todd McCray,212,3,168,41,0
Atascosa,Pct. 06,"Justice, 4th Ct of App Dist",PI 3,DEM,Cynthia Marie Chapa,100,1,81,18,0
Atascosa,Pct. 06,"Justice, 4th Ct of App Dist",PI 4,REP,Lori Massey Brissette,205,2,164,39,0
Atascosa,Pct. 06,"Justice, 4th Ct of App Dist",PI 4,DEM,Luz Elena Chapa,101,1,80,20,0
Atascosa,Pct. 06,"Justice, 4th Ct of App Dist",PI 5,REP,Adrian Spears,203,2,160,41,0
Atascosa,Pct. 06,"Justice, 4th Ct of App Dist",PI 5,DEM,Liza A. Rodriguez,104,1,84,19,0
Atascosa,Pct. 06,"Justice, 4th Ct of App Dist",PI 7,REP,Lori I. Valenzuela,259,4,204,51,0
Atascosa,Pct. 06,"Dist Attorney, 81st Judicial Dist",,REP,Audrey Gossett Louis,259,4,206,49,0
Atascosa,Pct. 06,County Attorney,,REP,Molly Groesbeck Solis,258,4,203,51,0
Atascosa,Pct. 06,Sheriff,,REP,Jake Guerra,261,3,207,51,0
Atascosa,Pct. 06,County Tax Assessor-Collector,,REP,Loretta Holley,259,3,206,50,0
Atascosa,Pct. 06,County Commissioner,Pct 3,REP,"George ""Butch"" Pawelek",206,2,165,39,0
Atascosa,Pct. 06,County Commissioner,Pct 3,DEM,Eliseo Perez,107,2,83,22,0
Atascosa,Pct. 06,Constable,Pct 3,REP,Cregg M. Thompson,252,3,201,48,0
Atascosa,Pct. 07,Ballots Cast,,,,1074,30,712,330,2
Atascosa,Pct. 07,Ballots Cast Blank,,,,0,0,0,0,0
Atascosa,Pct. 07,President,,REP,Donald J. Trump,754,20,508,225,1
Atascosa,Pct. 07,President,,DEM,Kamala D. Harris,307,9,196,101,1
Atascosa,Pct. 07,President,,LIB,Chase Oliver,7,1,2,4,0
Atascosa,Pct. 07,President,,GRN,Jill Stein,2,0,2,0,0
Atascosa,Pct. 07,President,,,Write-ins,0,0,0,0,0
Atascosa,Pct. 07,U.S. Senate,,REP,Ted Cruz,673,17,472,183,1
Atascosa,Pct. 07,U.S. Senate,,DEM,Colin Allred,351,11,213,126,1
Atascosa,Pct. 07,U.S. Senate,,LIB,Ted Brown,26,1,12,13,0
Atascosa,Pct. 07,U.S. Senate,,,Write-ins,1,0,1,0,0
Atascosa,Pct. 07,U.S. House,28,REP,Jay Furman,649,19,448,181,1
Atascosa,Pct. 07,U.S. House,28,DEM,Henry Cuellar,377,11,236,129,1
Atascosa,Pct. 07,Railroad Commissioner,,REP,Christi Craddick,678,21,482,175,0
Atascosa,Pct. 07,Railroad Commissioner,,DEM,Katherine Culbert,258,6,158,93,1
Atascosa,Pct. 07,Railroad Commissioner,,LIB,Hawk Dunlap,23,0,11,11,1
Atascosa,Pct. 07,Railroad Commissioner,,GRN,Eddie Espinoza,46,0,24,22,0
Atascosa,Pct. 07,Railroad Commissioner,,,Write-ins,0,0,0,0,0
Atascosa,Pct. 07,"Justice, Supreme Court",PI 2,REP,Jimmy Blacklock,721,20,495,205,1
Atascosa,Pct. 07,"Justice, Supreme Court",PI 2,DEM,DaSean Jones,279,6,180,92,1
Atascosa,Pct. 07,"Justice, Supreme Court",PI 4,REP,John Devine,714,19,492,202,1
Atascosa,Pct. 07,"Justice, Supreme Court",PI 4,DEM,Christine Vinh Weems,285,9,177,98,1
Atascosa,Pct. 07,"Justice, Supreme Court",PI 6,REP,Jane Bland,684,20,478,185,1
Atascosa,Pct. 07,"Justice, Supreme Court",PI 6,DEM,Bonnie Lee Goldstein,292,7,181,103,1
Atascosa,Pct. 07,"Justice, Supreme Court",PI 6,LIB,J. David Roberson,29,0,15,14,0
Atascosa,Pct. 07,"Presiding Judge, Ct of Crim App",,REP,David J. Schenck,702,20,488,193,1
Atascosa,Pct. 07,"Presiding Judge, Ct of Crim App",,DEM,Holly Taylor,295,7,182,105,1
Atascosa,Pct. 07,"Judge, Ct of Crim App",PI 7,REP,Gina Parker,699,18,487,193,1
Atascosa,Pct. 07,"Judge, Ct of Crim App",PI 7,DEM,Nancy Mulder,292,7,182,102,1
Atascosa,Pct. 07,"Judge, Ct of Crim App",PI 8,REP,Lee Finley,706,20,486,199,1
Atascosa,Pct. 07,"Judge, Ct of Crim App",PI 8,DEM,Chika Anyiam,281,7,180,93,1
Atascosa,Pct. 07,"Member, State BoE",Dist 1,REP,Michael (Travis) Stevens,684,19,476,188,1
Atascosa,Pct. 07,"Member, State BoE",Dist 1,DEM,Gustavo Reveles,304,7,188,108,1
Atascosa,Pct. 07,State Representative,80,REP,Don McLaughlin Jr.,695,18,484,192,1
Atascosa,Pct. 07,State Representative,80,DEM,Cecilia Castellano,316,8,195,112,1
Atascosa,Pct. 07,"Justice, 4th Ct of App Dist",PI 2,DEM,Velia J. Meza,556,12,349,193,2
Atascosa,Pct. 07,"Justice, 4th Ct of App Dist",PI 3,REP,Todd McCray,674,19,477,177,1
Atascosa,Pct. 07,"Justice, 4th Ct of App Dist",PI 3,DEM,Cynthia Marie Chapa,320,9,195,115,1
Atascosa,Pct. 07,"Justice, 4th Ct of App Dist",PI 4,REP,Lori Massey Brissette,676,19,478,178,1
Atascosa,Pct. 07,"Justice, 4th Ct of App Dist",PI 4,DEM,Luz Elena Chapa,322,9,198,114,1
Atascosa,Pct. 07,"Justice, 4th Ct of App Dist",PI 5,REP,Adrian Spears,669,20,471,177,1
Atascosa,Pct. 07,"Justice, 4th Ct of App Dist",PI 5,DEM,Liza A. Rodriguez,330,7,201,121,1
Atascosa,Pct. 07,"Justice, 4th Ct of App Dist",PI 7,REP,Lori I. Valenzuela,819,21,549,247,2
Atascosa,Pct. 07,"Dist Attorney, 81st Judicial Dist",,REP,Audrey Gossett Louis,813,22,544,245,2
Atascosa,Pct. 07,County Attorney,,REP,Molly Groesbeck Solis,828,24,554,248,2
Atascosa,Pct. 07,Sheriff,,REP,Jake Guerra,845,24,556,263,2
Atascosa,Pct. 07,County Tax Assessor-Collector,,REP,Loretta Holley,841,24,562,253,2
Atascosa,Pct. 07,County Commissioner,Pct 1,REP,Mark Gillespie,858,24,571,261,2
Atascosa,Pct. 07,Constable,Pct 1,REP,Mark Medina,840,21,553,264,2
Atascosa,Pct. 08,Ballots Cast,,,,413,7,315,91,0
Atascosa,Pct. 08,Ballots Cast Blank,,,,0,0,0,0,0
Atascosa,Pct. 08,President,,REP,Donald J. Trump,309,5,234,70,0
Atascosa,Pct. 08,President,,DEM,Kamala D. Harris,97,1,75,21,0
Atascosa,Pct. 08,President,,LIB,Chase Oliver,0,0,0,0,0
Atascosa,Pct. 08,President,,GRN,Jill Stein,2,0,2,0,0
Atascosa,Pct. 08,President,,,Write-ins,1,0,1,0,0
Atascosa,Pct. 08,U.S. Senate,,REP,Ted Cruz,278,4,214,60,0
Atascosa,Pct. 08,U.S. Senate,,DEM,Colin Allred,114,3,88,23,0
Atascosa,Pct. 08,U.S. Senate,,LIB,Ted Brown,10,0,5,5,0
Atascosa,Pct. 08,U.S. Senate,,,Write-ins,0,0,0,0,0
Atascosa,Pct. 08,U.S. House,28,REP,Jay Furman,267,4,207,56,0
Atascosa,Pct. 08,U.S. House,28,DEM,Henry Cuellar,128,3,93,32,0
Atascosa,Pct. 08,Railroad Commissioner,,REP,Christi Craddick,277,5,213,59,0
Atascosa,Pct. 08,Railroad Commissioner,,DEM,Katherine Culbert,88,2,71,15,0
Atascosa,Pct. 08,Railroad Commissioner,,LIB,Hawk Dunlap,11,0,7,4,0
Atascosa,Pct. 08,Railroad Commissioner,,GRN,Eddie Espinoza,14,0,7,7,0
Atascosa,Pct. 08,Railroad Commissioner,,,Write-ins,0,0,0,0,0
Atascosa,Pct. 08,"Justice, Supreme Court",PI 2,REP,Jimmy Blacklock,297,5,225,67,0
Atascosa,Pct. 08,"Justice, Supreme Court",PI 2,DEM,DaSean Jones,89,2,69,18,0
Atascosa,Pct. 08,"Justice, Supreme Court",PI 4,REP,John Devine,284,6,216,62,0
Atascosa,Pct. 08,"Justice, Supreme Court",PI 4,DEM,Christine Vinh Weems,105,1,81,23,0
Atascosa,Pct. 08,"Justice, Supreme Court",PI 6,REP,Jane Bland,278,5,211,62,0
Atascosa,Pct. 08,"Justice, Supreme Court",PI 6,DEM,Bonnie Lee Goldstein,104,1,83,20,0
Atascosa,Pct. 08,"Justice, Supreme Court",PI 6,LIB,J. David Roberson,9,0,6,3,0
Atascosa,Pct. 08,"Presiding Judge, Ct of Crim App",,REP,David J. Schenck,287,5,218,64,0
Atascosa,Pct. 08,"Presiding Judge, Ct of Crim App",,DEM,Holly Taylor,102,1,81,20,0
Atascosa,Pct. 08,"Judge, Ct of Crim App",PI 7,REP,Gina Parker,286,7,216,63,0
Atascosa,Pct. 08,"Judge, Ct of Crim App",PI 7,DEM,Nancy Mulder,100,0,79,21,0
Atascosa,Pct. 08,"Judge, Ct of Crim App",PI 8,REP,Lee Finley,293,5,225,63,0
Atascosa,Pct. 08,"Judge, Ct of Crim App",PI 8,DEM,Chika Anyiam,94,2,72,20,0
Atascosa,Pct. 08,"Member, State BoE",Dist 1,REP,Michael (Travis) Stevens,283,6,212,65,0
Atascosa,Pct. 08,"Member, State BoE",Dist 1,DEM,Gustavo Reveles,102,1,82,19,0
Atascosa,Pct. 08,State Representative,80,REP,Don McLaughlin Jr.,282,5,216,61,0
Atascosa,Pct. 08,State Representative,80,DEM,Cecilia Castellano,110,1,83,26,0
Atascosa,Pct. 08,"Justice, 4th Ct of App Dist",PI 2,DEM,Velia J. Meza,196,2,150,44,0
Atascosa,Pct. 08,"Justice, 4th Ct of App Dist",PI 3,REP,Todd McCray,281,7,213,61,0
Atascosa,Pct. 08,"Justice, 4th Ct of App Dist",PI 3,DEM,Cynthia Marie Chapa,107,0,85,22,0
Atascosa,Pct. 08,"Justice, 4th Ct of App Dist",PI 4,REP,Lori Massey Brissette,287,5,217,65,0
Atascosa,Pct. 08,"Justice, 4th Ct of App Dist",PI 4,DEM,Luz Elena Chapa,101,1,81,19,0
Atascosa,Pct. 08,"Justice, 4th Ct of App Dist",PI 5,REP,Adrian Spears,280,5,217,58,0
Atascosa,Pct. 08,"Justice, 4th Ct of App Dist",PI 5,DEM,Liza A. Rodriguez,106,1,79,26,0
Atascosa,Pct. 08,"Justice, 4th Ct of App Dist",PI 7,REP,Lori I. Valenzuela,324,6,248,70,0
Atascosa,Pct. 08,"Dist Attorney, 81st Judicial Dist",,REP,Audrey Gossett Louis,325,7,247,71,0
Atascosa,Pct. 08,County Attorney,,REP,Molly Groesbeck Solis,330,7,251,72,0
Atascosa,Pct. 08,Sheriff,,REP,Jake Guerra,326,7,244,75,0
Atascosa,Pct. 08,County Tax Assessor-Collector,,REP,Loretta Holley,331,7,252,72,0
Atascosa,Pct. 08,County Commissioner,Pct 3,REP,"George ""Butch"" Pawelek",265,6,202,57,0
Atascosa,Pct. 08,County Commissioner,Pct 3,DEM,Eliseo Perez,126,1,98,27,0
Atascosa,Pct. 08,Constable,Pct 3,REP,Cregg M. Thompson,328,6,250,72,0
Atascosa,Pct. 09,Ballots Cast,,,,1415,37,1016,360,2
Atascosa,Pct. 09,Ballots Cast Blank,,,,0,0,0,0,0
Atascosa,Pct. 09,President,,REP,Donald J. Trump,899,14,658,227,0
Atascosa,Pct. 09,President,,DEM,Kamala D. Harris,494,23,342,127,2
Atascosa,Pct. 09,President,,LIB,Chase Oliver,10,0,8,2,0
Atascosa,Pct. 09,President,,GRN,Jill Stein,6,0,4,2,0
Atascosa,Pct. 09,President,,,Write-ins,2,0,2,0,0
Atascosa,Pct. 09,U.S. Senate,,REP,Ted Cruz,802,14,593,195,0
Atascosa,Pct. 09,U.S. Senate,,DEM,Colin Allred,543,23,378,140,2
Atascosa,Pct. 09,U.S. Senate,,LIB,Ted Brown,36,0,25,11,0
Atascosa,Pct. 09,U.S. Senate,,,Write-ins,1,0,0,1,0
Atascosa,Pct. 09,U.S. House,28,REP,Jay Furman,819,11,609,199,0
Atascosa,Pct. 09,U.S. House,28,DEM,Henry Cuellar,527,25,361,139,2
Atascosa,Pct. 09,Railroad Commissioner,,REP,Christi Craddick,818,14,610,194,0
Atascosa,Pct. 09,Railroad Commissioner,,DEM,Katherine Culbert,447,22,311,112,2
Atascosa,Pct. 09,Railroad Commissioner,,LIB,Hawk Dunlap,43,0,30,13,0
Atascosa,Pct. 09,Railroad Commissioner,,GRN,Eddie Espinoza,36,0,20,16,0
Atascosa,Pct. 09,Railroad Commissioner,,,Write-ins,0,0,0,0,0
Atascosa,Pct. 09,"Justice, Supreme Court",PI 2,REP,Jimmy Blacklock,863,14,635,214,0
Atascosa,Pct. 09,"Justice, Supreme Court",PI 2,DEM,DaSean Jones,474,22,330,120,2
Atascosa,Pct. 09,"Justice, Supreme Court",PI 4,REP,John Devine,862,14,637,211,0
Atascosa,Pct. 09,"Justice, Supreme Court",PI 4,DEM,Christine Vinh Weems,479,21,336,120,2
Atascosa,Pct. 09,"Justice, Supreme Court",PI 6,REP,Jane Bland,821,14,609,198,0
Atascosa,Pct. 09,"Justice, Supreme Court",PI 6,DEM,Bonnie Lee Goldstein,466,22,329,113,2
Atascosa,Pct. 09,"Justice, Supreme Court",PI 6,LIB,J. David Roberson,40,0,23,17,0
Atascosa,Pct. 09,"Presiding Judge, Ct of Crim App",,REP,David J. Schenck,853,15,629,209,0
Atascosa,Pct. 09,"Presiding Judge, Ct of Crim App",,DEM,Holly Taylor,474,21,332,119,2
Atascosa,Pct. 09,"Judge, Ct of Crim App",PI 7,REP,Gina Parker,852,13,624,215,0
Atascosa,Pct. 09,"Judge, Ct of Crim App",PI 7,DEM,Nancy Mulder,467,21,333,111,2
Atascosa,Pct. 09,"Judge, Ct of Crim App",PI 8,REP,Lee Finley,864,14,641,209,0
Atascosa,Pct. 09,"Judge, Ct of Crim App",PI 8,DEM,Chika Anyiam,457,21,316,118,2
Atascosa,Pct. 09,"Member, State BoE",Dist 1,REP,Michael (Travis) Stevens,846,16,623,207,0
Atascosa,Pct. 09,"Member, State BoE",Dist 1,DEM,Gustavo Reveles,475,20,335,119,1
Atascosa,Pct. 09,State Representative,80,REP,Don McLaughlin Jr.,843,15,624,204,0
Atascosa,Pct. 09,State Representative,80,DEM,Cecilia Castellano,493,21,346,124,2
Atascosa,Pct. 09,"Justice, 4th Ct of App Dist",PI 2,DEM,Velia J. Meza,755,23,523,207,2
Atascosa,Pct. 09,"Justice, 4th Ct of App Dist",PI 3,REP,Todd McCray,828,13,615,200,0
Atascosa,Pct. 09,"Justice, 4th Ct of App Dist",PI 3,DEM,Cynthia Marie Chapa,491,22,343,124,2
Atascosa,Pct. 09,"Justice, 4th Ct of App Dist",PI 4,REP,Lori Massey Brissette,838,14,623,201,0
Atascosa,Pct. 09,"Justice, 4th Ct of App Dist",PI 4,DEM,Luz Elena Chapa,483,21,337,123,2
Atascosa,Pct. 09,"Justice, 4th Ct of App Dist",PI 5,REP,Adrian Spears,820,16,609,195,0
Atascosa,Pct. 09,"Justice, 4th Ct of App Dist",PI 5,DEM,Liza A. Rodriguez,506,19,353,132,2
Atascosa,Pct. 09,"Justice, 4th Ct of App Dist",PI 7,REP,Lori I. Valenzuela,1052,19,761,272,0
Atascosa,Pct. 09,"Dist Attorney, 81st Judicial Dist",,REP,Audrey Gossett Louis,1010,18,737,255,0
Atascosa,Pct. 09,County Attorney,,REP,Molly Groesbeck Solis,1059,20,769,270,0
Atascosa,Pct. 09,Sheriff,,REP,Jake Guerra,1050,21,763,266,0
Atascosa,Pct. 09,County Tax Assessor-Collector,,REP,Loretta Holley,1054,23,770,261,0
Atascosa,Pct. 09,Constable,Pct 2,REP,Johnny Salazar,1054,24,758,272,0
Atascosa,Pct. 09,Board Member Somerset ISD,,,Robert Sanchez,260,7,180,73,0
Atascosa,Pct. 09,Board Member Somerset ISD,,,Justin Hagedorn,87,3,64,20,0
Atascosa,Pct. 10,Ballots Cast,,,,490,6,319,165,0
Atascosa,Pct. 10,Ballots Cast Blank,,,,0,0,0,0,0
Atascosa,Pct. 10,President,,REP,Donald J. Trump,338,4,221,113,0
Atascosa,Pct. 10,President,,DEM,Kamala D. Harris,148,2,95,51,0
Atascosa,Pct. 10,President,,LIB,Chase Oliver,0,0,0,0,0
Atascosa,Pct. 10,President,,GRN,Jill Stein,2,0,2,0,0
Atascosa,Pct. 10,President,,,Write-ins,1,0,0,1,0
Atascosa,Pct. 10,U.S. Senate,,REP,Ted Cruz,307,3,210,94,0
Atascosa,Pct. 10,U.S. Senate,,DEM,Colin Allred,165,3,102,60,0
Atascosa,Pct. 10,U.S. Senate,,LIB,Ted Brown,10,0,5,5,0
Atascosa,Pct. 10,U.S. Senate,,,Write-ins,0,0,0,0,0
Atascosa,Pct. 10,U.S. House,28,REP,Jay Furman,302,3,205,94,0
Atascosa,Pct. 10,U.S. House,28,DEM,Henry Cuellar,168,3,105,60,0
Atascosa,Pct. 10,Railroad Commissioner,,REP,Christi Craddick,312,3,217,92,0
Atascosa,Pct. 10,Railroad Commissioner,,DEM,Katherine Culbert,132,1,82,49,0
Atascosa,Pct. 10,Railroad Commissioner,,LIB,Hawk Dunlap,11,0,6,5,0
Atascosa,Pct. 10,Railroad Commissioner,,GRN,Eddie Espinoza,15,1,8,6,0
Atascosa,Pct. 10,Railroad Commissioner,,,Write-ins,0,0,0,0,0
Atascosa,Pct. 10,"Justice, Supreme Court",PI 2,REP,Jimmy Blacklock,332,3,224,105,0
Atascosa,Pct. 10,"Justice, Supreme Court",PI 2,DEM,DaSean Jones,135,1,87,47,0
Atascosa,Pct. 10,"Justice, Supreme Court",PI 4,REP,John Devine,320,3,222,95,0
Atascosa,Pct. 10,"Justice, Supreme Court",PI 4,DEM,Christine Vinh Weems,143,2,85,56,0
Atascosa,Pct. 10,"Justice, Supreme Court",PI 6,REP,Jane Bland,313,3,217,93,0
Atascosa,Pct. 10,"Justice, Supreme Court",PI 6,DEM,Bonnie Lee Goldstein,139,1,85,53,0
Atascosa,Pct. 10,"Justice, Supreme Court",PI 6,LIB,J. David Roberson,13,0,7,6,0
Atascosa,Pct. 10,"Presiding Judge, Ct of Crim App",,REP,David J. Schenck,319,3,222,94,0
Atascosa,Pct. 10,"Presiding Judge, Ct of Crim App",,DEM,Holly Taylor,144,1,86,57,0
Atascosa,Pct. 10,"Judge, Ct of Crim App",PI 7,REP,Gina Parker,323,2,221,100,0
Atascosa,Pct. 10,"Judge, Ct of Crim App",PI 7,DEM,Nancy Mulder,136,1,87,48,0
Atascosa,Pct. 10,"Judge, Ct of Crim App",PI 8,REP,Lee Finley,332,3,225,104,0
Atascosa,Pct. 10,"Judge, Ct of Crim App",PI 8,DEM,Chika Anyiam,131,1,82,48,0
Atascosa,Pct. 10,"Member, State BoE",Dist 1,REP,Michael (Travis) Stevens,316,3,217,96,0
Atascosa,Pct. 10,"Member, State BoE",Dist 1,DEM,Gustavo Reveles,147,1,91,55,0
Atascosa,Pct. 10,State Representative,80,REP,Don McLaughlin Jr.,321,3,222,96,0
Atascosa,Pct. 10,State Representative,80,DEM,Cecilia Castellano,150,2,90,58,0
Atascosa,Pct. 10,"Justice, 4th Ct of App Dist",PI 2,DEM,Velia J. Meza,250,0,151,99,0
Atascosa,Pct. 10,"Justice, 4th Ct of App Dist",PI 3,REP,Todd McCray,313,3,217,93,0
Atascosa,Pct. 10,"Justice, 4th Ct of App Dist",PI 3,DEM,Cynthia Marie Chapa,151,0,92,59,0
Atascosa,Pct. 10,"Justice, 4th Ct of App Dist",PI 4,REP,Lori Massey Brissette,316,3,215,98,0
Atascosa,Pct. 10,"Justice, 4th Ct of App Dist",PI 4,DEM,Luz Elena Chapa,145,0,93,52,0
Atascosa,Pct. 10,"Justice, 4th Ct of App Dist",PI 5,REP,Adrian Spears,308,3,217,88,0
Atascosa,Pct. 10,"Justice, 4th Ct of App Dist",PI 5,DEM,Liza A. Rodriguez,154,1,90,63,0
Atascosa,Pct. 10,"Justice, 4th Ct of App Dist",PI 7,REP,Lori I. Valenzuela,382,3,256,123,0
Atascosa,Pct. 10,"Dist Attorney, 81st Judicial Dist",,REP,Audrey Gossett Louis,373,3,250,120,0
Atascosa,Pct. 10,County Attorney,,REP,Molly Groesbeck Solis,388,3,259,126,0
Atascosa,Pct. 10,Sheriff,,REP,Jake Guerra,400,4,264,132,0
Atascosa,Pct. 10,County Tax Assessor-Collector,,REP,Loretta Holley,393,3,263,127,0
Atascosa,Pct. 10,County Commissioner,Pct 3,REP,"George ""Butch"" Pawelek",306,3,211,92,0
Atascosa,Pct. 10,County Commissioner,Pct 3,DEM,Eliseo Perez,166,2,100,64,0
Atascosa,Pct. 10,Constable,Pct 3,REP,Cregg M. Thompson,387,4,258,125,0
Atascosa,Pct. 11,Ballots Cast,,,,1101,13,669,417,2
Atascosa,Pct. 11,Ballots Cast Blank,,,,0,0,0,0,0
Atascosa,Pct. 11,President,,REP,Donald J. Trump,825,4,521,298,2
Atascosa,Pct. 11,President,,DEM,Kamala D. Harris,258,8,141,109,0
Atascosa,Pct. 11,President,,LIB,Chase Oliver,3,0,0,3,0
Atascosa,Pct. 11,President,,GRN,Jill Stein,6,0,3,3,0
Atascosa,Pct. 11,President,,,Write-ins,2,0,1,1,0
Atascosa,Pct. 11,U.S. Senate,,REP,Ted Cruz,752,5,485,261,1
Atascosa,Pct. 11,U.S. Senate,,DEM,Colin Allred,298,6,162,130,0
Atascosa,Pct. 11,U.S. Senate,,LIB,Ted Brown,23,0,8,15,0
Atascosa,Pct. 11,U.S. Senate,,,Write-ins,0,0,0,0,0
Atascosa,Pct. 11,U.S. House,28,REP,Jay Furman,688,4,460,222,2
Atascosa,Pct. 11,U.S. House,28,DEM,Henry Cuellar,370,9,186,175,0
Atascosa,Pct. 11,Railroad Commissioner,,REP,Christi Craddick,710,5,470,234,1
Atascosa,Pct. 11,Railroad Commissioner,,DEM,Katherine Culbert,240,6,126,108,0
Atascosa,Pct. 11,Railroad Commissioner,,LIB,Hawk Dunlap,28,0,17,11,0
Atascosa,Pct. 11,Railroad Commissioner,,GRN,Eddie Espinoza,43,0,21,22,0
Atascosa,Pct. 11,Railroad Commissioner,,,Write-ins,0,0,0,0,0
Atascosa,Pct. 11,"Justice, Supreme Court",PI 2,REP,Jimmy Blacklock,768,5,497,265,1
Atascosa,Pct. 11,"Justice, Supreme Court",PI 2,DEM,DaSean Jones,252,7,136,109,0
Atascosa,Pct. 11,"Justice, Supreme Court",PI 4,REP,John Devine,737,5,483,248,1
Atascosa,Pct. 11,"Justice, Supreme Court",PI 4,DEM,Christine Vinh Weems,283,7,151,125,0
Atascosa,Pct. 11,"Justice, Supreme Court",PI 6,REP,Jane Bland,720,5,476,238,1
Atascosa,Pct. 11,"Justice, Supreme Court",PI 6,DEM,Bonnie Lee Goldstein,259,6,130,123,0
Atascosa,Pct. 11,"Justice, Supreme Court",PI 6,LIB,J. David Roberson,25,1,16,8,0
Atascosa,Pct. 11,"Presiding Judge, Ct of Crim App",,REP,David J. Schenck,729,4,481,243,1
Atascosa,Pct. 11,"Presiding Judge, Ct of Crim App",,DEM,Holly Taylor,274,8,141,125,0
Atascosa,Pct. 11,"Judge, Ct of Crim App",PI 7,REP,Gina Parker,733,4,486,242,1
Atascosa,Pct. 11,"Judge, Ct of Crim App",PI 7,DEM,Nancy Mulder,266,8,137,121,0
Atascosa,Pct. 11,"Judge, Ct of Crim App",PI 8,REP,Lee Finley,747,5,486,255,1
Atascosa,Pct. 11,"Judge, Ct of Crim App",PI 8,DEM,Chika Anyiam,247,6,134,107,0
Atascosa,Pct. 11,"Member, State BoE",Dist 1,REP,Michael (Travis) Stevens,737,5,484,247,1
Atascosa,Pct. 11,"Member, State BoE",Dist 1,DEM,Gustavo Reveles,257,7,133,117,0
Atascosa,Pct. 11,State Representative,80,REP,Don McLaughlin Jr.,741,4,491,245,1
Atascosa,Pct. 11,State Representative,80,DEM,Cecilia Castellano,280,8,139,133,0
Atascosa,Pct. 11,"Justice, 4th Ct of App Dist",PI 2,DEM,Velia J. Meza,542,8,301,232,1
Atascosa,Pct. 11,"Justice, 4th Ct of App Dist",PI 3,REP,Todd McCray,714,4,478,231,1
Atascosa,Pct. 11,"Justice, 4th Ct of App Dist",PI 3,DEM,Cynthia Marie Chapa,276,8,141,127,0
Atascosa,Pct. 11,"Justice, 4th Ct of App Dist",PI 4,REP,Lori Massey Brissette,717,4,476,236,1
Atascosa,Pct. 11,"Justice, 4th Ct of App Dist",PI 4,DEM,Luz Elena Chapa,280,8,145,127,0
Atascosa,Pct. 11,"Justice, 4th Ct of App Dist",PI 5,REP,Adrian Spears,718,4,478,235,1
Atascosa,Pct. 11,"Justice, 4th Ct of App Dist",PI 5,DEM,Liza A. Rodriguez,274,8,141,125,0
Atascosa,Pct. 11,"Justice, 4th Ct of App Dist",PI 7,REP,Lori I. Valenzuela,846,7,544,294,1
Atascosa,Pct. 11,"Dist Attorney, 81st Judicial Dist",,REP,Audrey Gossett Louis,861,7,550,303,1
Atascosa,Pct. 11,County Attorney,,REP,Molly Groesbeck Solis,869,7,551,310,1
Atascosa,Pct. 11,Sheriff,,REP,Jake Guerra,867,8,545,313,1
Atascosa,Pct. 11,County Tax Assessor-Collector,,REP,Loretta Holley,896,8,559,328,1
Atascosa,Pct. 11,County Commissioner,Pct 3,REP,"George ""Butch"" Pawelek",599,4,400,194,1
Atascosa,Pct. 11,County Commissioner,Pct 3,DEM,Eliseo Perez,455,8,246,201,0
Atascosa,Pct. 11,Constable,Pct 3,REP,Cregg M. Thompson,938,8,581,348,1
Atascosa,Pct. 11,Mayor City of Charlotte,,,Stephen Porter,136,0,57,79,0
Atascosa,Pct. 11,Mayor City of Charlotte,,,James D. Roberts,326,4,148,174,0
Atascosa,Pct. 11,"Council Member, Place 2 City of Charlotte",,,Robert Romo,264,2,134,128,0
Atascosa,Pct. 11,"Council Member, Place 2 City of Charlotte",,,Juan Gonzalez,204,2,76,126,0
Atascosa,Pct. 11,"Council Member, Place 3 City of Charlotte",,,Matthew James Garcia,271,3,129,139,0
Atascosa,Pct. 11,"Council Member, Place 3 City of Charlotte",,,Amanda Luna,192,1,81,110,0
Atascosa,Pct. 12,Ballots Cast,,,,968,14,703,249,2
Atascosa,Pct. 12,Ballots Cast Blank,,,,0,0,0,0,0
Atascosa,Pct. 12,President,,REP,Donald J. Trump,629,6,465,156,2
Atascosa,Pct. 12,President,,DEM,Kamala D. Harris,328,8,230,90,0
Atascosa,Pct. 12,President,,LIB,Chase Oliver,2,0,1,1,0
Atascosa,Pct. 12,President,,GRN,Jill Stein,2,0,0,2,0
Atascosa,Pct. 12,President,,,Write-ins,3,0,3,0,0
Atascosa,Pct. 12,U.S. Senate,,REP,Ted Cruz,568,6,429,132,1
Atascosa,Pct. 12,U.S. Senate,,DEM,Colin Allred,345,8,242,95,0
Atascosa,Pct. 12,U.S. Senate,,LIB,Ted Brown,28,0,15,13,0
Atascosa,Pct. 12,U.S. Senate,,,Write-ins,3,0,3,0,0
Atascosa,Pct. 12,U.S. House,28,REP,Jay Furman,564,6,422,134,2
Atascosa,Pct. 12,U.S. House,28,DEM,Henry Cuellar,361,8,252,101,0
Atascosa,Pct. 12,Railroad Commissioner,,REP,Christi Craddick,579,6,439,133,1
Atascosa,Pct. 12,Railroad Commissioner,,DEM,Katherine Culbert,294,7,200,87,0
Atascosa,Pct. 12,Railroad Commissioner,,LIB,Hawk Dunlap,9,0,6,3,0
Atascosa,Pct. 12,Railroad Commissioner,,GRN,Eddie Espinoza,28,0,20,8,0
Atascosa,Pct. 12,Railroad Commissioner,,,Write-ins,3,0,3,0,0
Atascosa,Pct. 12,"Justice, Supreme Court",PI 2,REP,Jimmy Blacklock,597,6,450,140,1
Atascosa,Pct. 12,"Justice, Supreme Court",PI 2,DEM,DaSean Jones,313,7,217,89,0
Atascosa,Pct. 12,"Justice, Supreme Court",PI 4,REP,John Devine,592,6,446,139,1
Atascosa,Pct. 12,"Justice, Supreme Court",PI 4,DEM,Christine Vinh Weems,318,7,219,92,0
Atascosa,Pct. 12,"Justice, Supreme Court",PI 6,REP,Jane Bland,583,6,441,135,1
Atascosa,Pct. 12,"Justice, Supreme Court",PI 6,DEM,Bonnie Lee Goldstein,310,7,217,86,0
Atascosa,Pct. 12,"Justice, Supreme Court",PI 6,LIB,J. David Roberson,21,0,9,12,0
Atascosa,Pct. 12,"Presiding Judge, Ct of Crim App",,REP,David J. Schenck,585,6,441,137,1
Atascosa,Pct. 12,"Presiding Judge, Ct of Crim App",,DEM,Holly Taylor,325,7,223,95,0
Atascosa,Pct. 12,"Judge, Ct of Crim App",PI 7,REP,Gina Parker,597,6,448,142,1
Atascosa,Pct. 12,"Judge, Ct of Crim App",PI 7,DEM,Nancy Mulder,310,6,216,88,0
Atascosa,Pct. 12,"Judge, Ct of Crim App",PI 8,REP,Lee Finley,614,6,462,145,1
Atascosa,Pct. 12,"Judge, Ct of Crim App",PI 8,DEM,Chika Anyiam,293,7,201,85,0
Atascosa,Pct. 12,"Member, State BoE",Dist 1,REP,Michael (Travis) Stevens,594,6,449,138,1
Atascosa,Pct. 12,"Member, State BoE",Dist 1,DEM,Gustavo Reveles,316,6,217,93,0
Atascosa,Pct. 12,State Representative,80,REP,Don McLaughlin Jr.,601,6,455,139,1
Atascosa,Pct. 12,State Representative,80,DEM,Cecilia Castellano,322,8,218,96,0
Atascosa,Pct. 12,"Justice, 4th Ct of App Dist",PI 2,DEM,Velia J. Meza,521,7,356,158,0
Atascosa,Pct. 12,"Justice, 4th Ct of App Dist",PI 3,REP,Todd McCray,579,6,436,136,1
Atascosa,Pct. 12,"Justice, 4th Ct of App Dist",PI 3,DEM,Cynthia Marie Chapa,330,8,227,95,0
Atascosa,Pct. 12,"Justice, 4th Ct of App Dist",PI 4,REP,Lori Massey Brissette,582,6,441,134,1
Atascosa,Pct. 12,"Justice, 4th Ct of App Dist",PI 4,DEM,Luz Elena Chapa,326,8,222,96,0
Atascosa,Pct. 12,"Justice, 4th Ct of App Dist",PI 5,REP,Adrian Spears,581,6,436,138,1
Atascosa,Pct. 12,"Justice, 4th Ct of App Dist",PI 5,DEM,Liza A. Rodriguez,336,8,231,97,0
Atascosa,Pct. 12,"Justice, 4th Ct of App Dist",PI 7,REP,Lori I. Valenzuela,741,9,540,191,1
Atascosa,Pct. 12,"Dist Attorney, 81st Judicial Dist",,REP,Audrey Gossett Louis,720,8,525,186,1
Atascosa,Pct. 12,County Attorney,,REP,Molly Groesbeck Solis,742,9,546,186,1
Atascosa,Pct. 12,Sheriff,,REP,Jake Guerra,731,9,537,184,1
Atascosa,Pct. 12,County Tax Assessor-Collector,,REP,Loretta Holley,756,9,555,191,1
Atascosa,Pct. 12,Constable,Pct 2,REP,Johnny Salazar,712,8,518,184,2
Atascosa,Pct. 13,Ballots Cast,,,,1695,57,1347,289,2
Atascosa,Pct. 13,Ballots Cast Blank,,,,0,0,0,0,0
Atascosa,Pct. 13,President,,REP,Donald J. Trump,1329,26,1077,225,1
Atascosa,Pct. 13,President,,DEM,Kamala D. Harris,344,27,257,59,1
Atascosa,Pct. 13,President,,LIB,Chase Oliver,7,0,5,2,0
Atascosa,Pct. 13,President,,GRN,Jill Stein,7,1,4,2,0
Atascosa,Pct. 13,President,,,Write-ins,1,0,0,1,0
Atascosa,Pct. 13,U.S. Senate,,REP,Ted Cruz,1231,26,1010,194,1
Atascosa,Pct. 13,U.S. Senate,,DEM,Colin Allred,402,31,298,72,1
Atascosa,Pct. 13,U.S. Senate,,LIB,Ted Brown,34,0,23,11,0
Atascosa,Pct. 13,U.S. Senate,,,Write-ins,2,0,0,2,0
Atascosa,Pct. 13,U.S. House,28,REP,Jay Furman,1196,24,987,184,1
Atascosa,Pct. 13,U.S. House,28,DEM,Henry Cuellar,439,30,318,90,1
Atascosa,Pct. 13,Railroad Commissioner,,REP,Christi Craddick,1218,27,1000,190,1
Atascosa,Pct. 13,Railroad Commissioner,,DEM,Katherine Culbert,308,29,229,49,1
Atascosa,Pct. 13,Railroad Commissioner,,LIB,Hawk Dunlap,49,0,36,13,0
Atascosa,Pct. 13,Railroad Commissioner,,GRN,Eddie Espinoza,42,0,27,15,0
Atascosa,Pct. 13,Railroad Commissioner,,,Write-ins,1,0,1,0,0
Atascosa,Pct. 13,"Justice, Supreme Court",PI 2,REP,Jimmy Blacklock,1278,26,1057,194,1
Atascosa,Pct. 13,"Justice, Supreme Court",PI 2,DEM,DaSean Jones,333,29,232,71,1
Atascosa,Pct. 13,"Justice, Supreme Court",PI 4,REP,John Devine,1252,26,1032,193,1
Atascosa,Pct. 13,"Justice, Supreme Court",PI 4,DEM,Christine Vinh Weems,351,28,252,70,1
Atascosa,Pct. 13,"Justice, Supreme Court",PI 6,REP,Jane Bland,1228,26,1009,192,1
Atascosa,Pct. 13,"Justice, Supreme Court",PI 6,DEM,Bonnie Lee Goldstein,343,29,254,59,1
Atascosa,Pct. 13,"Justice, Supreme Court",PI 6,LIB,J. David Roberson,43,0,32,11,0
Atascosa,Pct. 13,"Presiding Judge, Ct of Crim App",,REP,David J. Schenck,1249,26,1029,193,1
Atascosa,Pct. 13,"Presiding Judge, Ct of Crim App",,DEM,Holly Taylor,355,29,259,66,1
Atascosa,Pct. 13,"Judge, Ct of Crim App",PI 7,REP,Gina Parker,1262,25,1033,203,1
Atascosa,Pct. 13,"Judge, Ct of Crim App",PI 7,DEM,Nancy Mulder,341,28,255,57,1
Atascosa,Pct. 13,"Judge, Ct of Crim App",PI 8,REP,Lee Finley,1280,27,1049,203,1
Atascosa,Pct. 13,"Judge, Ct of Crim App",PI 8,DEM,Chika Anyiam,318,26,237,54,1
Atascosa,Pct. 13,"Member, State BoE",Dist 1,REP,Michael (Travis) Stevens,1246,27,1026,192,1
Atascosa,Pct. 13,"Member, State BoE",Dist 1,DEM,Gustavo Reveles,348,27,252,68,1
Atascosa,Pct. 13,State Representative,80,REP,Don McLaughlin Jr.,1254,27,1027,199,1
Atascosa,Pct. 13,State Representative,80,DEM,Cecilia Castellano,357,28,262,66,1
Atascosa,Pct. 13,"Justice, 4th Ct of App Dist",PI 2,DEM,Velia J. Meza,773,31,586,155,1
Atascosa,Pct. 13,"Justice, 4th Ct of App Dist",PI 3,REP,Todd McCray,1234,28,1015,190,1
Atascosa,Pct. 13,"Justice, 4th Ct of App Dist",PI 3,DEM,Cynthia Marie Chapa,360,27,261,71,1
Atascosa,Pct. 13,"Justice, 4th Ct of App Dist",PI 4,REP,Lori Massey Brissette,1249,27,1025,196,1
Atascosa,Pct. 13,"Justice, 4th Ct of App Dist",PI 4,DEM,Luz Elena Chapa,344,28,252,63,1
Atascosa,Pct. 13,"Justice, 4th Ct of App Dist",PI 5,REP,Adrian Spears,1230,29,1011,189,1
Atascosa,Pct. 13,"Justice, 4th Ct of App Dist",PI 5,DEM,Liza A. Rodriguez,362,26,267,68,1
Atascosa,Pct. 13,"Justice, 4th Ct of App Dist",PI 7,REP,Lori I. Valenzuela,1379,30,1113,235,1
Atascosa,Pct. 13,"Dist Attorney, 81st Judicial Dist",,REP,Audrey Gossett Louis,1373,29,1109,233,2
Atascosa,Pct. 13,County Attorney,,REP,Molly Groesbeck Solis,1409,30,1142,236,1
Atascosa,Pct. 13,Sheriff,,REP,Jake Guerra,1376,32,1103,240,1
Atascosa,Pct. 13,County Tax Assessor-Collector,,REP,Loretta Holley,1394,32,1121,240,1
Atascosa,Pct. 13,County Commissioner,Pct 3,REP,"George ""Butch"" Pawelek",1090,27,894,168,1
Atascosa,Pct. 13,County Commissioner,Pct 3,DEM,Eliseo Perez,513,28,391,93,1
Atascosa,Pct. 13,Constable,Pct 3,REP,Cregg M. Thompson,1388,29,1121,237,1
Atascosa,Pct. 13,Mayor City of Jourdanton,,,"Robert ""Doc"" Williams",552,14,431,107,0
Atascosa,Pct. 13,Mayor City of Jourdanton,,,"""Patsy"" Patricia J. Elizabeth Tymrak-Daughtrey",424,23,319,81,1
Atascosa,Pct. 14,Ballots Cast,,,,145,1,124,20,0
Atascosa,Pct. 14,Ballots Cast Blank,,,,0,0,0,0,0
Atascosa,Pct. 14,President,,REP,Donald J. Trump,127,1,112,14,0
Atascosa,Pct. 14,President,,DEM,Kamala D. Harris,18,0,12,6,0
Atascosa,Pct. 14,President,,LIB,Chase Oliver,0,0,0,0,0
Atascosa,Pct. 14,President,,GRN,Jill Stein,0,0,0,0,0
Atascosa,Pct. 14,President,,,Write-ins,0,0,0,0,0
Atascosa,Pct. 14,U.S. Senate,,REP,Ted Cruz,124,1,110,13,0
Atascosa,Pct. 14,U.S. Senate,,DEM,Colin Allred,20,0,13,7,0
Atascosa,Pct. 14,U.S. Senate,,LIB,Ted Brown,0,0,0,0,0
Atascosa,Pct. 14,U.S. Senate,,,Write-ins,0,0,0,0,0
Atascosa,Pct. 14,U.S. House,28,REP,Jay Furman,115,1,102,12,0
Atascosa,Pct. 14,U.S. House,28,DEM,Henry Cuellar,25,0,17,8,0
Atascosa,Pct. 14,Railroad Commissioner,,REP,Christi Craddick,119,1,105,13,0
Atascosa,Pct. 14,Railroad Commissioner,,DEM,Katherine Culbert,16,0,10,6,0
Atascosa,Pct. 14,Railroad Commissioner,,LIB,Hawk Dunlap,4,0,3,1,0
Atascosa,Pct. 14,Railroad Commissioner,,GRN,Eddie Espinoza,2,0,2,0,0
Atascosa,Pct. 14,Railroad Commissioner,,,Write-ins,0,0,0,0,0
Atascosa,Pct. 14,"Justice, Supreme Court",PI 2,REP,Jimmy Blacklock,124,1,111,12,0
Atascosa,Pct. 14,"Justice, Supreme Court",PI 2,DEM,DaSean Jones,17,0,9,8,0
Atascosa,Pct. 14,"Justice, Supreme Court",PI 4,REP,John Devine,124,1,110,13,0
Atascosa,Pct. 14,"Justice, Supreme Court",PI 4,DEM,Christine Vinh Weems,18,0,11,7,0
Atascosa,Pct. 14,"Justice, Supreme Court",PI 6,REP,Jane Bland,120,1,108,11,0
Atascosa,Pct. 14,"Justice, Supreme Court",PI 6,DEM,Bonnie Lee Goldstein,20,0,12,8,0
Atascosa,Pct. 14,"Justice, Supreme Court",PI 6,LIB,J. David Roberson,0,0,0,0,0
Atascosa,Pct. 14,"Presiding Judge, Ct of Crim App",,REP,David J. Schenck,121,1,109,11,0
Atascosa,Pct. 14,"Presiding Judge, Ct of Crim App",,DEM,Holly Taylor,18,0,10,8,0
Atascosa,Pct. 14,"Judge, Ct of Crim App",PI 7,REP,Gina Parker,118,1,106,11,0
Atascosa,Pct. 14,"Judge, Ct of Crim App",PI 7,DEM,Nancy Mulder,18,0,10,8,0
Atascosa,Pct. 14,"Judge, Ct of Crim App",PI 8,REP,Lee Finley,119,1,107,11,0
Atascosa,Pct. 14,"Judge, Ct of Crim App",PI 8,DEM,Chika Anyiam,17,0,10,7,0
Atascosa,Pct. 14,"Member, State BoE",Dist 1,REP,Michael (Travis) Stevens,118,1,106,11,0
Atascosa,Pct. 14,"Member, State BoE",Dist 1,DEM,Gustavo Reveles,17,0,9,8,0
Atascosa,Pct. 14,State Representative,80,REP,Don McLaughlin Jr.,119,1,107,11,0
Atascosa,Pct. 14,State Representative,80,DEM,Cecilia Castellano,19,0,11,8,0
Atascosa,Pct. 14,"Justice, 4th Ct of App Dist",PI 2,DEM,Velia J. Meza,56,0,46,10,0
Atascosa,Pct. 14,"Justice, 4th Ct of App Dist",PI 3,REP,Todd McCray,114,1,104,9,0
Atascosa,Pct. 14,"Justice, 4th Ct of App Dist",PI 3,DEM,Cynthia Marie Chapa,21,0,12,9,0
Atascosa,Pct. 14,"Justice, 4th Ct of App Dist",PI 4,REP,Lori Massey Brissette,115,1,105,9,0
Atascosa,Pct. 14,"Justice, 4th Ct of App Dist",PI 4,DEM,Luz Elena Chapa,20,0,11,9,0
Atascosa,Pct. 14,"Justice, 4th Ct of App Dist",PI 5,REP,Adrian Spears,115,1,104,10,0
Atascosa,Pct. 14,"Justice, 4th Ct of App Dist",PI 5,DEM,Liza A. Rodriguez,21,0,13,8,0
Atascosa,Pct. 14,"Justice, 4th Ct of App Dist",PI 7,REP,Lori I. Valenzuela,123,1,109,13,0
Atascosa,Pct. 14,"Dist Attorney, 81st Judicial Dist",,REP,Audrey Gossett Louis,119,1,105,13,0
Atascosa,Pct. 14,County Attorney,,REP,Molly Groesbeck Solis,124,1,109,14,0
Atascosa,Pct. 14,Sheriff,,REP,Jake Guerra,120,1,104,15,0
Atascosa,Pct. 14,County Tax Assessor-Collector,,REP,Loretta Holley,128,1,111,16,0
Atascosa,Pct. 14,County Commissioner,Pct 3,REP,"George ""Butch"" Pawelek",86,1,76,9,0
Atascosa,Pct. 14,County Commissioner,Pct 3,DEM,Eliseo Perez,54,0,43,11,0
Atascosa,Pct. 14,Constable,Pct 3,REP,Cregg M. Thompson,127,1,112,14,0
Atascosa,Pct. 15,Ballots Cast,,,,1366,41,948,377,0
Atascosa,Pct. 15,Ballots Cast Blank,,,,0,0,0,0,0
Atascosa,Pct. 15,President,,REP,Donald J. Trump,923,14,666,243,0
Atascosa,Pct. 15,President,,DEM,Kamala D. Harris,424,27,271,126,0
Atascosa,Pct. 15,President,,LIB,Chase Oliver,9,0,5,4,0
Atascosa,Pct. 15,President,,GRN,Jill Stein,5,0,2,3,0
Atascosa,Pct. 15,President,,,Write-ins,2,0,2,0,0
Atascosa,Pct. 15,U.S. Senate,,REP,Ted Cruz,829,11,619,199,0
Atascosa,Pct. 15,U.S. Senate,,DEM,Colin Allred,461,29,289,143,0
Atascosa,Pct. 15,U.S. Senate,,LIB,Ted Brown,41,0,26,15,0
Atascosa,Pct. 15,U.S. Senate,,,Write-ins,0,0,0,0,0
Atascosa,Pct. 15,U.S. House,28,REP,Jay Furman,814,8,609,197,0
Atascosa,Pct. 15,U.S. House,28,DEM,Henry Cuellar,508,32,323,153,0
Atascosa,Pct. 15,Railroad Commissioner,,REP,Christi Craddick,824,9,614,201,0
Atascosa,Pct. 15,Railroad Commissioner,,DEM,Katherine Culbert,384,27,233,124,0
Atascosa,Pct. 15,Railroad Commissioner,,LIB,Hawk Dunlap,28,0,19,9,0
Atascosa,Pct. 15,Railroad Commissioner,,GRN,Eddie Espinoza,61,0,49,12,0
Atascosa,Pct. 15,Railroad Commissioner,,,Write-ins,1,0,1,0,0
Atascosa,Pct. 15,"Justice, Supreme Court",PI 2,REP,Jimmy Blacklock,880,11,658,211,0
Atascosa,Pct. 15,"Justice, Supreme Court",PI 2,DEM,DaSean Jones,411,26,255,130,0
Atascosa,Pct. 15,"Justice, Supreme Court",PI 4,REP,John Devine,862,11,637,214,0
Atascosa,Pct. 15,"Justice, Supreme Court",PI 4,DEM,Christine Vinh Weems,423,26,270,127,0
Atascosa,Pct. 15,"Justice, Supreme Court",PI 6,REP,Jane Bland,834,10,626,198,0
Atascosa,Pct. 15,"Justice, Supreme Court",PI 6,DEM,Bonnie Lee Goldstein,414,26,267,121,0
Atascosa,Pct. 15,"Justice, Supreme Court",PI 6,LIB,J. David Roberson,32,1,18,13,0
Atascosa,Pct. 15,"Presiding Judge, Ct of Crim App",,REP,David J. Schenck,848,11,632,205,0
Atascosa,Pct. 15,"Presiding Judge, Ct of Crim App",,DEM,Holly Taylor,427,27,277,123,0
Atascosa,Pct. 15,"Judge, Ct of Crim App",PI 7,REP,Gina Parker,850,11,632,207,0
Atascosa,Pct. 15,"Judge, Ct of Crim App",PI 7,DEM,Nancy Mulder,419,27,271,121,0
Atascosa,Pct. 15,"Judge, Ct of Crim App",PI 8,REP,Lee Finley,857,11,642,204,0
Atascosa,Pct. 15,"Judge, Ct of Crim App",PI 8,DEM,Chika Anyiam,413,26,261,126,0
Atascosa,Pct. 15,"Member, State BoE",Dist 1,REP,Michael (Travis) Stevens,845,12,629,204,0
Atascosa,Pct. 15,"Member, State BoE",Dist 1,DEM,Gustavo Reveles,432,27,276,129,0
Atascosa,Pct. 15,State Representative,80,REP,Don McLaughlin Jr.,866,12,645,209,0
Atascosa,Pct. 15,State Representative,80,DEM,Cecilia Castellano,425,26,272,127,0
Atascosa,Pct. 15,"Justice, 4th Ct of App Dist",PI 2,DEM,Velia J. Meza,724,29,481,214,0
Atascosa,Pct. 15,"Justice, 4th Ct of App Dist",PI 3,REP,Todd McCray,819,11,614,194,0
Atascosa,Pct. 15,"Justice, 4th Ct of App Dist",PI 3,DEM,Cynthia Marie Chapa,459,28,293,138,0
Atascosa,Pct. 15,"Justice, 4th Ct of App Dist",PI 4,REP,Lori Massey Brissette,819,11,614,194,0
Atascosa,Pct. 15,"Justice, 4th Ct of App Dist",PI 4,DEM,Luz Elena Chapa,457,28,290,139,0
Atascosa,Pct. 15,"Justice, 4th Ct of App Dist",PI 5,REP,Adrian Spears,820,11,611,198,0
Atascosa,Pct. 15,"Justice, 4th Ct of App Dist",PI 5,DEM,Liza A. Rodriguez,452,27,291,134,0
Atascosa,Pct. 15,"Justice, 4th Ct of App Dist",PI 7,REP,Lori I. Valenzuela,1037,17,755,265,0
Atascosa,Pct. 15,"Dist Attorney, 81st Judicial Dist",,REP,Audrey Gossett Louis,1051,19,759,273,0
Atascosa,Pct. 15,County Attorney,,REP,Molly Groesbeck Solis,1062,19,767,276,0
Atascosa,Pct. 15,Sheriff,,REP,Jake Guerra,1084,19,778,287,0
Atascosa,Pct. 15,County Tax Assessor-Collector,,REP,Loretta Holley,1089,21,783,285,0
Atascosa,Pct. 15,County Commissioner,Pct 1,REP,Mark Gillespie,1088,21,780,287,0
Atascosa,Pct. 15,Constable,Pct 1,REP,Mark Medina,1072,19,777,276,0
Atascosa,Pct. 17,Ballots Cast,,,,1023,21,673,329,0
Atascosa,Pct. 17,Ballots Cast Blank,,,,0,0,0,0,0
Atascosa,Pct. 17,President,,REP,Donald J. Trump,576,12,380,184,0
Atascosa,Pct. 17,President,,DEM,Kamala D. Harris,430,9,281,140,0
Atascosa,Pct. 17,President,,LIB,Chase Oliver,5,0,3,2,0
Atascosa,Pct. 17,President,,GRN,Jill Stein,6,0,5,1,0
Atascosa,Pct. 17,President,,,Write-ins,0,0,0,0,0
Atascosa,Pct. 17,U.S. Senate,,REP,Ted Cruz,478,12,330,136,0
Atascosa,Pct. 17,U.S. Senate,,DEM,Colin Allred,487,8,315,164,0
Atascosa,Pct. 17,U.S. Senate,,LIB,Ted Brown,27,1,10,16,0
Atascosa,Pct. 17,U.S. Senate,,,Write-ins,0,0,0,0,0
Atascosa,Pct. 17,U.S. House,28,REP,Jay Furman,460,11,312,137,0
Atascosa,Pct. 17,U.S. House,28,DEM,Henry Cuellar,510,10,327,173,0
Atascosa,Pct. 17,Railroad Commissioner,,REP,Christi Craddick,472,11,319,142,0
Atascosa,Pct. 17,Railroad Commissioner,,DEM,Katherine Culbert,406,10,267,129,0
Atascosa,Pct. 17,Railroad Commissioner,,LIB,Hawk Dunlap,20,0,8,12,0
Atascosa,Pct. 17,Railroad Commissioner,,GRN,Eddie Espinoza,50,0,34,16,0
Atascosa,Pct. 17,Railroad Commissioner,,,Write-ins,0,0,0,0,0
Atascosa,Pct. 17,"Justice, Supreme Court",PI 2,REP,Jimmy Blacklock,508,12,344,152,0
Atascosa,Pct. 17,"Justice, Supreme Court",PI 2,DEM,DaSean Jones,434,9,279,146,0
Atascosa,Pct. 17,"Justice, Supreme Court",PI 4,REP,John Devine,488,12,333,143,0
Atascosa,Pct. 17,"Justice, Supreme Court",PI 4,DEM,Christine Vinh Weems,451,9,289,153,0
Atascosa,Pct. 17,"Justice, Supreme Court",PI 6,REP,Jane Bland,466,12,318,136,0
Atascosa,Pct. 17,"Justice, Supreme Court",PI 6,DEM,Bonnie Lee Goldstein,445,9,295,141,0
Atascosa,Pct. 17,"Justice, Supreme Court",PI 6,LIB,J. David Roberson,27,0,15,12,0
Atascosa,Pct. 17,"Presiding Judge, Ct of Crim App",,REP,David J. Schenck,481,12,324,145,0
Atascosa,Pct. 17,"Presiding Judge, Ct of Crim App",,DEM,Holly Taylor,455,9,302,144,0
Atascosa,Pct. 17,"Judge, Ct of Crim App",PI 7,REP,Gina Parker,487,12,336,139,0
Atascosa,Pct. 17,"Judge, Ct of Crim App",PI 7,DEM,Nancy Mulder,449,9,290,150,0
Atascosa,Pct. 17,"Judge, Ct of Crim App",PI 8,REP,Lee Finley,506,12,347,147,0
Atascosa,Pct. 17,"Judge, Ct of Crim App",PI 8,DEM,Chika Anyiam,423,9,275,139,0
Atascosa,Pct. 17,"Member, State BoE",Dist 1,REP,Michael (Travis) Stevens,483,13,327,143,0
Atascosa,Pct. 17,"Member, State BoE",Dist 1,DEM,Gustavo Reveles,449,8,295,146,0
Atascosa,Pct. 17,State Representative,80,REP,Don McLaughlin Jr.,497,12,336,149,0
Atascosa,Pct. 17,State Representative,80,DEM,Cecilia Castellano,458,9,298,151,0
Atascosa,Pct. 17,"Justice, 4th Ct of App Dist",PI 2,DEM,Velia J. Meza,650,11,419,220,0
Atascosa,Pct. 17,"Justice, 4th Ct of App Dist",PI 3,REP,Todd McCray,469,12,321,136,0
Atascosa,Pct. 17,"Justice, 4th Ct of App Dist",PI 3,DEM,Cynthia Marie Chapa,459,9,298,152,0
Atascosa,Pct. 17,"Justice, 4th Ct of App Dist",PI 4,REP,Lori Massey Brissette,461,12,317,132,0
Atascosa,Pct. 17,"Justice, 4th Ct of App Dist",PI 4,DEM,Luz Elena Chapa,467,9,302,156,0
Atascosa,Pct. 17,"Justice, 4th Ct of App Dist",PI 5,REP,Adrian Spears,464,12,315,137,0
Atascosa,Pct. 17,"Justice, 4th Ct of App Dist",PI 5,DEM,Liza A. Rodriguez,463,9,302,152,0
Atascosa,Pct. 17,"Justice, 4th Ct of App Dist",PI 7,REP,Lori I. Valenzuela,670,12,441,217,0
Atascosa,Pct. 17,"Dist Attorney, 81st Judicial Dist",,REP,Audrey Gossett Louis,675,13,445,217,0
Atascosa,Pct. 17,County Attorney,,REP,Molly Groesbeck Solis,735,14,482,239,0
Atascosa,Pct. 17,Sheriff,,REP,Jake Guerra,746,18,480,248,0
Atascosa,Pct. 17,County Tax Assessor-Collector,,REP,Loretta Holley,731,17,480,234,0
Atascosa,Pct. 17,County Commissioner,Pct 3,REP,"George ""Butch"" Pawelek",452,12,301,139,0
Atascosa,Pct. 17,County Commissioner,Pct 3,DEM,Eliseo Perez,502,9,327,166,0
Atascosa,Pct. 17,Constable,Pct 3,REP,Cregg M. Thompson,687,15,443,229,0
Atascosa,Pct. 18,Ballots Cast,,,,1101,13,669,417,2
Atascosa,Pct. 18,Ballots Cast Blank,,,,0,0,0,0,0
Atascosa,Pct. 18,President,,REP,Donald J. Trump,825,4,521,298,2
Atascosa,Pct. 18,President,,DEM,Kamala D. Harris,258,8,141,109,0
Atascosa,Pct. 18,President,,LIB,Chase Oliver,3,0,0,3,0
Atascosa,Pct. 18,President,,GRN,Jill Stein,6,0,3,3,0
Atascosa,Pct. 18,President,,,Write-ins,2,0,1,1,0
Atascosa,Pct. 18,U.S. Senate,,REP,Ted Cruz,752,5,485,261,1
Atascosa,Pct. 18,U.S. Senate,,DEM,Colin Allred,298,6,162,130,0
Atascosa,Pct. 18,U.S. Senate,,LIB,Ted Brown,23,0,8,15,0
Atascosa,Pct. 18,U.S. Senate,,,Write-ins,0,0,0,0,0
Atascosa,Pct. 18,U.S. House,28,REP,Jay Furman,688,4,460,222,2
Atascosa,Pct. 18,U.S. House,28,DEM,Henry Cuellar,370,9,186,175,0
Atascosa,Pct. 18,Railroad Commissioner,,REP,Christi Craddick,710,5,470,234,1
Atascosa,Pct. 18,Railroad Commissioner,,DEM,Katherine Culbert,240,6,126,108,0
Atascosa,Pct. 18,Railroad Commissioner,,LIB,Hawk Dunlap,28,0,17,11,0
Atascosa,Pct. 18,Railroad Commissioner,,GRN,Eddie Espinoza,43,0,21,22,0
Atascosa,Pct. 18,Railroad Commissioner,,,Write-ins,0,0,0,0,0
Atascosa,Pct. 18,"Justice, Supreme Court",PI 2,REP,Jimmy Blacklock,768,5,497,265,1
Atascosa,Pct. 18,"Justice, Supreme Court",PI 2,DEM,DaSean Jones,252,7,136,109,0
Atascosa,Pct. 18,"Justice, Supreme Court",PI 4,REP,John Devine,737,5,483,248,1
Atascosa,Pct. 18,"Justice, Supreme Court",PI 4,DEM,Christine Vinh Weems,283,7,151,125,0
Atascosa,Pct. 18,"Justice, Supreme Court",PI 6,REP,Jane Bland,720,5,476,238,1
Atascosa,Pct. 18,"Justice, Supreme Court",PI 6,DEM,Bonnie Lee Goldstein,259,6,130,123,0
Atascosa,Pct. 18,"Justice, Supreme Court",PI 6,LIB,J. David Roberson,25,1,16,8,0
Atascosa,Pct. 18,"Presiding Judge, Ct of Crim App",,REP,David J. Schenck,729,4,481,243,1
Atascosa,Pct. 18,"Presiding Judge, Ct of Crim App",,DEM,Holly Taylor,274,8,141,125,0
Atascosa,Pct. 18,"Judge, Ct of Crim App",PI 7,REP,Gina Parker,733,4,486,242,1
Atascosa,Pct. 18,"Judge, Ct of Crim App",PI 7,DEM,Nancy Mulder,266,8,137,121,0
Atascosa,Pct. 18,"Judge, Ct of Crim App",PI 8,REP,Lee Finley,747,5,486,255,1
Atascosa,Pct. 18,"Judge, Ct of Crim App",PI 8,DEM,Chika Anyiam,247,6,134,107,0
Atascosa,Pct. 18,"Member, State BoE",Dist 1,REP,Michael (Travis) Stevens,737,5,484,247,1
Atascosa,Pct. 18,"Member, State BoE",Dist 1,DEM,Gustavo Reveles,257,7,133,117,0
Atascosa,Pct. 18,State Representative,80,REP,Don McLaughlin Jr.,741,4,491,245,1
Atascosa,Pct. 18,State Representative,80,DEM,Cecilia Castellano,280,8,139,133,0
Atascosa,Pct. 18,"Justice, 4th Ct of App Dist",PI 2,DEM,Velia J. Meza,542,8,301,232,1
Atascosa,Pct. 18,"Justice, 4th Ct of App Dist",PI 3,REP,Todd McCray,714,4,478,231,1
Atascosa,Pct. 18,"Justice, 4th Ct of App Dist",PI 3,DEM,Cynthia Marie Chapa,276,8,141,127,0
Atascosa,Pct. 18,"Justice, 4th Ct of App Dist",PI 4,REP,Lori Massey Brissette,717,4,476,236,1
Atascosa,Pct. 18,"Justice, 4th Ct of App Dist",PI 4,DEM,Luz Elena Chapa,280,8,145,127,0
Atascosa,Pct. 18,"Justice, 4th Ct of App Dist",PI 5,REP,Adrian Spears,718,4,478,235,1
Atascosa,Pct. 18,"Justice, 4th Ct of App Dist",PI 5,DEM,Liza A. Rodriguez,274,8,141,125,0
Atascosa,Pct. 18,"Justice, 4th Ct of App Dist",PI 7,REP,Lori I. Valenzuela,846,7,544,294,1
Atascosa,Pct. 18,"Dist Attorney, 81st Judicial Dist",,REP,Audrey Gossett Louis,861,7,550,303,1
Atascosa,Pct. 18,County Attorney,,REP,Molly Groesbeck Solis,869,7,551,310,1
Atascosa,Pct. 18,Sheriff,,REP,Jake Guerra,867,8,545,313,1
Atascosa,Pct. 18,County Tax Assessor-Collector,,REP,Loretta Holley,896,8,559,328,1
Atascosa,Pct. 18,County Commissioner,Pct 3,REP,"George ""Butch"" Pawelek",599,4,400,194,1
Atascosa,Pct. 18,County Commissioner,Pct 3,DEM,Eliseo Perez,455,8,246,201,0
Atascosa,Pct. 18,Constable,Pct 3,REP,Cregg M. Thompson,938,8,581,348,1
Atascosa,Pct. 18,Mayor City of Charlotte,,,Stephen Porter,136,0,57,79,0
Atascosa,Pct. 18,Mayor City of Charlotte,,,James D. Roberts,326,4,148,174,0
Atascosa,Pct. 18,"Council Member, Place 2 City of Charlotte",,,Robert Romo,264,2,134,128,0
Atascosa,Pct. 18,"Council Member, Place 2 City of Charlotte",,,Juan Gonzalez,204,2,76,126,0
Atascosa,Pct. 18,"Council Member, Place 3 City of Charlotte",,,Matthew James Garcia,271,3,129,139,0
Atascosa,Pct. 18,"Council Member, Place 3 City of Charlotte",,,Amanda Luna,192,1,81,110,0
Atascosa,Pct. 19,Ballots Cast,,,,303,9,216,78,0
Atascosa,Pct. 19,Ballots Cast Blank,,,,0,0,0,0,0
Atascosa,Pct. 19,President,,REP,Donald J. Trump,236,4,169,63,0
Atascosa,Pct. 19,President,,DEM,Kamala D. Harris,61,5,45,11,0
Atascosa,Pct. 19,President,,LIB,Chase Oliver,2,0,2,0,0
Atascosa,Pct. 19,President,,GRN,Jill Stein,1,0,0,1,0
Atascosa,Pct. 19,President,,,Write-ins,2,0,0,2,0
Atascosa,Pct. 19,U.S. Senate,,REP,Ted Cruz,212,3,155,54,0
Atascosa,Pct. 19,U.S. Senate,,DEM,Colin Allred,74,6,52,16,0
Atascosa,Pct. 19,U.S. Senate,,LIB,Ted Brown,11,0,4,7,0
Atascosa,Pct. 19,U.S. Senate,,,Write-ins,0,0,0,0,0
Atascosa,Pct. 19,U.S. House,28,REP,Jay Furman,207,3,144,60,0
Atascosa,Pct. 19,U.S. House,28,DEM,Henry Cuellar,85,6,61,18,0
Atascosa,Pct. 19,Railroad Commissioner,,REP,Christi Craddick,208,4,148,56,0
Atascosa,Pct. 19,Railroad Commissioner,,DEM,Katherine Culbert,62,5,45,12,0
Atascosa,Pct. 19,Railroad Commissioner,,LIB,Hawk Dunlap,13,0,8,5,0
Atascosa,Pct. 19,Railroad Commissioner,,GRN,Eddie Espinoza,6,0,4,2,0
Atascosa,Pct. 19,Railroad Commissioner,,,Write-ins,1,0,0,1,0
Atascosa,Pct. 19,"Justice, Supreme Court",PI 2,REP,Jimmy Blacklock,226,4,158,64,0
Atascosa,Pct. 19,"Justice, Supreme Court",PI 2,DEM,DaSean Jones,61,5,44,12,0
Atascosa,Pct. 19,"Justice, Supreme Court",PI 4,REP,John Devine,222,3,155,64,0
Atascosa,Pct. 19,"Justice, Supreme Court",PI 4,DEM,Christine Vinh Weems,65,6,46,13,0
Atascosa,Pct. 19,"Justice, Supreme Court",PI 6,REP,Jane Bland,215,3,153,59,0
Atascosa,Pct. 19,"Justice, Supreme Court",PI 6,DEM,Bonnie Lee Goldstein,67,6,48,13,0
Atascosa,Pct. 19,"Justice, Supreme Court",PI 6,LIB,J. David Roberson,7,0,2,5,0
Atascosa,Pct. 19,"Presiding Judge, Ct of Crim App",,REP,David J. Schenck,216,3,157,56,0
Atascosa,Pct. 19,"Presiding Judge, Ct of Crim App",,DEM,Holly Taylor,70,6,45,19,0
Atascosa,Pct. 19,"Judge, Ct of Crim App",PI 7,REP,Gina Parker,226,3,160,63,0
Atascosa,Pct. 19,"Judge, Ct of Crim App",PI 7,DEM,Nancy Mulder,60,6,41,13,0
Atascosa,Pct. 19,"Judge, Ct of Crim App",PI 8,REP,Lee Finley,219,3,153,63,0
Atascosa,Pct. 19,"Judge, Ct of Crim App",PI 8,DEM,Chika Anyiam,64,6,46,12,0
Atascosa,Pct. 19,"Member, State BoE",Dist 1,REP,Michael (Travis) Stevens,223,3,159,61,0
Atascosa,Pct. 19,"Member, State BoE",Dist 1,DEM,Gustavo Reveles,65,6,44,15,0
Atascosa,Pct. 19,State Representative,80,REP,Don McLaughlin Jr.,225,3,160,62,0
Atascosa,Pct. 19,State Representative,80,DEM,Cecilia Castellano,63,6,43,14,0
Atascosa,Pct. 19,"Justice, 4th Ct of App Dist",PI 2,DEM,Velia J. Meza,165,7,113,45,0
Atascosa,Pct. 19,"Justice, 4th Ct of App Dist",PI 3,REP,Todd McCray,217,3,155,59,0
Atascosa,Pct. 19,"Justice, 4th Ct of App Dist",PI 3,DEM,Cynthia Marie Chapa,67,6,44,17,0
Atascosa,Pct. 19,"Justice, 4th Ct of App Dist",PI 4,REP,Lori Massey Brissette,221,4,156,61,0
Atascosa,Pct. 19,"Justice, 4th Ct of App Dist",PI 4,DEM,Luz Elena Chapa,63,5,42,16,0
Atascosa,Pct. 19,"Justice, 4th Ct of App Dist",PI 5,REP,Adrian Spears,213,3,150,60,0
Atascosa,Pct. 19,"Justice, 4th Ct of App Dist",PI 5,DEM,Liza A. Rodriguez,67,6,47,14,0
Atascosa,Pct. 19,"Justice, 4th Ct of App Dist",PI 7,REP,Lori I. Valenzuela,244,5,170,69,0
Atascosa,Pct. 19,"Dist Attorney, 81st Judicial Dist",,REP,Audrey Gossett Louis,247,6,173,68,0
Atascosa,Pct. 19,County Attorney,,REP,Molly Groesbeck Solis,251,6,176,69,0
Atascosa,Pct. 19,Sheriff,,REP,Jake Guerra,247,6,173,68,0
Atascosa,Pct. 19,County Tax Assessor-Collector,,REP,Loretta Holley,247,6,172,69,0
Atascosa,Pct. 19,Constable,Pct 4,REP,"John ""Andy"" Rutherford",241,6,167,68,0
Atascosa,Pct. 19,Mayor City of Jourdanton,,,"Robert ""Doc"" Williams",156,4,113,39,0
Atascosa,Pct. 19,Mayor City of Jourdanton,,,"""Patsy"" Patricia J. Elizabeth Tymrak-Daughtrey",121,4,79,38,0
Atascosa,Pct. 20,Ballots Cast,,,,2764,73,2210,481,0
Atascosa,Pct. 20,Ballots Cast Blank,,,,1,1,0,0,0
Atascosa,Pct. 20,President,,REP,Donald J. Trump,2146,33,1736,377,0
Atascosa,Pct. 20,President,,DEM,Kamala D. Harris,590,37,453,100,0
Atascosa,Pct. 20,President,,LIB,Chase Oliver,8,0,8,0,0
Atascosa,Pct. 20,President,,GRN,Jill Stein,7,0,5,2,0
Atascosa,Pct. 20,President,,,Write-ins,3,0,3,0,0
Atascosa,Pct. 20,U.S. Senate,,REP,Ted Cruz,2029,32,1652,345,0
Atascosa,Pct. 20,U.S. Senate,,DEM,Colin Allred,658,39,501,118,0
Atascosa,Pct. 20,U.S. Senate,,LIB,Ted Brown,45,0,34,11,0
Atascosa,Pct. 20,U.S. Senate,,,Write-ins,0,0,0,0,0
Atascosa,Pct. 20,U.S. House,28,REP,Jay Furman,1961,32,1585,344,0
Atascosa,Pct. 20,U.S. House,28,DEM,Henry Cuellar,723,39,561,123,0
Atascosa,Pct. 20,Railroad Commissioner,,REP,Christi Craddick,2056,34,1678,344,0
Atascosa,Pct. 20,Railroad Commissioner,,DEM,Katherine Culbert,506,31,386,89,0
Atascosa,Pct. 20,Railroad Commissioner,,LIB,Hawk Dunlap,62,1,45,16,0
Atascosa,Pct. 20,Railroad Commissioner,,GRN,Eddie Espinoza,36,1,26,9,0
Atascosa,Pct. 20,Railroad Commissioner,,,Write-ins,3,0,2,1,0
Atascosa,Pct. 20,"Justice, Supreme Court",PI 2,REP,Jimmy Blacklock,2147,37,1739,371,0
Atascosa,Pct. 20,"Justice, Supreme Court",PI 2,DEM,DaSean Jones,515,31,399,85,0
Atascosa,Pct. 20,"Justice, Supreme Court",PI 4,REP,John Devine,2104,35,1701,368,0
Atascosa,Pct. 20,"Justice, Supreme Court",PI 4,DEM,Christine Vinh Weems,553,34,428,91,0
Atascosa,Pct. 20,"Justice, Supreme Court",PI 6,REP,Jane Bland,2056,34,1674,348,0
Atascosa,Pct. 20,"Justice, Supreme Court",PI 6,DEM,Bonnie Lee Goldstein,536,31,418,87,0
Atascosa,Pct. 20,"Justice, Supreme Court",PI 6,LIB,J. David Roberson,62,0,43,19,0
Atascosa,Pct. 20,"Presiding Judge, Ct of Crim App",,REP,David J. Schenck,2100,34,1707,359,0
Atascosa,Pct. 20,"Presiding Judge, Ct of Crim App",,DEM,Holly Taylor,544,31,422,91,0
Atascosa,Pct. 20,"Judge, Ct of Crim App",PI 7,REP,Gina Parker,2120,36,1716,368,0
Atascosa,Pct. 20,"Judge, Ct of Crim App",PI 7,DEM,Nancy Mulder,522,30,409,83,0
Atascosa,Pct. 20,"Judge, Ct of Crim App",PI 8,REP,Lee Finley,2133,38,1727,368,0
Atascosa,Pct. 20,"Judge, Ct of Crim App",PI 8,DEM,Chika Anyiam,510,27,403,80,0
Atascosa,Pct. 20,"Member, State BoE",Dist 1,REP,Michael (Travis) Stevens,2109,34,1712,363,0
Atascosa,Pct. 20,"Member, State BoE",Dist 1,DEM,Gustavo Reveles,535,31,414,90,0
Atascosa,Pct. 20,State Representative,80,REP,Don McLaughlin Jr.,2093,36,1699,358,0
Atascosa,Pct. 20,State Representative,80,DEM,Cecilia Castellano,583,31,450,102,0
Atascosa,Pct. 20,"Justice, 4th Ct of App Dist",PI 2,DEM,Velia J. Meza,1278,42,969,267,0
Atascosa,Pct. 20,"Justice, 4th Ct of App Dist",PI 3,REP,Todd McCray,2086,34,1699,353,0
Atascosa,Pct. 20,"Justice, 4th Ct of App Dist",PI 3,DEM,Cynthia Marie Chapa,563,32,429,102,0
Atascosa,Pct. 20,"Justice, 4th Ct of App Dist",PI 4,REP,Lori Massey Brissette,2093,35,1698,360,0
Atascosa,Pct. 20,"Justice, 4th Ct of App Dist",PI 4,DEM,Luz Elena Chapa,551,32,428,91,0
Atascosa,Pct. 20,"Justice, 4th Ct of App Dist",PI 5,REP,Adrian Spears,2089,36,1697,356,0
Atascosa,Pct. 20,"Justice, 4th Ct of App Dist",PI 5,DEM,Liza A. Rodriguez,546,29,421,96,0
Atascosa,Pct. 20,"Justice, 4th Ct of App Dist",PI 7,REP,Lori I. Valenzuela,2320,48,1858,414,0
Atascosa,Pct. 20,"Dist Attorney, 81st Judicial Dist",,REP,Audrey Gossett Louis,2332,52,1865,415,0
Atascosa,Pct. 20,County Attorney,,REP,Molly Groesbeck Solis,2355,52,1880,423,0
Atascosa,Pct. 20,Sheriff,,REP,Jake Guerra,2333,49,1864,420,0
Atascosa,Pct. 20,County Tax Assessor-Collector,,REP,Loretta Holley,2391,54,1908,429,0
Atascosa,Pct. 20,Constable,Pct 4,REP,"John ""Andy"" Rutherford",2285,51,1824,410,0
Atascosa,Pct. 21,Ballots Cast,,,,754,20,562,172,0
Atascosa,Pct. 21,Ballots Cast Blank,,,,0,0,0,0,0
Atascosa,Pct. 21,President,,REP,Donald J. Trump,615,10,472,133,0
Atascosa,Pct. 21,President,,DEM,Kamala D. Harris,124,7,79,38,0
Atascosa,Pct. 21,President,,LIB,Chase Oliver,6,1,4,1,0
Atascosa,Pct. 21,President,,GRN,Jill Stein,1,0,1,0,0
Atascosa,Pct. 21,President,,,Write-ins,2,0,2,0,0
Atascosa,Pct. 21,U.S. Senate,,REP,Ted Cruz,571,11,441,119,0
Atascosa,Pct. 21,U.S. Senate,,DEM,Colin Allred,148,8,98,42,0
Atascosa,Pct. 21,U.S. Senate,,LIB,Ted Brown,14,1,8,5,0
Atascosa,Pct. 21,U.S. Senate,,,Write-ins,0,0,0,0,0
Atascosa,Pct. 21,U.S. House,28,REP,Jay Furman,536,13,407,116,0
Atascosa,Pct. 21,U.S. House,28,DEM,Henry Cuellar,186,7,134,45,0
Atascosa,Pct. 21,Railroad Commissioner,,REP,Christi Craddick,570,14,443,113,0
Atascosa,Pct. 21,Railroad Commissioner,,DEM,Katherine Culbert,111,3,75,33,0
Atascosa,Pct. 21,Railroad Commissioner,,LIB,Hawk Dunlap,17,0,10,7,0
Atascosa,Pct. 21,Railroad Commissioner,,GRN,Eddie Espinoza,17,1,9,7,0
Atascosa,Pct. 21,Railroad Commissioner,,,Write-ins,0,0,0,0,0
Atascosa,Pct. 21,"Justice, Supreme Court",PI 2,REP,Jimmy Blacklock,602,14,461,127,0
Atascosa,Pct. 21,"Justice, Supreme Court",PI 2,DEM,DaSean Jones,111,4,77,30,0
Atascosa,Pct. 21,"Justice, Supreme Court",PI 4,REP,John Devine,588,13,454,121,0
Atascosa,Pct. 21,"Justice, Supreme Court",PI 4,DEM,Christine Vinh Weems,119,5,80,34,0
Atascosa,Pct. 21,"Justice, Supreme Court",PI 6,REP,Jane Bland,569,13,440,116,0
Atascosa,Pct. 21,"Justice, Supreme Court",PI 6,DEM,Bonnie Lee Goldstein,121,5,80,36,0
Atascosa,Pct. 21,"Justice, Supreme Court",PI 6,LIB,J. David Roberson,17,0,13,4,0
Atascosa,Pct. 21,"Presiding Judge, Ct of Crim App",,REP,David J. Schenck,573,12,443,118,0
Atascosa,Pct. 21,"Presiding Judge, Ct of Crim App",,DEM,Holly Taylor,132,5,88,39,0
Atascosa,Pct. 21,"Judge, Ct of Crim App",PI 7,REP,Gina Parker,572,12,444,116,0
Atascosa,Pct. 21,"Judge, Ct of Crim App",PI 7,DEM,Nancy Mulder,128,5,85,38,0
Atascosa,Pct. 21,"Judge, Ct of Crim App",PI 8,REP,Lee Finley,587,12,454,121,0
Atascosa,Pct. 21,"Judge, Ct of Crim App",PI 8,DEM,Chika Anyiam,112,5,75,32,0
Atascosa,Pct. 21,"Member, State BoE",Dist 1,REP,Michael (Travis) Stevens,580,14,449,117,0
Atascosa,Pct. 21,"Member, State BoE",Dist 1,DEM,Gustavo Reveles,117,4,76,37,0
Atascosa,Pct. 21,State Representative,80,REP,Don McLaughlin Jr.,580,13,452,115,0
Atascosa,Pct. 21,State Representative,80,DEM,Cecilia Castellano,126,6,78,42,0
Atascosa,Pct. 21,"Justice, 4th Ct of App Dist",PI 2,DEM,Velia J. Meza,329,7,229,93,0
Atascosa,Pct. 21,"Justice, 4th Ct of App Dist",PI 3,REP,Todd McCray,566,12,440,114,0
Atascosa,Pct. 21,"Justice, 4th Ct of App Dist",PI 3,DEM,Cynthia Marie Chapa,129,5,85,39,0
Atascosa,Pct. 21,"Justice, 4th Ct of App Dist",PI 4,REP,Lori Massey Brissette,567,12,443,112,0
Atascosa,Pct. 21,"Justice, 4th Ct of App Dist",PI 4,DEM,Luz Elena Chapa,128,5,81,42,0
Atascosa,Pct. 21,"Justice, 4th Ct of App Dist",PI 5,REP,Adrian Spears,572,12,446,114,0
Atascosa,Pct. 21,"Justice, 4th Ct of App Dist",PI 5,DEM,Liza A. Rodriguez,123,5,79,39,0
Atascosa,Pct. 21,"Justice, 4th Ct of App Dist",PI 7,REP,Lori I. Valenzuela,624,14,478,132,0
Atascosa,Pct. 21,"Dist Attorney, 81st Judicial Dist",,REP,Audrey Gossett Louis,626,15,473,138,0
Atascosa,Pct. 21,County Attorney,,REP,Molly Groesbeck Solis,630,14,479,137,0
Atascosa,Pct. 21,Sheriff,,REP,Jake Guerra,628,15,474,139,0
Atascosa,Pct. 21,County Tax Assessor-Collector,,REP,Loretta Holley,650,17,491,142,0
Atascosa,Pct. 21,Constable,Pct 4,REP,"John ""Andy"" Rutherford",615,17,467,131,0
Atascosa,Pct. 21,Mayor City of Christine,,,Steven Martinez,74,1,65,8,0
Atascosa,Pct. 21,Mayor City of Christine,,,Mary Alice Monse,9,0,5,4,0
Atascosa,Pct. 21,Mayor City of Christine,,,Jerry Flores,82,1,63,18,0
Atascosa,Pct. 21,Alderman City of Christine,Place 2,,Sylvia Bautista,87,1,65,21,0
Atascosa,Pct. 21,Alderman City of Christine,Place 2,,Elizabeth Guerra,42,0,35,7,0
Atascosa,Pct. 21,Alderman City of Christine,Place 2,,Wesley Stevens,70,2,54,14,0
Atascosa,Pct. 21,Alderman City of Christine,Place 2,,Paul Parsons,46,1,44,1,0
Atascosa,Pct. 22,Ballots Cast,,,,539,4,351,184,0
Atascosa,Pct. 22,Ballots Cast Blank,,,,0,0,0,0,0
Atascosa,Pct. 22,President,,REP,Donald J. Trump,437,2,291,144,0
Atascosa,Pct. 22,President,,DEM,Kamala D. Harris,99,2,57,40,0
Atascosa,Pct. 22,President,,LIB,Chase Oliver,1,0,1,0,0
Atascosa,Pct. 22,President,,GRN,Jill Stein,1,0,1,0,0
Atascosa,Pct. 22,President,,,Write-ins,0,0,0,0,0
Atascosa,Pct. 22,U.S. Senate,,REP,Ted Cruz,415,2,282,131,0
Atascosa,Pct. 22,U.S. Senate,,DEM,Colin Allred,106,2,61,43,0
Atascosa,Pct. 22,U.S. Senate,,LIB,Ted Brown,10,0,6,4,0
Atascosa,Pct. 22,U.S. Senate,,,Write-ins,0,0,0,0,0
Atascosa,Pct. 22,U.S. House,28,REP,Jay Furman,390,2,258,130,0
Atascosa,Pct. 22,U.S. House,28,DEM,Henry Cuellar,124,2,80,42,0
Atascosa,Pct. 22,Railroad Commissioner,,REP,Christi Craddick,406,2,278,126,0
Atascosa,Pct. 22,Railroad Commissioner,,DEM,Katherine Culbert,81,2,49,30,0
Atascosa,Pct. 22,Railroad Commissioner,,LIB,Hawk Dunlap,13,0,7,6,0
Atascosa,Pct. 22,Railroad Commissioner,,GRN,Eddie Espinoza,12,0,8,4,0
Atascosa,Pct. 22,Railroad Commissioner,,,Write-ins,0,0,0,0,0
Atascosa,Pct. 22,"Justice, Supreme Court",PI 2,REP,Jimmy Blacklock,424,2,289,133,0
Atascosa,Pct. 22,"Justice, Supreme Court",PI 2,DEM,DaSean Jones,84,2,52,30,0
Atascosa,Pct. 22,"Justice, Supreme Court",PI 4,REP,John Devine,417,2,287,128,0
Atascosa,Pct. 22,"Justice, Supreme Court",PI 4,DEM,Christine Vinh Weems,91,2,54,35,0
Atascosa,Pct. 22,"Justice, Supreme Court",PI 6,REP,Jane Bland,416,2,284,130,0
Atascosa,Pct. 22,"Justice, Supreme Court",PI 6,DEM,Bonnie Lee Goldstein,80,2,50,28,0
Atascosa,Pct. 22,"Justice, Supreme Court",PI 6,LIB,J. David Roberson,11,0,4,7,0
Atascosa,Pct. 22,"Presiding Judge, Ct of Crim App",,REP,David J. Schenck,421,2,290,129,0
Atascosa,Pct. 22,"Presiding Judge, Ct of Crim App",,DEM,Holly Taylor,86,2,49,35,0
Atascosa,Pct. 22,"Judge, Ct of Crim App",PI 7,REP,Gina Parker,419,2,289,128,0
Atascosa,Pct. 22,"Judge, Ct of Crim App",PI 7,DEM,Nancy Mulder,88,2,52,34,0
Atascosa,Pct. 22,"Judge, Ct of Crim App",PI 8,REP,Lee Finley,419,2,293,124,0
Atascosa,Pct. 22,"Judge, Ct of Crim App",PI 8,DEM,Chika Anyiam,85,2,48,35,0
Atascosa,Pct. 22,"Member, State BoE",Dist 1,REP,Michael (Travis) Stevens,423,2,290,131,0
Atascosa,Pct. 22,"Member, State BoE",Dist 1,DEM,Gustavo Reveles,78,2,45,31,0
Atascosa,Pct. 22,State Representative,80,REP,Don McLaughlin Jr.,418,2,285,131,0
Atascosa,Pct. 22,State Representative,80,DEM,Cecilia Castellano,94,2,52,40,0
Atascosa,Pct. 22,"Justice, 4th Ct of App Dist",PI 2,DEM,Velia J. Meza,220,2,136,82,0
Atascosa,Pct. 22,"Justice, 4th Ct of App Dist",PI 3,REP,Todd McCray,417,2,288,127,0
Atascosa,Pct. 22,"Justice, 4th Ct of App Dist",PI 3,DEM,Cynthia Marie Chapa,88,2,50,36,0
Atascosa,Pct. 22,"Justice, 4th Ct of App Dist",PI 4,REP,Lori Massey Brissette,417,2,288,127,0
Atascosa,Pct. 22,"Justice, 4th Ct of App Dist",PI 4,DEM,Luz Elena Chapa,87,2,51,34,0
Atascosa,Pct. 22,"Justice, 4th Ct of App Dist",PI 5,REP,Adrian Spears,420,2,291,127,0
Atascosa,Pct. 22,"Justice, 4th Ct of App Dist",PI 5,DEM,Liza A. Rodriguez,89,2,51,36,0
Atascosa,Pct. 22,"Justice, 4th Ct of App Dist",PI 7,REP,Lori I. Valenzuela,462,3,312,147,0
Atascosa,Pct. 22,"Dist Attorney, 81st Judicial Dist",,REP,Audrey Gossett Louis,466,3,310,153,0
Atascosa,Pct. 22,County Attorney,,REP,Molly Groesbeck Solis,471,3,312,156,0
Atascosa,Pct. 22,Sheriff,,REP,Jake Guerra,454,3,304,147,0
Atascosa,Pct. 22,County Tax Assessor-Collector,,REP,Loretta Holley,469,3,310,156,0
Atascosa,Pct. 22,County Commissioner,Pct 1,REP,Mark Gillespie,486,3,323,160,0
Atascosa,Pct. 22,Constable,Pct 1,REP,Mark Medina,464,3,306,155,0