county,precinct,office,district,party,candidate,votes,absentee,early,election,provisional
Gregg,01,Ballots Cast,,,,1208,,,,
Gregg,02,Ballots Cast,,,,2595,,,,
Gregg,03,Ballots Cast,,,,1434,,,,
Gregg,04,Ballots Cast,,,,2628,,,,
Gregg,05,Ballots Cast,,,,2877,,,,
Gregg,06,Ballots Cast,,,,1919,,,,
Gregg,07,Ballots Cast,,,,2253,,,,
Gregg,08,Ballots Cast,,,,3092,,,,
Gregg,09,Ballots Cast,,,,2903,,,,
Gregg,10,Ballots Cast,,,,2577,,,,
Gregg,11,Ballots Cast,,,,2901,,,,
Gregg,12,Ballots Cast,,,,3400,,,,
Gregg,13,Ballots Cast,,,,1977,,,,
Gregg,14,Ballots Cast,,,,3325,,,,
Gregg,15,Ballots Cast,,,,882,,,,
Gregg,16,Ballots Cast,,,,2835,,,,
Gregg,17,Ballots Cast,,,,515,,,,
Gregg,18,Ballots Cast,,,,2268,,,,
Gregg,19,Ballots Cast,,,,1647,,,,
Gregg,20,Ballots Cast,,,,1350,,,,
Gregg,21,Ballots Cast,,,,2388,,,,
Gregg,01,COUNTY COMMISSIONER PRECINCT 1,,REP,RONNIE MCKINNEY,935,37,746,149,3
Gregg,02,COUNTY COMMISSIONER PRECINCT 1,,REP,RONNIE MCKINNEY,1990,148,1557,280,5
Gregg,03,COUNTY COMMISSIONER PRECINCT 1,,REP,RONNIE MCKINNEY,1113,60,908,145,0
Gregg,04,COUNTY COMMISSIONER PRECINCT 1,,REP,RONNIE MCKINNEY,2196,104,1796,288,8
Gregg,05,COUNTY COMMISSIONER PRECINCT 1,,REP,RONNIE MCKINNEY,2396,64,2005,322,5
Gregg,06,COUNTY COMMISSIONER PRECINCT 1,,REP,RONNIE MCKINNEY,1691,48,1342,300,1
Gregg,07,COUNTY COMMISSIONER PRECINCT 1,,REP,RONNIE MCKINNEY,1943,48,1533,361,1
Gregg,12,COUNTY COMMISSIONER PRECINCT 3,,REP,FLOYD WINGO,3047,56,2604,384,3
Gregg,13,COUNTY COMMISSIONER PRECINCT 3,,REP,FLOYD WINGO,1607,53,1153,399,2
Gregg,14,COUNTY COMMISSIONER PRECINCT 3,,REP,FLOYD WINGO,2946,65,2211,660,10
Gregg,15,COUNTY COMMISSIONER PRECINCT 3,,REP,FLOYD WINGO,681,9,489,182,1
Gregg,16,COUNTY COMMISSIONER PRECINCT 3,,REP,FLOYD WINGO,2454,57,1976,418,3
Gregg,01,COUNTY CONSTABLE PRECINCT 1,,REP,MIKE GRISHAM,940,38,748,150,4
Gregg,02,COUNTY CONSTABLE PRECINCT 1,,REP,MIKE GRISHAM,2002,146,1565,286,5
Gregg,03,COUNTY CONSTABLE PRECINCT 1,,REP,MIKE GRISHAM,1110,62,904,144,0
Gregg,04,COUNTY CONSTABLE PRECINCT 1,,REP,MIKE GRISHAM,2194,104,1794,289,7
Gregg,05,COUNTY CONSTABLE PRECINCT 1,,REP,MIKE GRISHAM,2391,60,2000,326,5
Gregg,06,COUNTY CONSTABLE PRECINCT 1,,REP,MIKE GRISHAM,1692,47,1345,299,1
Gregg,07,COUNTY CONSTABLE PRECINCT 1,,REP,MIKE GRISHAM,1944,49,1531,363,1
Gregg,08,COUNTY CONSTABLE PRECINCT 2,,REP,ROGER ASKEW,2504,71,2051,380,2
Gregg,09,COUNTY CONSTABLE PRECINCT 2,,REP,ROGER ASKEW,2256,94,1835,324,3
Gregg,10,COUNTY CONSTABLE PRECINCT 2,,REP,ROGER ASKEW,1872,57,1389,425,1
Gregg,11,COUNTY CONSTABLE PRECINCT 2,,REP,ROGER ASKEW,2341,86,1854,399,2
Gregg,12,COUNTY CONSTABLE PRECINCT 3,,REP,JOHN SLAGLE,3019,57,2576,383,3
Gregg,13,COUNTY CONSTABLE PRECINCT 3,,REP,JOHN SLAGLE,1601,51,1155,393,2
Gregg,14,COUNTY CONSTABLE PRECINCT 3,,REP,JOHN SLAGLE,2963,67,2222,664,10
Gregg,15,COUNTY CONSTABLE PRECINCT 3,,REP,JOHN SLAGLE,686,9,490,186,1
Gregg,16,COUNTY CONSTABLE PRECINCT 3,,REP,JOHN SLAGLE,2467,60,1981,423,3
Gregg,17,COUNTY CONSTABLE PRECINCT 4,,DEM,DANNY CRAIG II,321,23,211,87,0
Gregg,18,COUNTY CONSTABLE PRECINCT 4,,DEM,DANNY CRAIG II,1492,107,1154,228,3
Gregg,19,COUNTY CONSTABLE PRECINCT 4,,DEM,DANNY CRAIG II,1428,137,913,371,7
Gregg,20,COUNTY CONSTABLE PRECINCT 4,,DEM,DANNY CRAIG II,1050,64,691,291,4
Gregg,21,COUNTY CONSTABLE PRECINCT 4,,DEM,DANNY CRAIG II,1505,108,1056,337,4
Gregg,01,COUNTY TAX ASSESSOR-COLLECTOR,,REP,MICHELLE TERRY,960,39,766,151,4
Gregg,02,COUNTY TAX ASSESSOR-COLLECTOR,,REP,MICHELLE TERRY,2037,149,1598,285,5
Gregg,03,COUNTY TAX ASSESSOR-COLLECTOR,,REP,MICHELLE TERRY,1134,65,925,144,0
Gregg,04,COUNTY TAX ASSESSOR-COLLECTOR,,REP,MICHELLE TERRY,2215,104,1814,289,8
Gregg,05,COUNTY TAX ASSESSOR-COLLECTOR,,REP,MICHELLE TERRY,2412,68,2017,322,5
Gregg,06,COUNTY TAX ASSESSOR-COLLECTOR,,REP,MICHELLE TERRY,1705,48,1354,302,1
Gregg,07,COUNTY TAX ASSESSOR-COLLECTOR,,REP,MICHELLE TERRY,1964,47,1549,367,1
Gregg,08,COUNTY TAX ASSESSOR-COLLECTOR,,REP,MICHELLE TERRY,2532,77,2069,384,2
Gregg,09,COUNTY TAX ASSESSOR-COLLECTOR,,REP,MICHELLE TERRY,2297,100,1868,326,3
Gregg,10,COUNTY TAX ASSESSOR-COLLECTOR,,REP,MICHELLE TERRY,1894,59,1401,433,1
Gregg,11,COUNTY TAX ASSESSOR-COLLECTOR,,REP,MICHELLE TERRY,2371,87,1885,397,2
Gregg,12,COUNTY TAX ASSESSOR-COLLECTOR,,REP,MICHELLE TERRY,3064,57,2613,391,3
Gregg,13,COUNTY TAX ASSESSOR-COLLECTOR,,REP,MICHELLE TERRY,1631,53,1174,402,2
Gregg,14,COUNTY TAX ASSESSOR-COLLECTOR,,REP,MICHELLE TERRY,2978,67,2234,666,11
Gregg,15,COUNTY TAX ASSESSOR-COLLECTOR,,REP,MICHELLE TERRY,696,11,499,185,1
Gregg,16,COUNTY TAX ASSESSOR-COLLECTOR,,REP,MICHELLE TERRY,2496,60,2009,424,3
Gregg,17,COUNTY TAX ASSESSOR-COLLECTOR,,REP,MICHELLE TERRY,342,14,247,81,0
Gregg,18,COUNTY TAX ASSESSOR-COLLECTOR,,REP,MICHELLE TERRY,1511,61,1225,222,3
Gregg,19,COUNTY TAX ASSESSOR-COLLECTOR,,REP,MICHELLE TERRY,665,50,387,224,4
Gregg,20,COUNTY TAX ASSESSOR-COLLECTOR,,REP,MICHELLE TERRY,670,33,455,180,2
Gregg,21,COUNTY TAX ASSESSOR-COLLECTOR,,REP,MICHELLE TERRY,1567,103,1168,293,3
Gregg,01,DISTRICT JUDGE,,REP,ALFONSO CHARLES,956,39,766,147,4
Gregg,02,DISTRICT JUDGE,,REP,ALFONSO CHARLES,2029,146,1593,284,6
Gregg,03,DISTRICT JUDGE,,REP,ALFONSO CHARLES,1123,63,914,146,0
Gregg,04,DISTRICT JUDGE,,REP,ALFONSO CHARLES,2198,104,1797,288,9
Gregg,05,DISTRICT JUDGE,,REP,ALFONSO CHARLES,2392,67,1996,324,5
Gregg,06,DISTRICT JUDGE,,REP,ALFONSO CHARLES,1694,46,1351,296,1
Gregg,07,DISTRICT JUDGE,,REP,ALFONSO CHARLES,1935,48,1525,361,1
Gregg,08,DISTRICT JUDGE,,REP,ALFONSO CHARLES,2512,75,2050,385,2
Gregg,09,DISTRICT JUDGE,,REP,ALFONSO CHARLES,2275,99,1853,320,3
Gregg,10,DISTRICT JUDGE,,REP,ALFONSO CHARLES,1875,58,1388,428,1
Gregg,11,DISTRICT JUDGE,,REP,ALFONSO CHARLES,2332,86,1848,396,2
Gregg,12,DISTRICT JUDGE,,REP,ALFONSO CHARLES,3044,60,2596,385,3
Gregg,13,DISTRICT JUDGE,,REP,ALFONSO CHARLES,1620,51,1168,399,2
Gregg,14,DISTRICT JUDGE,,REP,ALFONSO CHARLES,2945,63,2209,663,10
Gregg,15,DISTRICT JUDGE,,REP,ALFONSO CHARLES,687,10,491,185,1
Gregg,16,DISTRICT JUDGE,,REP,ALFONSO CHARLES,2477,59,1995,420,3
Gregg,17,DISTRICT JUDGE,,REP,ALFONSO CHARLES,340,16,244,80,0
Gregg,18,DISTRICT JUDGE,,REP,ALFONSO CHARLES,1467,55,1194,215,3
Gregg,19,DISTRICT JUDGE,,REP,ALFONSO CHARLES,644,48,369,224,3
Gregg,20,DISTRICT JUDGE,,REP,ALFONSO CHARLES,678,31,453,191,3
Gregg,21,DISTRICT JUDGE,,REP,ALFONSO CHARLES,1539,101,1144,292,2
Gregg,01,JUDGE,,DEM,CHIKA ANYIAM,331,31,241,55,4
Gregg,02,JUDGE,,DEM,CHIKA ANYIAM,673,69,476,122,6
Gregg,03,JUDGE,,DEM,CHIKA ANYIAM,368,35,264,68,1
Gregg,04,JUDGE,,DEM,CHIKA ANYIAM,498,48,389,60,1
Gregg,05,JUDGE,,DEM,CHIKA ANYIAM,581,16,437,126,2
Gregg,06,JUDGE,,DEM,CHIKA ANYIAM,269,12,192,65,0
Gregg,07,JUDGE,,DEM,CHIKA ANYIAM,351,20,239,92,0
Gregg,08,JUDGE,,DEM,CHIKA ANYIAM,686,34,501,149,2
Gregg,09,JUDGE,,DEM,CHIKA ANYIAM,788,50,621,116,1
Gregg,10,JUDGE,,DEM,CHIKA ANYIAM,837,38,581,218,0
Gregg,11,JUDGE,,DEM,CHIKA ANYIAM,644,30,491,123,0
Gregg,12,JUDGE,,DEM,CHIKA ANYIAM,364,15,284,64,1
Gregg,13,JUDGE,,DEM,CHIKA ANYIAM,368,32,222,113,1
Gregg,14,JUDGE,,DEM,CHIKA ANYIAM,408,36,267,103,2
Gregg,15,JUDGE,,DEM,CHIKA ANYIAM,244,15,150,79,0
Gregg,16,JUDGE,,DEM,CHIKA ANYIAM,426,19,295,110,2
Gregg,17,JUDGE,,DEM,CHIKA ANYIAM,201,23,125,53,0
Gregg,18,JUDGE,,DEM,CHIKA ANYIAM,994,88,755,151,0
Gregg,19,JUDGE,,DEM,CHIKA ANYIAM,1245,133,807,302,3
Gregg,20,JUDGE,,DEM,CHIKA ANYIAM,844,57,564,220,3
Gregg,21,JUDGE,,DEM,CHIKA ANYIAM,1023,88,698,232,5
Gregg,01,JUDGE,,REP,GINA PARKER,839,34,679,124,2
Gregg,02,JUDGE,,REP,GINA PARKER,1785,148,1402,231,4
Gregg,03,JUDGE,,REP,GINA PARKER,986,59,809,118,0
Gregg,04,JUDGE,,REP,GINA PARKER,2036,89,1681,257,9
Gregg,05,JUDGE,,REP,GINA PARKER,2184,66,1846,269,3
Gregg,06,JUDGE,,REP,GINA PARKER,1604,52,1292,259,1
Gregg,07,JUDGE,,REP,GINA PARKER,1802,45,1448,308,1
Gregg,08,JUDGE,,REP,GINA PARKER,2265,67,1875,321,2
Gregg,09,JUDGE,,REP,GINA PARKER,1983,90,1629,262,2
Gregg,10,JUDGE,,REP,GINA PARKER,1580,54,1194,331,1
Gregg,11,JUDGE,,REP,GINA PARKER,2112,80,1691,339,2
Gregg,12,JUDGE,,REP,GINA PARKER,2919,63,2504,350,2
Gregg,13,JUDGE,,REP,GINA PARKER,1518,38,1117,361,2
Gregg,14,JUDGE,,REP,GINA PARKER,2808,58,2129,611,10
Gregg,15,JUDGE,,REP,GINA PARKER,605,13,436,155,1
Gregg,16,JUDGE,,REP,GINA PARKER,2306,56,1878,369,3
Gregg,17,JUDGE,,REP,GINA PARKER,294,9,221,64,0
Gregg,18,JUDGE,,REP,GINA PARKER,1184,38,991,152,3
Gregg,19,JUDGE,,REP,GINA PARKER,306,20,173,111,2
Gregg,20,JUDGE,,REP,GINA PARKER,431,21,298,111,1
Gregg,21,JUDGE,,REP,GINA PARKER,1222,67,956,198,1
Gregg,01,JUDGE,,REP,LEE FINLEY,840,33,681,124,2
Gregg,02,JUDGE,,REP,LEE FINLEY,1795,150,1414,226,5
Gregg,03,JUDGE,,REP,LEE FINLEY,994,62,814,118,0
Gregg,04,JUDGE,,REP,LEE FINLEY,2035,89,1678,259,9
Gregg,05,JUDGE,,REP,LEE FINLEY,2175,67,1836,269,3
Gregg,06,JUDGE,,REP,LEE FINLEY,1604,51,1290,262,1
Gregg,07,JUDGE,,REP,LEE FINLEY,1811,47,1452,311,1
Gregg,08,JUDGE,,REP,LEE FINLEY,2273,67,1884,320,2
Gregg,09,JUDGE,,REP,LEE FINLEY,2003,92,1641,268,2
Gregg,10,JUDGE,,REP,LEE FINLEY,1604,56,1212,335,1
Gregg,11,JUDGE,,REP,LEE FINLEY,2125,80,1698,345,2
Gregg,12,JUDGE,,REP,LEE FINLEY,2924,62,2506,353,3
Gregg,13,JUDGE,,REP,LEE FINLEY,1524,39,1123,360,2
Gregg,14,JUDGE,,REP,LEE FINLEY,2829,57,2141,621,10
Gregg,15,JUDGE,,REP,LEE FINLEY,598,13,436,148,1
Gregg,16,JUDGE,,REP,LEE FINLEY,2310,53,1887,367,3
Gregg,17,JUDGE,,REP,LEE FINLEY,289,9,216,64,0
Gregg,18,JUDGE,,REP,LEE FINLEY,1188,40,994,151,3
Gregg,19,JUDGE,,REP,LEE FINLEY,314,19,178,115,2
Gregg,20,JUDGE,,REP,LEE FINLEY,425,20,296,108,1
Gregg,21,JUDGE,,REP,LEE FINLEY,1231,67,963,200,1
Gregg,01,JUDGE,,DEM,NANCY MULDER,337,29,249,55,4
Gregg,02,JUDGE,,DEM,NANCY MULDER,681,72,483,120,6
Gregg,03,JUDGE,,DEM,NANCY MULDER,378,38,271,68,1
Gregg,04,JUDGE,,DEM,NANCY MULDER,508,49,393,65,1
Gregg,05,JUDGE,,DEM,NANCY MULDER,588,18,439,129,2
Gregg,06,JUDGE,,DEM,NANCY MULDER,276,11,193,72,0
Gregg,07,JUDGE,,DEM,NANCY MULDER,369,22,251,96,0
Gregg,08,JUDGE,,DEM,NANCY MULDER,701,33,515,151,2
Gregg,09,JUDGE,,DEM,NANCY MULDER,804,52,629,122,1
Gregg,10,JUDGE,,DEM,NANCY MULDER,864,41,597,226,0
Gregg,11,JUDGE,,DEM,NANCY MULDER,656,30,500,126,0
Gregg,12,JUDGE,,DEM,NANCY MULDER,381,14,293,72,2
Gregg,13,JUDGE,,DEM,NANCY MULDER,384,33,231,119,1
Gregg,14,JUDGE,,DEM,NANCY MULDER,434,35,284,113,2
Gregg,15,JUDGE,,DEM,NANCY MULDER,239,15,152,72,0
Gregg,16,JUDGE,,DEM,NANCY MULDER,434,17,305,110,2
Gregg,17,JUDGE,,DEM,NANCY MULDER,203,23,126,54,0
Gregg,18,JUDGE,,DEM,NANCY MULDER,1001,91,758,152,0
Gregg,19,JUDGE,,DEM,NANCY MULDER,1254,133,816,302,3
Gregg,20,JUDGE,,DEM,NANCY MULDER,851,56,568,224,3
Gregg,21,JUDGE,,DEM,NANCY MULDER,1047,89,716,237,5
Gregg,01,JUSTICE,,DEM,BONNIE LEE GOLDSTEIN,333,31,241,57,4
Gregg,02,JUSTICE,,DEM,BONNIE LEE GOLDSTEIN,657,68,471,112,6
Gregg,03,JUSTICE,,DEM,BONNIE LEE GOLDSTEIN,366,38,263,64,1
Gregg,04,JUSTICE,,DEM,BONNIE LEE GOLDSTEIN,504,53,387,62,2
Gregg,05,JUSTICE,,DEM,BONNIE LEE GOLDSTEIN,576,19,436,119,2
Gregg,06,JUSTICE,,DEM,BONNIE LEE GOLDSTEIN,270,12,187,71,0
Gregg,07,JUSTICE,,DEM,BONNIE LEE GOLDSTEIN,355,21,240,93,1
Gregg,08,JUSTICE,,DEM,BONNIE LEE GOLDSTEIN,686,31,508,145,2
Gregg,09,JUSTICE,,DEM,BONNIE LEE GOLDSTEIN,792,51,616,124,1
Gregg,10,JUSTICE,,DEM,BONNIE LEE GOLDSTEIN,841,42,580,219,0
Gregg,11,JUSTICE,,DEM,BONNIE LEE GOLDSTEIN,636,33,487,116,0
Gregg,12,JUSTICE,,DEM,BONNIE LEE GOLDSTEIN,360,14,282,63,1
Gregg,13,JUSTICE,,DEM,BONNIE LEE GOLDSTEIN,377,31,222,123,1
Gregg,14,JUSTICE,,DEM,BONNIE LEE GOLDSTEIN,415,34,278,101,2
Gregg,15,JUSTICE,,DEM,BONNIE LEE GOLDSTEIN,240,16,148,76,0
Gregg,16,JUSTICE,,DEM,BONNIE LEE GOLDSTEIN,428,17,299,110,2
Gregg,17,JUSTICE,,DEM,BONNIE LEE GOLDSTEIN,203,22,126,55,0
Gregg,18,JUSTICE,,DEM,BONNIE LEE GOLDSTEIN,1012,91,768,152,1
Gregg,19,JUSTICE,,DEM,BONNIE LEE GOLDSTEIN,1223,133,799,288,3
Gregg,20,JUSTICE,,DEM,BONNIE LEE GOLDSTEIN,831,55,558,215,3
Gregg,21,JUSTICE,,DEM,BONNIE LEE GOLDSTEIN,1012,88,694,225,5
Gregg,01,JUSTICE,,DEM,CHRISTINE VINH WEEMS,346,32,248,62,4
Gregg,02,JUSTICE,,DEM,CHRISTINE VINH WEEMS,696,74,495,121,6
Gregg,03,JUSTICE,,DEM,CHRISTINE VINH WEEMS,382,36,276,69,1
Gregg,04,JUSTICE,,DEM,CHRISTINE VINH WEEMS,521,51,401,68,1
Gregg,05,JUSTICE,,DEM,CHRISTINE VINH WEEMS,602,17,454,129,2
Gregg,06,JUSTICE,,DEM,CHRISTINE VINH WEEMS,291,12,200,79,0
Gregg,07,JUSTICE,,DEM,CHRISTINE VINH WEEMS,375,22,257,95,1
Gregg,08,JUSTICE,,DEM,CHRISTINE VINH WEEMS,720,35,528,155,2
Gregg,09,JUSTICE,,DEM,CHRISTINE VINH WEEMS,822,51,644,126,1
Gregg,10,JUSTICE,,DEM,CHRISTINE VINH WEEMS,881,45,600,236,0
Gregg,11,JUSTICE,,DEM,CHRISTINE VINH WEEMS,673,33,516,124,0
Gregg,12,JUSTICE,,DEM,CHRISTINE VINH WEEMS,391,15,306,69,1
Gregg,13,JUSTICE,,DEM,CHRISTINE VINH WEEMS,392,31,231,129,1
Gregg,14,JUSTICE,,DEM,CHRISTINE VINH WEEMS,429,36,287,104,2
Gregg,15,JUSTICE,,DEM,CHRISTINE VINH WEEMS,246,16,150,80,0
Gregg,16,JUSTICE,,DEM,CHRISTINE VINH WEEMS,458,19,318,119,2
Gregg,17,JUSTICE,,DEM,CHRISTINE VINH WEEMS,211,23,129,59,0
Gregg,18,JUSTICE,,DEM,CHRISTINE VINH WEEMS,1022,90,779,152,1
Gregg,19,JUSTICE,,DEM,CHRISTINE VINH WEEMS,1256,134,815,303,4
Gregg,20,JUSTICE,,DEM,CHRISTINE VINH WEEMS,860,57,580,220,3
Gregg,21,JUSTICE,,DEM,CHRISTINE VINH WEEMS,1044,92,712,235,5
Gregg,01,JUSTICE,,DEM,DASEAN JONES,339,30,245,60,4
Gregg,02,JUSTICE,,DEM,DASEAN JONES,669,72,473,117,7
Gregg,03,JUSTICE,,DEM,DASEAN JONES,381,33,276,71,1
Gregg,04,JUSTICE,,DEM,DASEAN JONES,507,49,393,64,1
Gregg,05,JUSTICE,,DEM,DASEAN JONES,597,17,449,130,1
Gregg,06,JUSTICE,,DEM,DASEAN JONES,279,11,197,71,0
Gregg,07,JUSTICE,,DEM,DASEAN JONES,367,21,248,97,1
Gregg,08,JUSTICE,,DEM,DASEAN JONES,708,34,516,156,2
Gregg,09,JUSTICE,,DEM,DASEAN JONES,815,51,629,134,1
Gregg,10,JUSTICE,,DEM,DASEAN JONES,860,43,583,234,0
Gregg,11,JUSTICE,,DEM,DASEAN JONES,653,31,498,124,0
Gregg,12,JUSTICE,,DEM,DASEAN JONES,379,14,295,69,1
Gregg,13,JUSTICE,,DEM,DASEAN JONES,380,32,228,119,1
Gregg,14,JUSTICE,,DEM,DASEAN JONES,428,35,279,112,2
Gregg,15,JUSTICE,,DEM,DASEAN JONES,248,16,153,79,0
Gregg,16,JUSTICE,,DEM,DASEAN JONES,440,17,307,114,2
Gregg,17,JUSTICE,,DEM,DASEAN JONES,206,23,128,55,0
Gregg,18,JUSTICE,,DEM,DASEAN JONES,1011,88,772,151,0
Gregg,19,JUSTICE,,DEM,DASEAN JONES,1257,135,817,300,5
Gregg,20,JUSTICE,,DEM,DASEAN JONES,851,56,571,221,3
Gregg,21,JUSTICE,,DEM,DASEAN JONES,1028,90,693,240,5
Gregg,01,JUSTICE,,REP,GREGG NEELEY,935,37,745,148,5
Gregg,02,JUSTICE,,REP,GREGG NEELEY,2002,147,1562,288,5
Gregg,03,JUSTICE,,REP,GREGG NEELEY,1115,66,902,147,0
Gregg,04,JUSTICE,,REP,GREGG NEELEY,2184,103,1787,285,9
Gregg,05,JUSTICE,,REP,GREGG NEELEY,2378,65,1986,322,5
Gregg,06,JUSTICE,,REP,GREGG NEELEY,1701,49,1351,300,1
Gregg,07,JUSTICE,,REP,GREGG NEELEY,1943,49,1532,361,1
Gregg,08,JUSTICE,,REP,GREGG NEELEY,2479,73,2027,377,2
Gregg,09,JUSTICE,,REP,GREGG NEELEY,2247,98,1821,325,3
Gregg,10,JUSTICE,,REP,GREGG NEELEY,1858,58,1374,425,1
Gregg,11,JUSTICE,,REP,GREGG NEELEY,2316,89,1836,389,2
Gregg,12,JUSTICE,,REP,GREGG NEELEY,3038,62,2583,390,3
Gregg,13,JUSTICE,,REP,GREGG NEELEY,1615,52,1163,398,2
Gregg,14,JUSTICE,,REP,GREGG NEELEY,2945,64,2211,659,11
Gregg,15,JUSTICE,,REP,GREGG NEELEY,677,10,480,186,1
Gregg,16,JUSTICE,,REP,GREGG NEELEY,2461,58,1982,418,3
Gregg,17,JUSTICE,,REP,GREGG NEELEY,340,15,243,82,0
Gregg,18,JUSTICE,,REP,GREGG NEELEY,1431,53,1162,213,3
Gregg,19,JUSTICE,,REP,GREGG NEELEY,602,49,333,218,2
Gregg,20,JUSTICE,,REP,GREGG NEELEY,637,31,424,180,2
Gregg,21,JUSTICE,,REP,GREGG NEELEY,1514,94,1130,288,2
Gregg,01,JUSTICE,,LIB,J. DAVID ROBERSON,39,1,29,9,0
Gregg,02,JUSTICE,,LIB,J. DAVID ROBERSON,75,3,51,20,1
Gregg,03,JUSTICE,,LIB,J. DAVID ROBERSON,40,0,24,16,0
Gregg,04,JUSTICE,,LIB,J. DAVID ROBERSON,51,0,35,16,0
Gregg,05,JUSTICE,,LIB,J. DAVID ROBERSON,61,0,37,24,0
Gregg,06,JUSTICE,,LIB,J. DAVID ROBERSON,58,0,37,21,0
Gregg,07,JUSTICE,,LIB,J. DAVID ROBERSON,65,1,46,18,0
Gregg,08,JUSTICE,,LIB,J. DAVID ROBERSON,63,0,40,23,0
Gregg,09,JUSTICE,,LIB,J. DAVID ROBERSON,70,0,47,23,0
Gregg,10,JUSTICE,,LIB,J. DAVID ROBERSON,88,1,53,34,0
Gregg,11,JUSTICE,,LIB,J. DAVID ROBERSON,81,2,58,21,0
Gregg,12,JUSTICE,,LIB,J. DAVID ROBERSON,81,0,58,23,0
Gregg,13,JUSTICE,,LIB,J. DAVID ROBERSON,70,2,49,19,0
Gregg,14,JUSTICE,,LIB,J. DAVID ROBERSON,86,1,54,31,0
Gregg,15,JUSTICE,,LIB,J. DAVID ROBERSON,19,0,15,4,0
Gregg,16,JUSTICE,,LIB,J. DAVID ROBERSON,76,1,50,25,0
Gregg,17,JUSTICE,,LIB,J. DAVID ROBERSON,15,1,8,6,0
Gregg,18,JUSTICE,,LIB,J. DAVID ROBERSON,41,0,29,12,0
Gregg,19,JUSTICE,,LIB,J. DAVID ROBERSON,49,2,22,25,0
Gregg,20,JUSTICE,,LIB,J. DAVID ROBERSON,43,2,16,25,0
Gregg,21,JUSTICE,,LIB,J. DAVID ROBERSON,77,4,43,30,0
Gregg,01,JUSTICE,,REP,JANE BLAND,806,33,653,118,2
Gregg,02,JUSTICE,,REP,JANE BLAND,1751,156,1376,216,3
Gregg,03,JUSTICE,,REP,JANE BLAND,968,60,800,108,0
Gregg,04,JUSTICE,,REP,JANE BLAND,1997,90,1653,247,7
Gregg,05,JUSTICE,,REP,JANE BLAND,2141,67,1815,256,3
Gregg,06,JUSTICE,,REP,JANE BLAND,1564,52,1266,245,1
Gregg,07,JUSTICE,,REP,JANE BLAND,1757,45,1413,298,1
Gregg,08,JUSTICE,,REP,JANE BLAND,2230,70,1855,303,2
Gregg,09,JUSTICE,,REP,JANE BLAND,1944,92,1605,244,3
Gregg,10,JUSTICE,,REP,JANE BLAND,1527,54,1162,310,1
Gregg,11,JUSTICE,,REP,JANE BLAND,2067,76,1656,333,2
Gregg,12,JUSTICE,,REP,JANE BLAND,2856,62,2452,339,3
Gregg,13,JUSTICE,,REP,JANE BLAND,1455,39,1078,336,2
Gregg,14,JUSTICE,,REP,JANE BLAND,2746,58,2085,593,10
Gregg,15,JUSTICE,,REP,JANE BLAND,590,13,428,148,1
Gregg,16,JUSTICE,,REP,JANE BLAND,2236,55,1835,343,3
Gregg,17,JUSTICE,,REP,JANE BLAND,280,9,211,60,0
Gregg,18,JUSTICE,,REP,JANE BLAND,1143,40,960,140,3
Gregg,19,JUSTICE,,REP,JANE BLAND,294,18,170,104,2
Gregg,20,JUSTICE,,REP,JANE BLAND,408,20,292,95,1
Gregg,21,JUSTICE,,REP,JANE BLAND,1173,64,928,180,1
Gregg,01,JUSTICE,,REP,JEFF RAMBIN,922,38,737,144,3
Gregg,02,JUSTICE,,REP,JEFF RAMBIN,1971,152,1529,284,6
Gregg,03,JUSTICE,,REP,JEFF RAMBIN,1113,64,903,146,0
Gregg,04,JUSTICE,,REP,JEFF RAMBIN,2171,98,1779,285,9
Gregg,05,JUSTICE,,REP,JEFF RAMBIN,2361,66,1969,321,5
Gregg,06,JUSTICE,,REP,JEFF RAMBIN,1692,51,1343,298,0
Gregg,07,JUSTICE,,REP,JEFF RAMBIN,1937,48,1525,363,1
Gregg,08,JUSTICE,,REP,JEFF RAMBIN,2472,72,2021,377,2
Gregg,09,JUSTICE,,REP,JEFF RAMBIN,2238,100,1812,323,3
Gregg,10,JUSTICE,,REP,JEFF RAMBIN,1847,61,1359,426,1
Gregg,11,JUSTICE,,REP,JEFF RAMBIN,2322,89,1841,390,2
Gregg,12,JUSTICE,,REP,JEFF RAMBIN,3038,63,2585,387,3
Gregg,13,JUSTICE,,REP,JEFF RAMBIN,1615,52,1167,394,2
Gregg,14,JUSTICE,,REP,JEFF RAMBIN,2947,65,2210,662,10
Gregg,15,JUSTICE,,REP,JEFF RAMBIN,675,9,480,185,1
Gregg,16,JUSTICE,,REP,JEFF RAMBIN,2460,58,1979,420,3
Gregg,17,JUSTICE,,REP,JEFF RAMBIN,337,14,241,82,0
Gregg,18,JUSTICE,,REP,JEFF RAMBIN,1416,54,1148,211,3
Gregg,19,JUSTICE,,REP,JEFF RAMBIN,590,44,326,218,2
Gregg,20,JUSTICE,,REP,JEFF RAMBIN,639,33,428,176,2
Gregg,21,JUSTICE,,REP,JEFF RAMBIN,1508,93,1127,285,3
Gregg,01,JUSTICE,,REP,JIMMY BLACKLOCK,839,35,680,122,2
Gregg,02,JUSTICE,,REP,JIMMY BLACKLOCK,1821,157,1428,232,4
Gregg,03,JUSTICE,,REP,JIMMY BLACKLOCK,992,65,811,116,0
Gregg,04,JUSTICE,,REP,JIMMY BLACKLOCK,2049,93,1685,262,9
Gregg,05,JUSTICE,,REP,JIMMY BLACKLOCK,2196,69,1851,273,3
Gregg,06,JUSTICE,,REP,JIMMY BLACKLOCK,1604,53,1292,258,1
Gregg,07,JUSTICE,,REP,JIMMY BLACKLOCK,1818,46,1459,312,1
Gregg,08,JUSTICE,,REP,JIMMY BLACKLOCK,2271,69,1880,320,2
Gregg,09,JUSTICE,,REP,JIMMY BLACKLOCK,1993,92,1641,257,3
Gregg,10,JUSTICE,,REP,JIMMY BLACKLOCK,1582,55,1200,326,1
Gregg,11,JUSTICE,,REP,JIMMY BLACKLOCK,2126,80,1696,348,2
Gregg,12,JUSTICE,,REP,JIMMY BLACKLOCK,2931,64,2509,355,3
Gregg,13,JUSTICE,,REP,JIMMY BLACKLOCK,1527,40,1126,359,2
Gregg,14,JUSTICE,,REP,JIMMY BLACKLOCK,2820,58,2140,612,10
Gregg,15,JUSTICE,,REP,JIMMY BLACKLOCK,601,13,438,149,1
Gregg,16,JUSTICE,,REP,JIMMY BLACKLOCK,2308,56,1883,366,3
Gregg,17,JUSTICE,,REP,JIMMY BLACKLOCK,292,9,217,66,0
Gregg,18,JUSTICE,,REP,JIMMY BLACKLOCK,1194,42,994,155,3
Gregg,19,JUSTICE,,REP,JIMMY BLACKLOCK,315,19,177,117,2
Gregg,20,JUSTICE,,REP,JIMMY BLACKLOCK,432,20,298,113,1
Gregg,21,JUSTICE,,REP,JIMMY BLACKLOCK,1224,67,962,194,1
Gregg,01,JUSTICE,,REP,JOHN DEVINE,829,33,674,120,2
Gregg,02,JUSTICE,,REP,JOHN DEVINE,1780,153,1399,224,4
Gregg,03,JUSTICE,,REP,JOHN DEVINE,991,62,810,119,0
Gregg,04,JUSTICE,,REP,JOHN DEVINE,2031,91,1674,257,9
Gregg,05,JUSTICE,,REP,JOHN DEVINE,2185,69,1841,272,3
Gregg,06,JUSTICE,,REP,JOHN DEVINE,1591,51,1287,252,1
Gregg,07,JUSTICE,,REP,JOHN DEVINE,1805,45,1446,313,1
Gregg,08,JUSTICE,,REP,JOHN DEVINE,2255,67,1868,318,2
Gregg,09,JUSTICE,,REP,JOHN DEVINE,1983,92,1623,265,3
Gregg,10,JUSTICE,,REP,JOHN DEVINE,1569,52,1193,323,1
Gregg,11,JUSTICE,,REP,JOHN DEVINE,2096,76,1674,344,2
Gregg,12,JUSTICE,,REP,JOHN DEVINE,2906,63,2488,352,3
Gregg,13,JUSTICE,,REP,JOHN DEVINE,1512,40,1122,348,2
Gregg,14,JUSTICE,,REP,JOHN DEVINE,2813,57,2132,614,10
Gregg,15,JUSTICE,,REP,JOHN DEVINE,597,13,435,148,1
Gregg,16,JUSTICE,,REP,JOHN DEVINE,2287,54,1869,361,3
Gregg,17,JUSTICE,,REP,JOHN DEVINE,287,9,217,61,0
Gregg,18,JUSTICE,,REP,JOHN DEVINE,1174,40,981,150,3
Gregg,19,JUSTICE,,REP,JOHN DEVINE,307,18,175,113,1
Gregg,20,JUSTICE,,REP,JOHN DEVINE,424,20,289,114,1
Gregg,21,JUSTICE,,REP,JOHN DEVINE,1214,63,953,197,1
Gregg,01,PRESIDENT/VICE-PRESIDENT,,LIB,CHASE OLIVER/MIKE TER MAAT,12,0,8,4,0
Gregg,02,PRESIDENT/VICE-PRESIDENT,,LIB,CHASE OLIVER/MIKE TER MAAT,16,0,15,1,0
Gregg,03,PRESIDENT/VICE-PRESIDENT,,LIB,CHASE OLIVER/MIKE TER MAAT,8,1,7,0,0
Gregg,04,PRESIDENT/VICE-PRESIDENT,,LIB,CHASE OLIVER/MIKE TER MAAT,16,0,11,5,0
Gregg,05,PRESIDENT/VICE-PRESIDENT,,LIB,CHASE OLIVER/MIKE TER MAAT,16,1,13,2,0
Gregg,06,PRESIDENT/VICE-PRESIDENT,,LIB,CHASE OLIVER/MIKE TER MAAT,11,0,10,1,0
Gregg,07,PRESIDENT/VICE-PRESIDENT,,LIB,CHASE OLIVER/MIKE TER MAAT,10,0,9,1,0
Gregg,08,PRESIDENT/VICE-PRESIDENT,,LIB,CHASE OLIVER/MIKE TER MAAT,22,0,17,5,0
Gregg,09,PRESIDENT/VICE-PRESIDENT,,LIB,CHASE OLIVER/MIKE TER MAAT,18,0,10,8,0
Gregg,10,PRESIDENT/VICE-PRESIDENT,,LIB,CHASE OLIVER/MIKE TER MAAT,12,0,7,5,0
Gregg,11,PRESIDENT/VICE-PRESIDENT,,LIB,CHASE OLIVER/MIKE TER MAAT,14,0,9,5,0
Gregg,12,PRESIDENT/VICE-PRESIDENT,,LIB,CHASE OLIVER/MIKE TER MAAT,10,0,6,4,0
Gregg,13,PRESIDENT/VICE-PRESIDENT,,LIB,CHASE OLIVER/MIKE TER MAAT,6,0,3,3,0
Gregg,14,PRESIDENT/VICE-PRESIDENT,,LIB,CHASE OLIVER/MIKE TER MAAT,14,0,12,2,0
Gregg,15,PRESIDENT/VICE-PRESIDENT,,LIB,CHASE OLIVER/MIKE TER MAAT,3,0,2,1,0
Gregg,16,PRESIDENT/VICE-PRESIDENT,,LIB,CHASE OLIVER/MIKE TER MAAT,10,0,8,2,0
Gregg,17,PRESIDENT/VICE-PRESIDENT,,LIB,CHASE OLIVER/MIKE TER MAAT,2,0,1,1,0
Gregg,18,PRESIDENT/VICE-PRESIDENT,,LIB,CHASE OLIVER/MIKE TER MAAT,15,0,13,2,0
Gregg,19,PRESIDENT/VICE-PRESIDENT,,LIB,CHASE OLIVER/MIKE TER MAAT,10,0,6,4,0
Gregg,20,PRESIDENT/VICE-PRESIDENT,,LIB,CHASE OLIVER/MIKE TER MAAT,7,0,3,4,0
Gregg,21,PRESIDENT/VICE-PRESIDENT,,LIB,CHASE OLIVER/MIKE TER MAAT,16,1,9,6,0
Gregg,01,PRESIDENT/VICE-PRESIDENT,,,CHERUNDA FOX / HARLAN MCVAY,0,0,0,0,0
Gregg,02,PRESIDENT/VICE-PRESIDENT,,,CHERUNDA FOX / HARLAN MCVAY,0,0,0,0,0
Gregg,03,PRESIDENT/VICE-PRESIDENT,,,CHERUNDA FOX / HARLAN MCVAY,0,0,0,0,0
Gregg,04,PRESIDENT/VICE-PRESIDENT,,,CHERUNDA FOX / HARLAN MCVAY,0,0,0,0,0
Gregg,05,PRESIDENT/VICE-PRESIDENT,,,CHERUNDA FOX / HARLAN MCVAY,0,0,0,0,0
Gregg,06,PRESIDENT/VICE-PRESIDENT,,,CHERUNDA FOX / HARLAN MCVAY,0,0,0,0,0
Gregg,07,PRESIDENT/VICE-PRESIDENT,,,CHERUNDA FOX / HARLAN MCVAY,0,0,0,0,0
Gregg,08,PRESIDENT/VICE-PRESIDENT,,,CHERUNDA FOX / HARLAN MCVAY,0,0,0,0,0
Gregg,09,PRESIDENT/VICE-PRESIDENT,,,CHERUNDA FOX / HARLAN MCVAY,0,0,0,0,0
Gregg,10,PRESIDENT/VICE-PRESIDENT,,,CHERUNDA FOX / HARLAN MCVAY,0,0,0,0,0
Gregg,11,PRESIDENT/VICE-PRESIDENT,,,CHERUNDA FOX / HARLAN MCVAY,0,0,0,0,0
Gregg,12,PRESIDENT/VICE-PRESIDENT,,,CHERUNDA FOX / HARLAN MCVAY,0,0,0,0,0
Gregg,13,PRESIDENT/VICE-PRESIDENT,,,CHERUNDA FOX / HARLAN MCVAY,0,0,0,0,0
Gregg,14,PRESIDENT/VICE-PRESIDENT,,,CHERUNDA FOX / HARLAN MCVAY,0,0,0,0,0
Gregg,15,PRESIDENT/VICE-PRESIDENT,,,CHERUNDA FOX / HARLAN MCVAY,0,0,0,0,0
Gregg,16,PRESIDENT/VICE-PRESIDENT,,,CHERUNDA FOX / HARLAN MCVAY,0,0,0,0,0
Gregg,17,PRESIDENT/VICE-PRESIDENT,,,CHERUNDA FOX / HARLAN MCVAY,0,0,0,0,0
Gregg,18,PRESIDENT/VICE-PRESIDENT,,,CHERUNDA FOX / HARLAN MCVAY,0,0,0,0,0
Gregg,19,PRESIDENT/VICE-PRESIDENT,,,CHERUNDA FOX / HARLAN MCVAY,0,0,0,0,0
Gregg,20,PRESIDENT/VICE-PRESIDENT,,,CHERUNDA FOX / HARLAN MCVAY,0,0,0,0,0
Gregg,21,PRESIDENT/VICE-PRESIDENT,,,CHERUNDA FOX / HARLAN MCVAY,0,0,0,0,0
Gregg,01,PRESIDENT/VICE-PRESIDENT,,,CLAUDIA DE LA CRUZ / KARINA GARCIA,0,0,0,0,0
Gregg,02,PRESIDENT/VICE-PRESIDENT,,,CLAUDIA DE LA CRUZ / KARINA GARCIA,0,0,0,0,0
Gregg,03,PRESIDENT/VICE-PRESIDENT,,,CLAUDIA DE LA CRUZ / KARINA GARCIA,0,0,0,0,0
Gregg,04,PRESIDENT/VICE-PRESIDENT,,,CLAUDIA DE LA CRUZ / KARINA GARCIA,0,0,0,0,0
Gregg,05,PRESIDENT/VICE-PRESIDENT,,,CLAUDIA DE LA CRUZ / KARINA GARCIA,0,0,0,0,0
Gregg,06,PRESIDENT/VICE-PRESIDENT,,,CLAUDIA DE LA CRUZ / KARINA GARCIA,0,0,0,0,0
Gregg,07,PRESIDENT/VICE-PRESIDENT,,,CLAUDIA DE LA CRUZ / KARINA GARCIA,0,0,0,0,0
Gregg,08,PRESIDENT/VICE-PRESIDENT,,,CLAUDIA DE LA CRUZ / KARINA GARCIA,0,0,0,0,0
Gregg,09,PRESIDENT/VICE-PRESIDENT,,,CLAUDIA DE LA CRUZ / KARINA GARCIA,0,0,0,0,0
Gregg,10,PRESIDENT/VICE-PRESIDENT,,,CLAUDIA DE LA CRUZ / KARINA GARCIA,0,0,0,0,0
Gregg,11,PRESIDENT/VICE-PRESIDENT,,,CLAUDIA DE LA CRUZ / KARINA GARCIA,0,0,0,0,0
Gregg,12,PRESIDENT/VICE-PRESIDENT,,,CLAUDIA DE LA CRUZ / KARINA GARCIA,1,0,1,0,0
Gregg,13,PRESIDENT/VICE-PRESIDENT,,,CLAUDIA DE LA CRUZ / KARINA GARCIA,0,0,0,0,0
Gregg,14,PRESIDENT/VICE-PRESIDENT,,,CLAUDIA DE LA CRUZ / KARINA GARCIA,1,1,0,0,0
Gregg,15,PRESIDENT/VICE-PRESIDENT,,,CLAUDIA DE LA CRUZ / KARINA GARCIA,0,0,0,0,0
Gregg,16,PRESIDENT/VICE-PRESIDENT,,,CLAUDIA DE LA CRUZ / KARINA GARCIA,0,0,0,0,0
Gregg,17,PRESIDENT/VICE-PRESIDENT,,,CLAUDIA DE LA CRUZ / KARINA GARCIA,0,0,0,0,0
Gregg,18,PRESIDENT/VICE-PRESIDENT,,,CLAUDIA DE LA CRUZ / KARINA GARCIA,0,0,0,0,0
Gregg,19,PRESIDENT/VICE-PRESIDENT,,,CLAUDIA DE LA CRUZ / KARINA GARCIA,0,0,0,0,0
Gregg,20,PRESIDENT/VICE-PRESIDENT,,,CLAUDIA DE LA CRUZ / KARINA GARCIA,0,0,0,0,0
Gregg,21,PRESIDENT/VICE-PRESIDENT,,,CLAUDIA DE LA CRUZ / KARINA GARCIA,0,0,0,0,0
Gregg,01,PRESIDENT/VICE-PRESIDENT,,,CORNEL WEST / MELINA ABDULLAH,0,0,0,0,0
Gregg,02,PRESIDENT/VICE-PRESIDENT,,,CORNEL WEST / MELINA ABDULLAH,0,0,0,0,0
Gregg,03,PRESIDENT/VICE-PRESIDENT,,,CORNEL WEST / MELINA ABDULLAH,0,0,0,0,0
Gregg,04,PRESIDENT/VICE-PRESIDENT,,,CORNEL WEST / MELINA ABDULLAH,0,0,0,0,0
Gregg,05,PRESIDENT/VICE-PRESIDENT,,,CORNEL WEST / MELINA ABDULLAH,0,0,0,0,0
Gregg,06,PRESIDENT/VICE-PRESIDENT,,,CORNEL WEST / MELINA ABDULLAH,0,0,0,0,0
Gregg,07,PRESIDENT/VICE-PRESIDENT,,,CORNEL WEST / MELINA ABDULLAH,0,0,0,0,0
Gregg,08,PRESIDENT/VICE-PRESIDENT,,,CORNEL WEST / MELINA ABDULLAH,2,0,2,0,0
Gregg,09,PRESIDENT/VICE-PRESIDENT,,,CORNEL WEST / MELINA ABDULLAH,0,0,0,0,0
Gregg,10,PRESIDENT/VICE-PRESIDENT,,,CORNEL WEST / MELINA ABDULLAH,1,0,1,0,0
Gregg,11,PRESIDENT/VICE-PRESIDENT,,,CORNEL WEST / MELINA ABDULLAH,0,0,0,0,0
Gregg,12,PRESIDENT/VICE-PRESIDENT,,,CORNEL WEST / MELINA ABDULLAH,0,0,0,0,0
Gregg,13,PRESIDENT/VICE-PRESIDENT,,,CORNEL WEST / MELINA ABDULLAH,1,0,0,1,0
Gregg,14,PRESIDENT/VICE-PRESIDENT,,,CORNEL WEST / MELINA ABDULLAH,0,0,0,0,0
Gregg,15,PRESIDENT/VICE-PRESIDENT,,,CORNEL WEST / MELINA ABDULLAH,0,0,0,0,0
Gregg,16,PRESIDENT/VICE-PRESIDENT,,,CORNEL WEST / MELINA ABDULLAH,0,0,0,0,0
Gregg,17,PRESIDENT/VICE-PRESIDENT,,,CORNEL WEST / MELINA ABDULLAH,0,0,0,0,0
Gregg,18,PRESIDENT/VICE-PRESIDENT,,,CORNEL WEST / MELINA ABDULLAH,1,0,1,0,0
Gregg,19,PRESIDENT/VICE-PRESIDENT,,,CORNEL WEST / MELINA ABDULLAH,1,0,1,0,0
Gregg,20,PRESIDENT/VICE-PRESIDENT,,,CORNEL WEST / MELINA ABDULLAH,0,0,0,0,0
Gregg,21,PRESIDENT/VICE-PRESIDENT,,,CORNEL WEST / MELINA ABDULLAH,0,0,0,0,0
Gregg,01,PRESIDENT/VICE-PRESIDENT,,REP,DONALD J. TRUMP/JD VANCE,824,34,664,124,2
Gregg,02,PRESIDENT/VICE-PRESIDENT,,REP,DONALD J. TRUMP/JD VANCE,1783,151,1400,227,5
Gregg,03,PRESIDENT/VICE-PRESIDENT,,REP,DONALD J. TRUMP/JD VANCE,981,59,800,121,1
Gregg,04,PRESIDENT/VICE-PRESIDENT,,REP,DONALD J. TRUMP/JD VANCE,2021,81,1681,250,9
Gregg,05,PRESIDENT/VICE-PRESIDENT,,REP,DONALD J. TRUMP/JD VANCE,2199,69,1841,286,3
Gregg,06,PRESIDENT/VICE-PRESIDENT,,REP,DONALD J. TRUMP/JD VANCE,1579,48,1271,259,1
Gregg,07,PRESIDENT/VICE-PRESIDENT,,REP,DONALD J. TRUMP/JD VANCE,1829,48,1462,318,1
Gregg,08,PRESIDENT/VICE-PRESIDENT,,REP,DONALD J. TRUMP/JD VANCE,2284,73,1879,330,2
Gregg,09,PRESIDENT/VICE-PRESIDENT,,REP,DONALD J. TRUMP/JD VANCE,1991,90,1645,253,3
Gregg,10,PRESIDENT/VICE-PRESIDENT,,REP,DONALD J. TRUMP/JD VANCE,1616,56,1213,346,1
Gregg,11,PRESIDENT/VICE-PRESIDENT,,REP,DONALD J. TRUMP/JD VANCE,2152,81,1710,359,2
Gregg,12,PRESIDENT/VICE-PRESIDENT,,REP,DONALD J. TRUMP/JD VANCE,2966,63,2537,363,3
Gregg,13,PRESIDENT/VICE-PRESIDENT,,REP,DONALD J. TRUMP/JD VANCE,1548,42,1137,367,2
Gregg,14,PRESIDENT/VICE-PRESIDENT,,REP,DONALD J. TRUMP/JD VANCE,2833,58,2144,620,11
Gregg,15,PRESIDENT/VICE-PRESIDENT,,REP,DONALD J. TRUMP/JD VANCE,617,12,445,159,1
Gregg,16,PRESIDENT/VICE-PRESIDENT,,REP,DONALD J. TRUMP/JD VANCE,2324,51,1904,366,3
Gregg,17,PRESIDENT/VICE-PRESIDENT,,REP,DONALD J. TRUMP/JD VANCE,297,9,226,62,0
Gregg,18,PRESIDENT/VICE-PRESIDENT,,REP,DONALD J. TRUMP/JD VANCE,1186,38,996,149,3
Gregg,19,PRESIDENT/VICE-PRESIDENT,,REP,DONALD J. TRUMP/JD VANCE,312,21,179,111,1
Gregg,20,PRESIDENT/VICE-PRESIDENT,,REP,DONALD J. TRUMP/JD VANCE,437,21,298,117,1
Gregg,21,PRESIDENT/VICE-PRESIDENT,,REP,DONALD J. TRUMP/JD VANCE,1247,64,974,208,1
Gregg,01,PRESIDENT/VICE-PRESIDENT,,,JESSIE CUELLAR / WESLEY LASLEY,0,0,0,0,0
Gregg,02,PRESIDENT/VICE-PRESIDENT,,,JESSIE CUELLAR / WESLEY LASLEY,0,0,0,0,0
Gregg,03,PRESIDENT/VICE-PRESIDENT,,,JESSIE CUELLAR / WESLEY LASLEY,0,0,0,0,0
Gregg,04,PRESIDENT/VICE-PRESIDENT,,,JESSIE CUELLAR / WESLEY LASLEY,0,0,0,0,0
Gregg,05,PRESIDENT/VICE-PRESIDENT,,,JESSIE CUELLAR / WESLEY LASLEY,0,0,0,0,0
Gregg,06,PRESIDENT/VICE-PRESIDENT,,,JESSIE CUELLAR / WESLEY LASLEY,0,0,0,0,0
Gregg,07,PRESIDENT/VICE-PRESIDENT,,,JESSIE CUELLAR / WESLEY LASLEY,0,0,0,0,0
Gregg,08,PRESIDENT/VICE-PRESIDENT,,,JESSIE CUELLAR / WESLEY LASLEY,0,0,0,0,0
Gregg,09,PRESIDENT/VICE-PRESIDENT,,,JESSIE CUELLAR / WESLEY LASLEY,0,0,0,0,0
Gregg,10,PRESIDENT/VICE-PRESIDENT,,,JESSIE CUELLAR / WESLEY LASLEY,0,0,0,0,0
Gregg,11,PRESIDENT/VICE-PRESIDENT,,,JESSIE CUELLAR / WESLEY LASLEY,0,0,0,0,0
Gregg,12,PRESIDENT/VICE-PRESIDENT,,,JESSIE CUELLAR / WESLEY LASLEY,0,0,0,0,0
Gregg,13,PRESIDENT/VICE-PRESIDENT,,,JESSIE CUELLAR / WESLEY LASLEY,0,0,0,0,0
Gregg,14,PRESIDENT/VICE-PRESIDENT,,,JESSIE CUELLAR / WESLEY LASLEY,0,0,0,0,0
Gregg,15,PRESIDENT/VICE-PRESIDENT,,,JESSIE CUELLAR / WESLEY LASLEY,0,0,0,0,0
Gregg,16,PRESIDENT/VICE-PRESIDENT,,,JESSIE CUELLAR / WESLEY LASLEY,0,0,0,0,0
Gregg,17,PRESIDENT/VICE-PRESIDENT,,,JESSIE CUELLAR / WESLEY LASLEY,0,0,0,0,0
Gregg,18,PRESIDENT/VICE-PRESIDENT,,,JESSIE CUELLAR / WESLEY LASLEY,0,0,0,0,0
Gregg,19,PRESIDENT/VICE-PRESIDENT,,,JESSIE CUELLAR / WESLEY LASLEY,0,0,0,0,0
Gregg,20,PRESIDENT/VICE-PRESIDENT,,,JESSIE CUELLAR / WESLEY LASLEY,0,0,0,0,0
Gregg,21,PRESIDENT/VICE-PRESIDENT,,,JESSIE CUELLAR / WESLEY LASLEY,0,0,0,0,0
Gregg,01,PRESIDENT/VICE-PRESIDENT,,GRN,JILL STEIN/RULDOLF WARE,0,0,0,0,0
Gregg,02,PRESIDENT/VICE-PRESIDENT,,GRN,JILL STEIN/RULDOLF WARE,5,1,3,1,0
Gregg,03,PRESIDENT/VICE-PRESIDENT,,GRN,JILL STEIN/RULDOLF WARE,6,0,3,3,0
Gregg,04,PRESIDENT/VICE-PRESIDENT,,GRN,JILL STEIN/RULDOLF WARE,4,1,3,0,0
Gregg,05,PRESIDENT/VICE-PRESIDENT,,GRN,JILL STEIN/RULDOLF WARE,8,0,7,1,0
Gregg,06,PRESIDENT/VICE-PRESIDENT,,GRN,JILL STEIN/RULDOLF WARE,5,0,4,1,0
Gregg,07,PRESIDENT/VICE-PRESIDENT,,GRN,JILL STEIN/RULDOLF WARE,6,0,4,2,0
Gregg,08,PRESIDENT/VICE-PRESIDENT,,GRN,JILL STEIN/RULDOLF WARE,12,0,9,3,0
Gregg,09,PRESIDENT/VICE-PRESIDENT,,GRN,JILL STEIN/RULDOLF WARE,5,1,4,0,0
Gregg,10,PRESIDENT/VICE-PRESIDENT,,GRN,JILL STEIN/RULDOLF WARE,3,0,1,2,0
Gregg,11,PRESIDENT/VICE-PRESIDENT,,GRN,JILL STEIN/RULDOLF WARE,11,0,10,1,0
Gregg,12,PRESIDENT/VICE-PRESIDENT,,GRN,JILL STEIN/RULDOLF WARE,11,0,5,6,0
Gregg,13,PRESIDENT/VICE-PRESIDENT,,GRN,JILL STEIN/RULDOLF WARE,4,0,3,1,0
Gregg,14,PRESIDENT/VICE-PRESIDENT,,GRN,JILL STEIN/RULDOLF WARE,7,0,3,4,0
Gregg,15,PRESIDENT/VICE-PRESIDENT,,GRN,JILL STEIN/RULDOLF WARE,5,0,5,0,0
Gregg,16,PRESIDENT/VICE-PRESIDENT,,GRN,JILL STEIN/RULDOLF WARE,7,0,4,3,0
Gregg,17,PRESIDENT/VICE-PRESIDENT,,GRN,JILL STEIN/RULDOLF WARE,0,0,0,0,0
Gregg,18,PRESIDENT/VICE-PRESIDENT,,GRN,JILL STEIN/RULDOLF WARE,5,0,3,2,0
Gregg,19,PRESIDENT/VICE-PRESIDENT,,GRN,JILL STEIN/RULDOLF WARE,10,0,8,2,0
Gregg,20,PRESIDENT/VICE-PRESIDENT,,GRN,JILL STEIN/RULDOLF WARE,5,0,3,2,0
Gregg,21,PRESIDENT/VICE-PRESIDENT,,GRN,JILL STEIN/RULDOLF WARE,12,1,6,5,0
Gregg,01,PRESIDENT/VICE-PRESIDENT,,DEM,KAMALA D. HARRIS/TIM WALZ,362,33,269,56,4
Gregg,02,PRESIDENT/VICE-PRESIDENT,,DEM,KAMALA D. HARRIS/TIM WALZ,764,84,539,134,7
Gregg,03,PRESIDENT/VICE-PRESIDENT,,DEM,KAMALA D. HARRIS/TIM WALZ,427,43,305,78,1
Gregg,04,PRESIDENT/VICE-PRESIDENT,,DEM,KAMALA D. HARRIS/TIM WALZ,562,60,427,74,1
Gregg,05,PRESIDENT/VICE-PRESIDENT,,DEM,KAMALA D. HARRIS/TIM WALZ,640,27,479,132,2
Gregg,06,PRESIDENT/VICE-PRESIDENT,,DEM,KAMALA D. HARRIS/TIM WALZ,302,16,210,76,0
Gregg,07,PRESIDENT/VICE-PRESIDENT,,DEM,KAMALA D. HARRIS/TIM WALZ,396,22,274,99,1
Gregg,08,PRESIDENT/VICE-PRESIDENT,,DEM,KAMALA D. HARRIS/TIM WALZ,758,37,557,162,2
Gregg,09,PRESIDENT/VICE-PRESIDENT,,DEM,KAMALA D. HARRIS/TIM WALZ,870,58,667,144,1
Gregg,10,PRESIDENT/VICE-PRESIDENT,,DEM,KAMALA D. HARRIS/TIM WALZ,931,48,638,245,0
Gregg,11,PRESIDENT/VICE-PRESIDENT,,DEM,KAMALA D. HARRIS/TIM WALZ,716,35,551,130,0
Gregg,12,PRESIDENT/VICE-PRESIDENT,,DEM,KAMALA D. HARRIS/TIM WALZ,403,16,312,74,1
Gregg,13,PRESIDENT/VICE-PRESIDENT,,DEM,KAMALA D. HARRIS/TIM WALZ,409,34,250,124,1
Gregg,14,PRESIDENT/VICE-PRESIDENT,,DEM,KAMALA D. HARRIS/TIM WALZ,462,35,302,123,2
Gregg,15,PRESIDENT/VICE-PRESIDENT,,DEM,KAMALA D. HARRIS/TIM WALZ,255,19,156,80,0
Gregg,16,PRESIDENT/VICE-PRESIDENT,,DEM,KAMALA D. HARRIS/TIM WALZ,481,26,335,118,2
Gregg,17,PRESIDENT/VICE-PRESIDENT,,DEM,KAMALA D. HARRIS/TIM WALZ,215,23,131,61,0
Gregg,18,PRESIDENT/VICE-PRESIDENT,,DEM,KAMALA D. HARRIS/TIM WALZ,1049,92,784,172,1
Gregg,19,PRESIDENT/VICE-PRESIDENT,,DEM,KAMALA D. HARRIS/TIM WALZ,1300,137,845,311,7
Gregg,20,PRESIDENT/VICE-PRESIDENT,,DEM,KAMALA D. HARRIS/TIM WALZ,892,57,601,231,3
Gregg,21,PRESIDENT/VICE-PRESIDENT,,DEM,KAMALA D. HARRIS/TIM WALZ,1100,99,760,236,5
Gregg,01,PRESIDENT/VICE-PRESIDENT,,,PETER SONSKI / LAUREN ONAK,1,0,0,1,0
Gregg,02,PRESIDENT/VICE-PRESIDENT,,,PETER SONSKI / LAUREN ONAK,2,0,0,2,0
Gregg,03,PRESIDENT/VICE-PRESIDENT,,,PETER SONSKI / LAUREN ONAK,4,1,3,0,0
Gregg,04,PRESIDENT/VICE-PRESIDENT,,,PETER SONSKI / LAUREN ONAK,2,2,0,0,0
Gregg,05,PRESIDENT/VICE-PRESIDENT,,,PETER SONSKI / LAUREN ONAK,0,0,0,0,0
Gregg,06,PRESIDENT/VICE-PRESIDENT,,,PETER SONSKI / LAUREN ONAK,3,0,3,0,0
Gregg,07,PRESIDENT/VICE-PRESIDENT,,,PETER SONSKI / LAUREN ONAK,2,0,2,0,0
Gregg,08,PRESIDENT/VICE-PRESIDENT,,,PETER SONSKI / LAUREN ONAK,2,0,0,2,0
Gregg,09,PRESIDENT/VICE-PRESIDENT,,,PETER SONSKI / LAUREN ONAK,1,0,0,1,0
Gregg,10,PRESIDENT/VICE-PRESIDENT,,,PETER SONSKI / LAUREN ONAK,2,0,0,2,0
Gregg,11,PRESIDENT/VICE-PRESIDENT,,,PETER SONSKI / LAUREN ONAK,0,0,0,0,0
Gregg,12,PRESIDENT/VICE-PRESIDENT,,,PETER SONSKI / LAUREN ONAK,0,0,0,0,0
Gregg,13,PRESIDENT/VICE-PRESIDENT,,,PETER SONSKI / LAUREN ONAK,0,0,0,0,0
Gregg,14,PRESIDENT/VICE-PRESIDENT,,,PETER SONSKI / LAUREN ONAK,0,0,0,0,0
Gregg,15,PRESIDENT/VICE-PRESIDENT,,,PETER SONSKI / LAUREN ONAK,0,0,0,0,0
Gregg,16,PRESIDENT/VICE-PRESIDENT,,,PETER SONSKI / LAUREN ONAK,0,0,0,0,0
Gregg,17,PRESIDENT/VICE-PRESIDENT,,,PETER SONSKI / LAUREN ONAK,0,0,0,0,0
Gregg,18,PRESIDENT/VICE-PRESIDENT,,,PETER SONSKI / LAUREN ONAK,2,0,2,0,0
Gregg,19,PRESIDENT/VICE-PRESIDENT,,,PETER SONSKI / LAUREN ONAK,4,0,0,4,0
Gregg,20,PRESIDENT/VICE-PRESIDENT,,,PETER SONSKI / LAUREN ONAK,2,0,2,0,0
Gregg,21,PRESIDENT/VICE-PRESIDENT,,,PETER SONSKI / LAUREN ONAK,4,0,0,4,0
Gregg,01,PRESIDENT/VICE-PRESIDENT,,,SHIVA AYYADURAI / CRYSTAL ELLIS,0,0,0,0,0
Gregg,02,PRESIDENT/VICE-PRESIDENT,,,SHIVA AYYADURAI / CRYSTAL ELLIS,0,0,0,0,0
Gregg,03,PRESIDENT/VICE-PRESIDENT,,,SHIVA AYYADURAI / CRYSTAL ELLIS,0,0,0,0,0
Gregg,04,PRESIDENT/VICE-PRESIDENT,,,SHIVA AYYADURAI / CRYSTAL ELLIS,0,0,0,0,0
Gregg,05,PRESIDENT/VICE-PRESIDENT,,,SHIVA AYYADURAI / CRYSTAL ELLIS,0,0,0,0,0
Gregg,06,PRESIDENT/VICE-PRESIDENT,,,SHIVA AYYADURAI / CRYSTAL ELLIS,0,0,0,0,0
Gregg,07,PRESIDENT/VICE-PRESIDENT,,,SHIVA AYYADURAI / CRYSTAL ELLIS,0,0,0,0,0
Gregg,08,PRESIDENT/VICE-PRESIDENT,,,SHIVA AYYADURAI / CRYSTAL ELLIS,0,0,0,0,0
Gregg,09,PRESIDENT/VICE-PRESIDENT,,,SHIVA AYYADURAI / CRYSTAL ELLIS,0,0,0,0,0
Gregg,10,PRESIDENT/VICE-PRESIDENT,,,SHIVA AYYADURAI / CRYSTAL ELLIS,0,0,0,0,0
Gregg,11,PRESIDENT/VICE-PRESIDENT,,,SHIVA AYYADURAI / CRYSTAL ELLIS,0,0,0,0,0
Gregg,12,PRESIDENT/VICE-PRESIDENT,,,SHIVA AYYADURAI / CRYSTAL ELLIS,0,0,0,0,0
Gregg,13,PRESIDENT/VICE-PRESIDENT,,,SHIVA AYYADURAI / CRYSTAL ELLIS,0,0,0,0,0
Gregg,14,PRESIDENT/VICE-PRESIDENT,,,SHIVA AYYADURAI / CRYSTAL ELLIS,0,0,0,0,0
Gregg,15,PRESIDENT/VICE-PRESIDENT,,,SHIVA AYYADURAI / CRYSTAL ELLIS,0,0,0,0,0
Gregg,16,PRESIDENT/VICE-PRESIDENT,,,SHIVA AYYADURAI / CRYSTAL ELLIS,0,0,0,0,0
Gregg,17,PRESIDENT/VICE-PRESIDENT,,,SHIVA AYYADURAI / CRYSTAL ELLIS,0,0,0,0,0
Gregg,18,PRESIDENT/VICE-PRESIDENT,,,SHIVA AYYADURAI / CRYSTAL ELLIS,0,0,0,0,0
Gregg,19,PRESIDENT/VICE-PRESIDENT,,,SHIVA AYYADURAI / CRYSTAL ELLIS,0,0,0,0,0
Gregg,20,PRESIDENT/VICE-PRESIDENT,,,SHIVA AYYADURAI / CRYSTAL ELLIS,0,0,0,0,0
Gregg,21,PRESIDENT/VICE-PRESIDENT,,,SHIVA AYYADURAI / CRYSTAL ELLIS,0,0,0,0,0
Gregg,01,PRESIDING JUDGE,,REP,DAVID J. SCHENCK,835,34,675,124,2
Gregg,02,PRESIDING JUDGE,,REP,DAVID J. SCHENCK,1796,157,1407,228,4
Gregg,03,PRESIDING JUDGE,,REP,DAVID J. SCHENCK,993,61,819,113,0
Gregg,04,PRESIDING JUDGE,,REP,DAVID J. SCHENCK,2039,90,1680,260,9
Gregg,05,PRESIDING JUDGE,,REP,DAVID J. SCHENCK,2168,68,1832,265,3
Gregg,06,PRESIDING JUDGE,,REP,DAVID J. SCHENCK,1603,52,1288,262,1
Gregg,07,PRESIDING JUDGE,,REP,DAVID J. SCHENCK,1790,44,1442,303,1
Gregg,08,PRESIDING JUDGE,,REP,DAVID J. SCHENCK,2269,67,1878,322,2
Gregg,09,PRESIDING JUDGE,,REP,DAVID J. SCHENCK,1990,89,1642,256,3
Gregg,10,PRESIDING JUDGE,,REP,DAVID J. SCHENCK,1573,53,1192,327,1
Gregg,11,PRESIDING JUDGE,,REP,DAVID J. SCHENCK,2111,79,1690,340,2
Gregg,12,PRESIDING JUDGE,,REP,DAVID J. SCHENCK,2921,63,2506,350,2
Gregg,13,PRESIDING JUDGE,,REP,DAVID J. SCHENCK,1517,41,1117,357,2
Gregg,14,PRESIDING JUDGE,,REP,DAVID J. SCHENCK,2814,58,2135,611,10
Gregg,15,PRESIDING JUDGE,,REP,DAVID J. SCHENCK,596,13,432,150,1
Gregg,16,PRESIDING JUDGE,,REP,DAVID J. SCHENCK,2296,55,1873,365,3
Gregg,17,PRESIDING JUDGE,,REP,DAVID J. SCHENCK,287,9,217,61,0
Gregg,18,PRESIDING JUDGE,,REP,DAVID J. SCHENCK,1181,40,986,152,3
Gregg,19,PRESIDING JUDGE,,REP,DAVID J. SCHENCK,309,18,175,115,1
Gregg,20,PRESIDING JUDGE,,REP,DAVID J. SCHENCK,427,20,297,109,1
Gregg,21,PRESIDING JUDGE,,REP,DAVID J. SCHENCK,1209,66,948,194,1
Gregg,01,PRESIDING JUDGE,,DEM,HOLLY TAYLOR,341,31,250,56,4
Gregg,02,PRESIDING JUDGE,,DEM,HOLLY TAYLOR,686,69,490,121,6
Gregg,03,PRESIDING JUDGE,,DEM,HOLLY TAYLOR,384,37,274,72,1
Gregg,04,PRESIDING JUDGE,,DEM,HOLLY TAYLOR,515,53,398,63,1
Gregg,05,PRESIDING JUDGE,,DEM,HOLLY TAYLOR,608,18,455,133,2
Gregg,06,PRESIDING JUDGE,,DEM,HOLLY TAYLOR,281,12,199,70,0
Gregg,07,PRESIDING JUDGE,,DEM,HOLLY TAYLOR,379,22,256,101,0
Gregg,08,PRESIDING JUDGE,,DEM,HOLLY TAYLOR,712,33,525,152,2
Gregg,09,PRESIDING JUDGE,,DEM,HOLLY TAYLOR,812,54,631,126,1
Gregg,10,PRESIDING JUDGE,,DEM,HOLLY TAYLOR,886,43,607,236,0
Gregg,11,PRESIDING JUDGE,,DEM,HOLLY TAYLOR,671,33,509,129,0
Gregg,12,PRESIDING JUDGE,,DEM,HOLLY TAYLOR,389,14,297,76,2
Gregg,13,PRESIDING JUDGE,,DEM,HOLLY TAYLOR,390,31,234,124,1
Gregg,14,PRESIDING JUDGE,,DEM,HOLLY TAYLOR,432,33,284,113,2
Gregg,15,PRESIDING JUDGE,,DEM,HOLLY TAYLOR,250,16,156,78,0
Gregg,16,PRESIDING JUDGE,,DEM,HOLLY TAYLOR,455,18,317,118,2
Gregg,17,PRESIDING JUDGE,,DEM,HOLLY TAYLOR,211,23,129,59,0
Gregg,18,PRESIDING JUDGE,,DEM,HOLLY TAYLOR,1010,90,767,153,0
Gregg,19,PRESIDING JUDGE,,DEM,HOLLY TAYLOR,1258,135,819,300,4
Gregg,20,PRESIDING JUDGE,,DEM,HOLLY TAYLOR,858,57,573,225,3
Gregg,21,PRESIDING JUDGE,,DEM,HOLLY TAYLOR,1052,92,717,238,5
Gregg,01,PROPOSITION 1,,,AGAINST,232,18,182,32,0
Gregg,02,PROPOSITION 1,,,AGAINST,633,79,479,69,6
Gregg,03,PROPOSITION 1,,,AGAINST,319,27,258,34,0
Gregg,04,PROPOSITION 1,,,AGAINST,673,41,564,63,5
Gregg,05,PROPOSITION 1,,,AGAINST,667,30,572,63,2
Gregg,06,PROPOSITION 1,,,AGAINST,346,10,286,49,1
Gregg,07,PROPOSITION 1,,,AGAINST,477,19,401,57,0
Gregg,01,PROPOSITION 1,,,FOR,914,34,729,145,6
Gregg,02,PROPOSITION 1,,,FOR,1779,106,1393,274,6
Gregg,03,PROPOSITION 1,,,FOR,1039,56,822,159,2
Gregg,04,PROPOSITION 1,,,FOR,1832,76,1492,260,4
Gregg,05,PROPOSITION 1,,,FOR,2078,40,1689,346,3
Gregg,06,PROPOSITION 1,,,FOR,1495,43,1174,278,0
Gregg,07,PROPOSITION 1,,,FOR,1685,42,1289,353,1
Gregg,01,RAILROAD COMMISSIONER,,REP,CHRISTI CRADDICK,796,33,645,116,2
Gregg,02,RAILROAD COMMISSIONER,,REP,CHRISTI CRADDICK,1713,142,1348,219,4
Gregg,03,RAILROAD COMMISSIONER,,REP,CHRISTI CRADDICK,954,62,784,108,0
Gregg,04,RAILROAD COMMISSIONER,,REP,CHRISTI CRADDICK,1993,92,1641,251,9
Gregg,05,RAILROAD COMMISSIONER,,REP,CHRISTI CRADDICK,2092,66,1772,251,3
Gregg,06,RAILROAD COMMISSIONER,,REP,CHRISTI CRADDICK,1565,51,1263,250,1
Gregg,07,RAILROAD COMMISSIONER,,REP,CHRISTI CRADDICK,1749,43,1410,295,1
Gregg,08,RAILROAD COMMISSIONER,,REP,CHRISTI CRADDICK,2201,70,1832,297,2
Gregg,09,RAILROAD COMMISSIONER,,REP,CHRISTI CRADDICK,1948,88,1598,260,2
Gregg,10,RAILROAD COMMISSIONER,,REP,CHRISTI CRADDICK,1527,56,1173,297,1
Gregg,11,RAILROAD COMMISSIONER,,REP,CHRISTI CRADDICK,2041,80,1633,326,2
Gregg,12,RAILROAD COMMISSIONER,,REP,CHRISTI CRADDICK,2827,64,2433,326,4
Gregg,13,RAILROAD COMMISSIONER,,REP,CHRISTI CRADDICK,1443,40,1056,345,2
Gregg,14,RAILROAD COMMISSIONER,,REP,CHRISTI CRADDICK,2708,60,2062,575,11
Gregg,15,RAILROAD COMMISSIONER,,REP,CHRISTI CRADDICK,584,12,424,147,1
Gregg,16,RAILROAD COMMISSIONER,,REP,CHRISTI CRADDICK,2221,56,1813,349,3
Gregg,17,RAILROAD COMMISSIONER,,REP,CHRISTI CRADDICK,283,9,213,61,0
Gregg,18,RAILROAD COMMISSIONER,,REP,CHRISTI CRADDICK,1139,39,954,143,3
Gregg,19,RAILROAD COMMISSIONER,,REP,CHRISTI CRADDICK,289,16,164,108,1
Gregg,20,RAILROAD COMMISSIONER,,REP,CHRISTI CRADDICK,410,18,285,106,1
Gregg,21,RAILROAD COMMISSIONER,,REP,CHRISTI CRADDICK,1180,69,931,178,2
Gregg,01,RAILROAD COMMISSIONER,,GRN,EDDIE ESPINOZA,21,1,13,7,0
Gregg,02,RAILROAD COMMISSIONER,,GRN,EDDIE ESPINOZA,31,2,20,9,0
Gregg,03,RAILROAD COMMISSIONER,,GRN,EDDIE ESPINOZA,20,0,12,8,0
Gregg,04,RAILROAD COMMISSIONER,,GRN,EDDIE ESPINOZA,15,1,12,2,0
Gregg,05,RAILROAD COMMISSIONER,,GRN,EDDIE ESPINOZA,29,3,18,8,0
Gregg,06,RAILROAD COMMISSIONER,,GRN,EDDIE ESPINOZA,13,0,6,7,0
Gregg,07,RAILROAD COMMISSIONER,,GRN,EDDIE ESPINOZA,13,0,6,6,1
Gregg,08,RAILROAD COMMISSIONER,,GRN,EDDIE ESPINOZA,31,0,21,10,0
Gregg,09,RAILROAD COMMISSIONER,,GRN,EDDIE ESPINOZA,22,2,13,7,0
Gregg,10,RAILROAD COMMISSIONER,,GRN,EDDIE ESPINOZA,45,0,23,22,0
Gregg,11,RAILROAD COMMISSIONER,,GRN,EDDIE ESPINOZA,36,0,27,9,0
Gregg,12,RAILROAD COMMISSIONER,,GRN,EDDIE ESPINOZA,18,0,10,8,0
Gregg,13,RAILROAD COMMISSIONER,,GRN,EDDIE ESPINOZA,23,1,11,11,0
Gregg,14,RAILROAD COMMISSIONER,,GRN,EDDIE ESPINOZA,29,0,18,11,0
Gregg,15,RAILROAD COMMISSIONER,,GRN,EDDIE ESPINOZA,12,0,8,4,0
Gregg,16,RAILROAD COMMISSIONER,,GRN,EDDIE ESPINOZA,29,1,21,7,0
Gregg,17,RAILROAD COMMISSIONER,,GRN,EDDIE ESPINOZA,3,0,2,1,0
Gregg,18,RAILROAD COMMISSIONER,,GRN,EDDIE ESPINOZA,22,0,15,7,0
Gregg,19,RAILROAD COMMISSIONER,,GRN,EDDIE ESPINOZA,30,1,16,11,2
Gregg,20,RAILROAD COMMISSIONER,,GRN,EDDIE ESPINOZA,34,2,22,10,0
Gregg,21,RAILROAD COMMISSIONER,,GRN,EDDIE ESPINOZA,47,1,30,15,1
Gregg,01,RAILROAD COMMISSIONER,,LIB,HAWK DUNLAP,42,0,35,7,0
Gregg,02,RAILROAD COMMISSIONER,,LIB,HAWK DUNLAP,99,8,74,17,0
Gregg,03,RAILROAD COMMISSIONER,,LIB,HAWK DUNLAP,56,1,46,9,0
Gregg,04,RAILROAD COMMISSIONER,,LIB,HAWK DUNLAP,71,0,56,15,0
Gregg,05,RAILROAD COMMISSIONER,,LIB,HAWK DUNLAP,109,1,85,23,0
Gregg,06,RAILROAD COMMISSIONER,,LIB,HAWK DUNLAP,59,1,44,14,0
Gregg,07,RAILROAD COMMISSIONER,,LIB,HAWK DUNLAP,79,2,61,16,0
Gregg,08,RAILROAD COMMISSIONER,,LIB,HAWK DUNLAP,79,1,53,25,0
Gregg,09,RAILROAD COMMISSIONER,,LIB,HAWK DUNLAP,89,1,74,14,0
Gregg,10,RAILROAD COMMISSIONER,,LIB,HAWK DUNLAP,67,1,38,28,0
Gregg,11,RAILROAD COMMISSIONER,,LIB,HAWK DUNLAP,82,1,58,23,0
Gregg,12,RAILROAD COMMISSIONER,,LIB,HAWK DUNLAP,111,0,82,29,0
Gregg,13,RAILROAD COMMISSIONER,,LIB,HAWK DUNLAP,92,1,73,18,0
Gregg,14,RAILROAD COMMISSIONER,,LIB,HAWK DUNLAP,115,2,71,42,0
Gregg,15,RAILROAD COMMISSIONER,,LIB,HAWK DUNLAP,15,1,9,5,0
Gregg,16,RAILROAD COMMISSIONER,,LIB,HAWK DUNLAP,92,0,70,22,0
Gregg,17,RAILROAD COMMISSIONER,,LIB,HAWK DUNLAP,15,1,8,6,0
Gregg,18,RAILROAD COMMISSIONER,,LIB,HAWK DUNLAP,59,1,45,13,0
Gregg,19,RAILROAD COMMISSIONER,,LIB,HAWK DUNLAP,33,2,19,12,0
Gregg,20,RAILROAD COMMISSIONER,,LIB,HAWK DUNLAP,25,1,16,8,0
Gregg,21,RAILROAD COMMISSIONER,,LIB,HAWK DUNLAP,55,1,33,21,0
Gregg,01,RAILROAD COMMISSIONER,,DEM,KATHERINE CULBERT,313,30,229,50,4
Gregg,02,RAILROAD COMMISSIONER,,DEM,KATHERINE CULBERT,630,75,445,104,6
Gregg,03,RAILROAD COMMISSIONER,,DEM,KATHERINE CULBERT,342,35,245,61,1
Gregg,04,RAILROAD COMMISSIONER,,DEM,KATHERINE CULBERT,471,50,363,57,1
Gregg,05,RAILROAD COMMISSIONER,,DEM,KATHERINE CULBERT,535,15,402,117,1
Gregg,06,RAILROAD COMMISSIONER,,DEM,KATHERINE CULBERT,251,12,179,60,0
Gregg,07,RAILROAD COMMISSIONER,,DEM,KATHERINE CULBERT,345,22,231,92,0
Gregg,08,RAILROAD COMMISSIONER,,DEM,KATHERINE CULBERT,656,32,481,141,2
Gregg,09,RAILROAD COMMISSIONER,,DEM,KATHERINE CULBERT,750,51,587,111,1
Gregg,10,RAILROAD COMMISSIONER,,DEM,KATHERINE CULBERT,808,40,556,212,0
Gregg,11,RAILROAD COMMISSIONER,,DEM,KATHERINE CULBERT,627,31,482,114,0
Gregg,12,RAILROAD COMMISSIONER,,DEM,KATHERINE CULBERT,348,14,275,59,0
Gregg,13,RAILROAD COMMISSIONER,,DEM,KATHERINE CULBERT,346,30,213,103,0
Gregg,14,RAILROAD COMMISSIONER,,DEM,KATHERINE CULBERT,383,31,258,92,2
Gregg,15,RAILROAD COMMISSIONER,,DEM,KATHERINE CULBERT,229,16,143,70,0
Gregg,16,RAILROAD COMMISSIONER,,DEM,KATHERINE CULBERT,389,17,273,97,2
Gregg,17,RAILROAD COMMISSIONER,,DEM,KATHERINE CULBERT,197,22,122,53,0
Gregg,18,RAILROAD COMMISSIONER,,DEM,KATHERINE CULBERT,973,91,740,142,0
Gregg,19,RAILROAD COMMISSIONER,,DEM,KATHERINE CULBERT,1204,134,784,284,2
Gregg,20,RAILROAD COMMISSIONER,,DEM,KATHERINE CULBERT,800,56,534,207,3
Gregg,21,RAILROAD COMMISSIONER,,DEM,KATHERINE CULBERT,970,88,662,217,3
Gregg,01,RAILROAD COMMISSIONER,,,RICHARD MCKIBBIN,0,0,0,0,0
Gregg,02,RAILROAD COMMISSIONER,,,RICHARD MCKIBBIN,0,0,0,0,0
Gregg,03,RAILROAD COMMISSIONER,,,RICHARD MCKIBBIN,0,0,0,0,0
Gregg,04,RAILROAD COMMISSIONER,,,RICHARD MCKIBBIN,0,0,0,0,0
Gregg,05,RAILROAD COMMISSIONER,,,RICHARD MCKIBBIN,1,1,0,0,0
Gregg,06,RAILROAD COMMISSIONER,,,RICHARD MCKIBBIN,0,0,0,0,0
Gregg,07,RAILROAD COMMISSIONER,,,RICHARD MCKIBBIN,0,0,0,0,0
Gregg,08,RAILROAD COMMISSIONER,,,RICHARD MCKIBBIN,2,0,0,2,0
Gregg,09,RAILROAD COMMISSIONER,,,RICHARD MCKIBBIN,1,0,0,1,0
Gregg,10,RAILROAD COMMISSIONER,,,RICHARD MCKIBBIN,0,0,0,0,0
Gregg,11,RAILROAD COMMISSIONER,,,RICHARD MCKIBBIN,0,0,0,0,0
Gregg,12,RAILROAD COMMISSIONER,,,RICHARD MCKIBBIN,0,0,0,0,0
Gregg,13,RAILROAD COMMISSIONER,,,RICHARD MCKIBBIN,0,0,0,0,0
Gregg,14,RAILROAD COMMISSIONER,,,RICHARD MCKIBBIN,0,0,0,0,0
Gregg,15,RAILROAD COMMISSIONER,,,RICHARD MCKIBBIN,0,0,0,0,0
Gregg,16,RAILROAD COMMISSIONER,,,RICHARD MCKIBBIN,1,0,0,1,0
Gregg,17,RAILROAD COMMISSIONER,,,RICHARD MCKIBBIN,0,0,0,0,0
Gregg,18,RAILROAD COMMISSIONER,,,RICHARD MCKIBBIN,2,0,2,0,0
Gregg,19,RAILROAD COMMISSIONER,,,RICHARD MCKIBBIN,0,0,0,0,0
Gregg,20,RAILROAD COMMISSIONER,,,RICHARD MCKIBBIN,1,0,1,0,0
Gregg,21,RAILROAD COMMISSIONER,,,RICHARD MCKIBBIN,1,0,0,1,0
Gregg,01,Registered Voters,,,,1778,,,,
Gregg,02,Registered Voters,,,,3890,,,,
Gregg,03,Registered Voters,,,,2339,,,,
Gregg,04,Registered Voters,,,,3558,,,,
Gregg,05,Registered Voters,,,,4318,,,,
Gregg,06,Registered Voters,,,,2739,,,,
Gregg,07,Registered Voters,,,,3479,,,,
Gregg,08,Registered Voters,,,,4768,,,,
Gregg,09,Registered Voters,,,,4288,,,,
Gregg,10,Registered Voters,,,,5000,,,,
Gregg,11,Registered Voters,,,,4633,,,,
Gregg,12,Registered Voters,,,,4870,,,,
Gregg,13,Registered Voters,,,,3429,,,,
Gregg,14,Registered Voters,,,,4983,,,,
Gregg,15,Registered Voters,,,,1686,,,,
Gregg,16,Registered Voters,,,,4418,,,,
Gregg,17,Registered Voters,,,,1016,,,,
Gregg,18,Registered Voters,,,,3458,,,,
Gregg,19,Registered Voters,,,,3519,,,,
Gregg,20,Registered Voters,,,,3447,,,,
Gregg,21,Registered Voters,,,,4824,,,,
Gregg,01,SHERIFF,,REP,MAXEY CERLIANO,955,39,761,152,3
Gregg,02,SHERIFF,,REP,MAXEY CERLIANO,2033,150,1591,287,5
Gregg,03,SHERIFF,,REP,MAXEY CERLIANO,1124,63,915,146,0
Gregg,04,SHERIFF,,REP,MAXEY CERLIANO,2212,109,1806,288,9
Gregg,05,SHERIFF,,REP,MAXEY CERLIANO,2402,66,2011,320,5
Gregg,06,SHERIFF,,REP,MAXEY CERLIANO,1701,47,1350,303,1
Gregg,07,SHERIFF,,REP,MAXEY CERLIANO,1954,47,1541,365,1
Gregg,08,SHERIFF,,REP,MAXEY CERLIANO,2533,77,2064,390,2
Gregg,09,SHERIFF,,REP,MAXEY CERLIANO,2310,97,1887,323,3
Gregg,10,SHERIFF,,REP,MAXEY CERLIANO,1893,58,1406,428,1
Gregg,11,SHERIFF,,REP,MAXEY CERLIANO,2356,87,1869,398,2
Gregg,12,SHERIFF,,REP,MAXEY CERLIANO,3054,59,2600,392,3
Gregg,13,SHERIFF,,REP,MAXEY CERLIANO,1626,53,1172,399,2
Gregg,14,SHERIFF,,REP,MAXEY CERLIANO,2980,67,2235,668,10
Gregg,15,SHERIFF,,REP,MAXEY CERLIANO,704,10,503,190,1
Gregg,16,SHERIFF,,REP,MAXEY CERLIANO,2525,63,2035,424,3
Gregg,17,SHERIFF,,REP,MAXEY CERLIANO,351,16,253,82,0
Gregg,18,SHERIFF,,REP,MAXEY CERLIANO,1509,62,1219,224,4
Gregg,19,SHERIFF,,REP,MAXEY CERLIANO,672,54,388,227,3
Gregg,20,SHERIFF,,REP,MAXEY CERLIANO,692,32,468,189,3
Gregg,21,SHERIFF,,REP,MAXEY CERLIANO,1584,108,1176,298,2
Gregg,01,STATE REPRESENTATIVE,7,REP,JAY DEAN,842,32,682,125,3
Gregg,02,STATE REPRESENTATIVE,7,REP,JAY DEAN,1839,146,1454,234,5
Gregg,03,STATE REPRESENTATIVE,7,REP,JAY DEAN,1022,62,840,120,0
Gregg,04,STATE REPRESENTATIVE,7,REP,JAY DEAN,2060,87,1702,262,9
Gregg,05,STATE REPRESENTATIVE,7,REP,JAY DEAN,2200,64,1861,272,3
Gregg,06,STATE REPRESENTATIVE,7,REP,JAY DEAN,1609,48,1302,258,1
Gregg,07,STATE REPRESENTATIVE,7,REP,JAY DEAN,1824,44,1461,318,1
Gregg,08,STATE REPRESENTATIVE,7,REP,JAY DEAN,2309,67,1905,335,2
Gregg,09,STATE REPRESENTATIVE,7,REP,JAY DEAN,2037,89,1672,273,3
Gregg,10,STATE REPRESENTATIVE,7,REP,JAY DEAN,1621,53,1235,332,1
Gregg,11,STATE REPRESENTATIVE,7,REP,JAY DEAN,2165,86,1728,349,2
Gregg,12,STATE REPRESENTATIVE,7,REP,JAY DEAN,2926,55,2517,351,3
Gregg,13,STATE REPRESENTATIVE,7,REP,JAY DEAN,1535,39,1136,358,2
Gregg,14,STATE REPRESENTATIVE,7,REP,JAY DEAN,2829,55,2147,616,11
Gregg,15,STATE REPRESENTATIVE,7,REP,JAY DEAN,598,8,444,145,1
Gregg,16,STATE REPRESENTATIVE,7,REP,JAY DEAN,2334,52,1909,370,3
Gregg,17,STATE REPRESENTATIVE,7,REP,JAY DEAN,291,7,220,64,0
Gregg,18,STATE REPRESENTATIVE,7,REP,JAY DEAN,1205,35,1011,157,2
Gregg,19,STATE REPRESENTATIVE,7,REP,JAY DEAN,333,11,196,125,1
Gregg,20,STATE REPRESENTATIVE,7,REP,JAY DEAN,434,18,300,115,1
Gregg,21,STATE REPRESENTATIVE,7,REP,JAY DEAN,1267,73,985,208,1
Gregg,01,STATE REPRESENTATIVE,7,DEM,MARLENA R. COOPER,338,29,248,58,3
Gregg,02,STATE REPRESENTATIVE,7,DEM,MARLENA R. COOPER,652,66,463,117,6
Gregg,03,STATE REPRESENTATIVE,7,DEM,MARLENA R. COOPER,362,31,259,71,1
Gregg,04,STATE REPRESENTATIVE,7,DEM,MARLENA R. COOPER,494,45,384,64,1
Gregg,05,STATE REPRESENTATIVE,7,DEM,MARLENA R. COOPER,594,14,448,130,2
Gregg,06,STATE REPRESENTATIVE,7,DEM,MARLENA R. COOPER,274,10,188,76,0
Gregg,07,STATE REPRESENTATIVE,7,DEM,MARLENA R. COOPER,363,19,249,95,0
Gregg,08,STATE REPRESENTATIVE,7,DEM,MARLENA R. COOPER,695,29,516,148,2
Gregg,09,STATE REPRESENTATIVE,7,DEM,MARLENA R. COOPER,792,48,621,122,1
Gregg,10,STATE REPRESENTATIVE,7,DEM,MARLENA R. COOPER,858,35,587,236,0
Gregg,11,STATE REPRESENTATIVE,7,DEM,MARLENA R. COOPER,658,25,503,130,0
Gregg,12,STATE REPRESENTATIVE,7,DEM,MARLENA R. COOPER,399,14,309,75,1
Gregg,13,STATE REPRESENTATIVE,7,DEM,MARLENA R. COOPER,379,31,228,119,1
Gregg,14,STATE REPRESENTATIVE,7,DEM,MARLENA R. COOPER,426,34,276,114,2
Gregg,15,STATE REPRESENTATIVE,7,DEM,MARLENA R. COOPER,242,10,152,80,0
Gregg,16,STATE REPRESENTATIVE,7,DEM,MARLENA R. COOPER,433,19,298,114,2
Gregg,17,STATE REPRESENTATIVE,7,DEM,MARLENA R. COOPER,205,22,127,56,0
Gregg,18,STATE REPRESENTATIVE,7,DEM,MARLENA R. COOPER,998,91,757,149,1
Gregg,19,STATE REPRESENTATIVE,7,DEM,MARLENA R. COOPER,1251,131,815,299,6
Gregg,20,STATE REPRESENTATIVE,7,DEM,MARLENA R. COOPER,860,54,582,221,3
Gregg,21,STATE REPRESENTATIVE,7,DEM,MARLENA R. COOPER,1036,86,711,234,5
Gregg,01,U.S. HOUSE,1,REP,NATHANIEL MORAN,941,40,748,150,3
Gregg,02,U.S. HOUSE,1,REP,NATHANIEL MORAN,2011,157,1562,287,5
Gregg,03,U.S. HOUSE,1,REP,NATHANIEL MORAN,1136,71,919,146,0
Gregg,04,U.S. HOUSE,1,REP,NATHANIEL MORAN,2201,106,1797,290,8
Gregg,05,U.S. HOUSE,1,REP,NATHANIEL MORAN,2390,69,1990,326,5
Gregg,06,U.S. HOUSE,1,REP,NATHANIEL MORAN,1700,54,1347,298,1
Gregg,07,U.S. HOUSE,1,REP,NATHANIEL MORAN,1947,48,1536,362,1
Gregg,08,U.S. HOUSE,1,REP,NATHANIEL MORAN,2502,75,2042,383,2
Gregg,09,U.S. HOUSE,1,REP,NATHANIEL MORAN,2274,104,1837,330,3
Gregg,10,U.S. HOUSE,1,REP,NATHANIEL MORAN,1892,61,1389,441,1
Gregg,11,U.S. HOUSE,1,REP,NATHANIEL MORAN,2355,88,1868,397,2
Gregg,12,U.S. HOUSE,1,REP,NATHANIEL MORAN,3056,61,2601,391,3
Gregg,13,U.S. HOUSE,1,REP,NATHANIEL MORAN,1633,53,1182,396,2
Gregg,14,U.S. HOUSE,1,REP,NATHANIEL MORAN,2952,69,2209,663,11
Gregg,15,U.S. HOUSE,1,REP,NATHANIEL MORAN,677,12,480,184,1
Gregg,16,U.S. HOUSE,1,REP,NATHANIEL MORAN,2468,59,1981,425,3
Gregg,17,U.S. HOUSE,1,REP,NATHANIEL MORAN,338,14,241,83,0
Gregg,18,U.S. HOUSE,1,REP,NATHANIEL MORAN,1455,55,1183,214,3
Gregg,19,U.S. HOUSE,1,REP,NATHANIEL MORAN,624,44,354,223,3
Gregg,20,U.S. HOUSE,1,REP,NATHANIEL MORAN,669,34,443,190,2
Gregg,21,U.S. HOUSE,1,REP,NATHANIEL MORAN,1545,94,1151,297,3
Gregg,01,U.S. SENATE,,,ANALISA ROCHE,0,0,0,0,0
Gregg,02,U.S. SENATE,,,ANALISA ROCHE,0,0,0,0,0
Gregg,03,U.S. SENATE,,,ANALISA ROCHE,0,0,0,0,0
Gregg,04,U.S. SENATE,,,ANALISA ROCHE,0,0,0,0,0
Gregg,05,U.S. SENATE,,,ANALISA ROCHE,1,1,0,0,0
Gregg,06,U.S. SENATE,,,ANALISA ROCHE,0,0,0,0,0
Gregg,07,U.S. SENATE,,,ANALISA ROCHE,0,0,0,0,0
Gregg,08,U.S. SENATE,,,ANALISA ROCHE,2,0,0,2,0
Gregg,09,U.S. SENATE,,,ANALISA ROCHE,1,0,0,1,0
Gregg,10,U.S. SENATE,,,ANALISA ROCHE,0,0,0,0,0
Gregg,11,U.S. SENATE,,,ANALISA ROCHE,2,0,2,0,0
Gregg,12,U.S. SENATE,,,ANALISA ROCHE,0,0,0,0,0
Gregg,13,U.S. SENATE,,,ANALISA ROCHE,0,0,0,0,0
Gregg,14,U.S. SENATE,,,ANALISA ROCHE,1,0,1,0,0
Gregg,15,U.S. SENATE,,,ANALISA ROCHE,0,0,0,0,0
Gregg,16,U.S. SENATE,,,ANALISA ROCHE,0,0,0,0,0
Gregg,17,U.S. SENATE,,,ANALISA ROCHE,0,0,0,0,0
Gregg,18,U.S. SENATE,,,ANALISA ROCHE,2,0,2,0,0
Gregg,19,U.S. SENATE,,,ANALISA ROCHE,0,0,0,0,0
Gregg,20,U.S. SENATE,,,ANALISA ROCHE,1,0,1,0,0
Gregg,21,U.S. SENATE,,,ANALISA ROCHE,0,0,0,0,0
Gregg,01,U.S. SENATE,,DEM,COLIN ALLRED,383,30,279,70,4
Gregg,02,U.S. SENATE,,DEM,COLIN ALLRED,773,81,546,140,6
Gregg,03,U.S. SENATE,,DEM,COLIN ALLRED,438,43,306,88,1
Gregg,04,U.S. SENATE,,DEM,COLIN ALLRED,580,57,437,85,1
Gregg,05,U.S. SENATE,,DEM,COLIN ALLRED,650,26,487,136,1
Gregg,06,U.S. SENATE,,DEM,COLIN ALLRED,327,16,228,83,0
Gregg,07,U.S. SENATE,,DEM,COLIN ALLRED,427,23,295,108,1
Gregg,08,U.S. SENATE,,DEM,COLIN ALLRED,792,38,580,172,2
Gregg,09,U.S. SENATE,,DEM,COLIN ALLRED,900,57,690,152,1
Gregg,10,U.S. SENATE,,DEM,COLIN ALLRED,941,46,642,253,0
Gregg,11,U.S. SENATE,,DEM,COLIN ALLRED,757,35,581,141,0
Gregg,12,U.S. SENATE,,DEM,COLIN ALLRED,440,17,337,84,2
Gregg,13,U.S. SENATE,,DEM,COLIN ALLRED,414,30,252,131,1
Gregg,14,U.S. SENATE,,DEM,COLIN ALLRED,474,35,314,123,2
Gregg,15,U.S. SENATE,,DEM,COLIN ALLRED,277,18,168,91,0
Gregg,16,U.S. SENATE,,DEM,COLIN ALLRED,508,25,355,126,2
Gregg,17,U.S. SENATE,,DEM,COLIN ALLRED,223,23,139,61,0
Gregg,18,U.S. SENATE,,DEM,COLIN ALLRED,1055,91,801,162,1
Gregg,19,U.S. SENATE,,DEM,COLIN ALLRED,1302,136,844,317,5
Gregg,20,U.S. SENATE,,DEM,COLIN ALLRED,895,56,603,233,3
Gregg,21,U.S. SENATE,,DEM,COLIN ALLRED,1104,97,759,243,5
Gregg,01,U.S. SENATE,,LIB,TED BROWN,29,2,20,7,0
Gregg,02,U.S. SENATE,,LIB,TED BROWN,45,2,34,9,0
Gregg,03,U.S. SENATE,,LIB,TED BROWN,33,1,27,5,0
Gregg,04,U.S. SENATE,,LIB,TED BROWN,42,2,30,10,0
Gregg,05,U.S. SENATE,,LIB,TED BROWN,62,5,39,18,0
Gregg,06,U.S. SENATE,,LIB,TED BROWN,41,0,24,17,0
Gregg,07,U.S. SENATE,,LIB,TED BROWN,52,0,31,21,0
Gregg,08,U.S. SENATE,,LIB,TED BROWN,56,0,27,29,0
Gregg,09,U.S. SENATE,,LIB,TED BROWN,54,0,41,13,0
Gregg,10,U.S. SENATE,,LIB,TED BROWN,73,2,43,28,0
Gregg,11,U.S. SENATE,,LIB,TED BROWN,43,0,30,13,0
Gregg,12,U.S. SENATE,,LIB,TED BROWN,62,0,32,30,0
Gregg,13,U.S. SENATE,,LIB,TED BROWN,49,3,25,21,0
Gregg,14,U.S. SENATE,,LIB,TED BROWN,66,1,43,22,0
Gregg,15,U.S. SENATE,,LIB,TED BROWN,20,1,15,4,0
Gregg,16,U.S. SENATE,,LIB,TED BROWN,57,1,28,28,0
Gregg,17,U.S. SENATE,,LIB,TED BROWN,9,0,4,5,0
Gregg,18,U.S. SENATE,,LIB,TED BROWN,37,1,23,13,0
Gregg,19,U.S. SENATE,,LIB,TED BROWN,35,1,18,16,0
Gregg,20,U.S. SENATE,,LIB,TED BROWN,31,2,16,13,0
Gregg,21,U.S. SENATE,,LIB,TED BROWN,71,7,38,26,0
Gregg,01,U.S. SENATE,,REP,TED CRUZ,786,31,645,108,2
Gregg,02,U.S. SENATE,,REP,TED CRUZ,1740,150,1370,216,4
Gregg,03,U.S. SENATE,,REP,TED CRUZ,948,58,785,105,0
Gregg,04,U.S. SENATE,,REP,TED CRUZ,1982,87,1647,239,9
Gregg,05,U.S. SENATE,,REP,TED CRUZ,2137,63,1810,260,4
Gregg,06,U.S. SENATE,,REP,TED CRUZ,1541,49,1252,239,1
Gregg,07,U.S. SENATE,,REP,TED CRUZ,1755,45,1418,291,1
Gregg,08,U.S. SENATE,,REP,TED CRUZ,2209,70,1847,290,2
Gregg,09,U.S. SENATE,,REP,TED CRUZ,1927,91,1595,238,3
Gregg,10,U.S. SENATE,,REP,TED CRUZ,1525,55,1164,305,1
Gregg,11,U.S. SENATE,,REP,TED CRUZ,2072,81,1655,334,2
Gregg,12,U.S. SENATE,,REP,TED CRUZ,2881,62,2485,332,2
Gregg,13,U.S. SENATE,,REP,TED CRUZ,1485,42,1103,338,2
Gregg,14,U.S. SENATE,,REP,TED CRUZ,2763,59,2096,597,11
Gregg,15,U.S. SENATE,,REP,TED CRUZ,574,12,421,140,1
Gregg,16,U.S. SENATE,,REP,TED CRUZ,2245,50,1857,335,3
Gregg,17,U.S. SENATE,,REP,TED CRUZ,278,9,213,56,0
Gregg,18,U.S. SENATE,,REP,TED CRUZ,1153,39,969,142,3
Gregg,19,U.S. SENATE,,REP,TED CRUZ,281,19,161,99,2
Gregg,20,U.S. SENATE,,REP,TED CRUZ,404,19,279,105,1
Gregg,21,U.S. SENATE,,REP,TED CRUZ,1176,61,931,183,1
Gregg,01,U.S. SENATE,,,TRACY ANDRUS,0,0,0,0,0
Gregg,02,U.S. SENATE,,,TRACY ANDRUS,0,0,0,0,0
Gregg,03,U.S. SENATE,,,TRACY ANDRUS,0,0,0,0,0
Gregg,04,U.S. SENATE,,,TRACY ANDRUS,0,0,0,0,0
Gregg,05,U.S. SENATE,,,TRACY ANDRUS,0,0,0,0,0
Gregg,06,U.S. SENATE,,,TRACY ANDRUS,0,0,0,0,0
Gregg,07,U.S. SENATE,,,TRACY ANDRUS,0,0,0,0,0
Gregg,08,U.S. SENATE,,,TRACY ANDRUS,1,0,0,1,0
Gregg,09,U.S. SENATE,,,TRACY ANDRUS,1,0,1,0,0
Gregg,10,U.S. SENATE,,,TRACY ANDRUS,2,0,1,1,0
Gregg,11,U.S. SENATE,,,TRACY ANDRUS,1,0,1,0,0
Gregg,12,U.S. SENATE,,,TRACY ANDRUS,0,0,0,0,0
Gregg,13,U.S. SENATE,,,TRACY ANDRUS,0,0,0,0,0
Gregg,14,U.S. SENATE,,,TRACY ANDRUS,1,0,0,1,0
Gregg,15,U.S. SENATE,,,TRACY ANDRUS,0,0,0,0,0
Gregg,16,U.S. SENATE,,,TRACY ANDRUS,0,0,0,0,0
Gregg,17,U.S. SENATE,,,TRACY ANDRUS,0,0,0,0,0
Gregg,18,U.S. SENATE,,,TRACY ANDRUS,0,0,0,0,0
Gregg,19,U.S. SENATE,,,TRACY ANDRUS,0,0,0,0,0
Gregg,20,U.S. SENATE,,,TRACY ANDRUS,0,0,0,0,0
Gregg,21,U.S. SENATE,,,TRACY ANDRUS,0,0,0,0,0