county,precinct,office,district,party,candidate,votes,ballot_by_mail,early_voting,election_day
Rockwall,1,Ballots Cast,,,,3642,0,0,0
Rockwall,1A,Ballots Cast,,,,2023,0,0,0
Rockwall,1B,Ballots Cast,,,,4222,0,0,0
Rockwall,1C,Ballots Cast,,,,3390,0,0,0
Rockwall,1D,Ballots Cast,,,,661,0,0,0
Rockwall,1E,Ballots Cast,,,,2436,0,0,0
Rockwall,2,Ballots Cast,,,,3119,0,0,0
Rockwall,2A,Ballots Cast,,,,2816,0,0,0
Rockwall,2B,Ballots Cast,,,,1379,0,0,0
Rockwall,2C,Ballots Cast,,,,1325,0,0,0
Rockwall,2D,Ballots Cast,,,,1764,0,0,0
Rockwall,2E,Ballots Cast,,,,1707,0,0,0
Rockwall,2F,Ballots Cast,,,,734,0,0,0
Rockwall,3,Ballots Cast,,,,1916,0,0,0
Rockwall,3A,Ballots Cast,,,,2822,0,0,0
Rockwall,3B,Ballots Cast,,,,3253,0,0,0
Rockwall,3C,Ballots Cast,,,,3000,0,0,0
Rockwall,3D,Ballots Cast,,,,4124,0,0,0
Rockwall,3E,Ballots Cast,,,,2568,0,0,0
Rockwall,4,Ballots Cast,,,,1855,0,0,0
Rockwall,4A,Ballots Cast,,,,3338,0,0,0
Rockwall,4B,Ballots Cast,,,,2911,0,0,0
Rockwall,4C,Ballots Cast,,,,3043,0,0,0
Rockwall,4D,Ballots Cast,,,,2345,0,0,0
Rockwall,4E,Ballots Cast,,,,1963,0,0,0
Rockwall,4F,Ballots Cast,,,,384,0,0,0
Rockwall,1,Chief Justice,,REP,Justin Jay 'J.J.' Koch,2593,78,2179,336
Rockwall,1A,Chief Justice,,REP,Justin Jay 'J.J.' Koch,1250,43,1056,151
Rockwall,1B,Chief Justice,,REP,Justin Jay 'J.J.' Koch,3078,66,2605,407
Rockwall,1C,Chief Justice,,REP,Justin Jay 'J.J.' Koch,2431,67,2029,335
Rockwall,1D,Chief Justice,,REP,Justin Jay 'J.J.' Koch,403,13,310,80
Rockwall,1E,Chief Justice,,REP,Justin Jay 'J.J.' Koch,1875,62,1588,225
Rockwall,2,Chief Justice,,REP,Justin Jay 'J.J.' Koch,2175,84,1849,242
Rockwall,2A,Chief Justice,,REP,Justin Jay 'J.J.' Koch,2017,78,1701,238
Rockwall,2B,Chief Justice,,REP,Justin Jay 'J.J.' Koch,848,32,695,121
Rockwall,2C,Chief Justice,,REP,Justin Jay 'J.J.' Koch,1053,20,934,99
Rockwall,2D,Chief Justice,,REP,Justin Jay 'J.J.' Koch,983,43,744,196
Rockwall,2E,Chief Justice,,REP,Justin Jay 'J.J.' Koch,920,13,667,240
Rockwall,2F,Chief Justice,,REP,Justin Jay 'J.J.' Koch,494,25,418,51
Rockwall,3,Chief Justice,,REP,Justin Jay 'J.J.' Koch,1238,39,983,216
Rockwall,3A,Chief Justice,,REP,Justin Jay 'J.J.' Koch,2214,55,1919,240
Rockwall,3B,Chief Justice,,REP,Justin Jay 'J.J.' Koch,2336,57,1982,297
Rockwall,3C,Chief Justice,,REP,Justin Jay 'J.J.' Koch,2439,59,2178,202
Rockwall,3D,Chief Justice,,REP,Justin Jay 'J.J.' Koch,3172,81,2664,427
Rockwall,3E,Chief Justice,,REP,Justin Jay 'J.J.' Koch,1930,26,1716,188
Rockwall,4,Chief Justice,,REP,Justin Jay 'J.J.' Koch,1257,34,1063,160
Rockwall,4A,Chief Justice,,REP,Justin Jay 'J.J.' Koch,2168,35,1865,268
Rockwall,4B,Chief Justice,,REP,Justin Jay 'J.J.' Koch,1920,27,1538,355
Rockwall,4C,Chief Justice,,REP,Justin Jay 'J.J.' Koch,2112,45,1736,331
Rockwall,4D,Chief Justice,,REP,Justin Jay 'J.J.' Koch,1527,30,1281,216
Rockwall,4E,Chief Justice,,REP,Justin Jay 'J.J.' Koch,1358,38,1132,188
Rockwall,4F,Chief Justice,,REP,Justin Jay 'J.J.' Koch,307,4,261,42
Rockwall,1,Chief Justice,,DEM,Staci Williams,954,47,785,122
Rockwall,1A,Chief Justice,,DEM,Staci Williams,729,34,571,124
Rockwall,1B,Chief Justice,,DEM,Staci Williams,1036,40,845,151
Rockwall,1C,Chief Justice,,DEM,Staci Williams,841,49,676,116
Rockwall,1D,Chief Justice,,DEM,Staci Williams,245,6,200,39
Rockwall,1E,Chief Justice,,DEM,Staci Williams,502,39,376,87
Rockwall,2,Chief Justice,,DEM,Staci Williams,860,61,702,97
Rockwall,2A,Chief Justice,,DEM,Staci Williams,720,47,571,102
Rockwall,2B,Chief Justice,,DEM,Staci Williams,508,23,410,75
Rockwall,2C,Chief Justice,,DEM,Staci Williams,256,20,208,28
Rockwall,2D,Chief Justice,,DEM,Staci Williams,725,31,535,159
Rockwall,2E,Chief Justice,,DEM,Staci Williams,732,25,545,162
Rockwall,2F,Chief Justice,,DEM,Staci Williams,221,25,162,34
Rockwall,3,Chief Justice,,DEM,Staci Williams,625,27,513,85
Rockwall,3A,Chief Justice,,DEM,Staci Williams,551,27,415,109
Rockwall,3B,Chief Justice,,DEM,Staci Williams,842,45,672,125
Rockwall,3C,Chief Justice,,DEM,Staci Williams,502,27,414,61
Rockwall,3D,Chief Justice,,DEM,Staci Williams,850,29,691,130
Rockwall,3E,Chief Justice,,DEM,Staci Williams,561,27,480,54
Rockwall,4,Chief Justice,,DEM,Staci Williams,549,28,444,77
Rockwall,4A,Chief Justice,,DEM,Staci Williams,1087,33,900,154
Rockwall,4B,Chief Justice,,DEM,Staci Williams,931,23,710,198
Rockwall,4C,Chief Justice,,DEM,Staci Williams,867,34,676,157
Rockwall,4D,Chief Justice,,DEM,Staci Williams,770,27,636,107
Rockwall,4E,Chief Justice,,DEM,Staci Williams,562,17,447,98
Rockwall,4F,Chief Justice,,DEM,Staci Williams,70,2,51,17
Rockwall,1,Constable Pct 1,,REP,John Michael Benedetto,3036,68,2551,417
Rockwall,1A,Constable Pct 1,,REP,John Michael Benedetto,1622,41,1360,221
Rockwall,1B,Constable Pct 1,,REP,John Michael Benedetto,3627,56,3055,516
Rockwall,1C,Constable Pct 1,,REP,John Michael Benedetto,2852,72,2375,405
Rockwall,1D,Constable Pct 1,,REP,John Michael Benedetto,518,11,403,104
Rockwall,1E,Constable Pct 1,,REP,John Michael Benedetto,2114,63,1772,279
Rockwall,2,Constable Pct 2,,REP,Trey Chaney,2605,85,2207,313
Rockwall,2A,Constable Pct 2,,REP,Trey Chaney,2335,68,1963,304
Rockwall,2B,Constable Pct 2,,REP,Trey Chaney,1101,29,907,165
Rockwall,2C,Constable Pct 2,,REP,Trey Chaney,1164,23,1026,115
Rockwall,2D,Constable Pct 2,,REP,Trey Chaney,1402,46,1049,307
Rockwall,2E,Constable Pct 2,,REP,Trey Chaney,1336,18,970,348
Rockwall,2F,Constable Pct 2,,REP,Trey Chaney,588,23,496,69
Rockwall,3,Constable Pct 3,,REP,Dan Otto,1583,21,1288,274
Rockwall,3A,Constable Pct 3,,REP,Dan Otto,2491,52,2127,312
Rockwall,3B,Constable Pct 3,,REP,Dan Otto,2742,49,2313,380
Rockwall,3C,Constable Pct 3,,REP,Dan Otto,2657,61,2353,243
Rockwall,3D,Constable Pct 3,,REP,Dan Otto,3607,83,3016,508
Rockwall,3E,Constable Pct 3,,REP,Dan Otto,2203,27,1958,218
Rockwall,4,Constable Pct 4,,REP,Randy Earl Parks,1544,24,1316,204
Rockwall,4A,Constable Pct 4,,REP,Randy Earl Parks,2808,31,2396,381
Rockwall,4B,Constable Pct 4,,REP,Randy Earl Parks,2471,20,1946,505
Rockwall,4C,Constable Pct 4,,REP,Randy Earl Parks,2619,26,2148,445
Rockwall,4D,Constable Pct 4,,REP,Randy Earl Parks,1941,26,1621,294
Rockwall,4E,Constable Pct 4,,REP,Randy Earl Parks,1667,29,1380,258
Rockwall,4F,Constable Pct 4,,REP,Randy Earl Parks,344,4,287,53
Rockwall,1,County Commissioner Pct 1,,REP,Bobby Gallana,3026,71,2534,421
Rockwall,1A,County Commissioner Pct 1,,REP,Bobby Gallana,1628,40,1364,224
Rockwall,1B,County Commissioner Pct 1,,REP,Bobby Gallana,3621,58,3046,517
Rockwall,1C,County Commissioner Pct 1,,REP,Bobby Gallana,2843,70,2365,408
Rockwall,1D,County Commissioner Pct 1,,REP,Bobby Gallana,517,11,400,106
Rockwall,1E,County Commissioner Pct 1,,REP,Bobby Gallana,2116,66,1771,279
Rockwall,3,County Commissioner Pct 3,,REP,Lorne Liechty,1228,19,1000,209
Rockwall,3A,County Commissioner Pct 3,,REP,Lorne Liechty,2208,50,1919,239
Rockwall,3B,County Commissioner Pct 3,,REP,Lorne Liechty,2365,52,2001,312
Rockwall,3C,County Commissioner Pct 3,,REP,Lorne Liechty,2418,58,2152,208
Rockwall,3D,County Commissioner Pct 3,,REP,Lorne Liechty,3177,73,2675,429
Rockwall,3E,County Commissioner Pct 3,,REP,Lorne Liechty,1934,20,1724,190
Rockwall,3,County Commissioner Pct 3,,DEM,Rhonda Davis,603,17,495,91
Rockwall,3A,County Commissioner Pct 3,,DEM,Rhonda Davis,545,23,414,108
Rockwall,3B,County Commissioner Pct 3,,DEM,Rhonda Davis,803,40,651,112
Rockwall,3C,County Commissioner Pct 3,,DEM,Rhonda Davis,505,23,420,62
Rockwall,3D,County Commissioner Pct 3,,DEM,Rhonda Davis,839,25,684,130
Rockwall,3E,County Commissioner Pct 3,,DEM,Rhonda Davis,551,26,477,48
Rockwall,1,County Court at Law No. 1,,REP,J. Brian Williams,3032,71,2542,419
Rockwall,1A,County Court at Law No. 1,,REP,J. Brian Williams,1625,39,1360,226
Rockwall,1B,County Court at Law No. 1,,REP,J. Brian Williams,3619,55,3050,514
Rockwall,1C,County Court at Law No. 1,,REP,J. Brian Williams,2848,73,2373,402
Rockwall,1D,County Court at Law No. 1,,REP,J. Brian Williams,520,11,404,105
Rockwall,1E,County Court at Law No. 1,,REP,J. Brian Williams,2120,64,1774,282
Rockwall,2,County Court at Law No. 1,,REP,J. Brian Williams,2614,85,2218,311
Rockwall,2A,County Court at Law No. 1,,REP,J. Brian Williams,2336,68,1962,306
Rockwall,2B,County Court at Law No. 1,,REP,J. Brian Williams,1089,29,898,162
Rockwall,2C,County Court at Law No. 1,,REP,J. Brian Williams,1175,22,1036,117
Rockwall,2D,County Court at Law No. 1,,REP,J. Brian Williams,1396,45,1051,300
Rockwall,2E,County Court at Law No. 1,,REP,J. Brian Williams,1347,20,974,353
Rockwall,2F,County Court at Law No. 1,,REP,J. Brian Williams,588,25,495,68
Rockwall,3,County Court at Law No. 1,,REP,J. Brian Williams,1578,20,1283,275
Rockwall,3A,County Court at Law No. 1,,REP,J. Brian Williams,2500,53,2132,315
Rockwall,3B,County Court at Law No. 1,,REP,J. Brian Williams,2752,51,2316,385
Rockwall,3C,County Court at Law No. 1,,REP,J. Brian Williams,2674,61,2373,240
Rockwall,3D,County Court at Law No. 1,,REP,J. Brian Williams,3624,81,3035,508
Rockwall,3E,County Court at Law No. 1,,REP,J. Brian Williams,2218,27,1970,221
Rockwall,4,County Court at Law No. 1,,REP,J. Brian Williams,1551,25,1316,210
Rockwall,4A,County Court at Law No. 1,,REP,J. Brian Williams,2820,29,2411,380
Rockwall,4B,County Court at Law No. 1,,REP,J. Brian Williams,2471,21,1946,504
Rockwall,4C,County Court at Law No. 1,,REP,J. Brian Williams,2624,27,2149,448
Rockwall,4D,County Court at Law No. 1,,REP,J. Brian Williams,1958,27,1639,292
Rockwall,4E,County Court at Law No. 1,,REP,J. Brian Williams,1660,29,1373,258
Rockwall,4F,County Court at Law No. 1,,REP,J. Brian Williams,345,4,289,52
Rockwall,1,County Court at Law No. 2,,REP,Stephani Woodward,3041,71,2548,422
Rockwall,1A,County Court at Law No. 2,,REP,Stephani Woodward,1622,37,1362,223
Rockwall,1B,County Court at Law No. 2,,REP,Stephani Woodward,3621,54,3054,513
Rockwall,1C,County Court at Law No. 2,,REP,Stephani Woodward,2842,71,2368,403
Rockwall,1D,County Court at Law No. 2,,REP,Stephani Woodward,525,12,407,106
Rockwall,1E,County Court at Law No. 2,,REP,Stephani Woodward,2112,64,1766,282
Rockwall,2,County Court at Law No. 2,,REP,Stephani Woodward,2615,83,2218,314
Rockwall,2A,County Court at Law No. 2,,REP,Stephani Woodward,2345,68,1971,306
Rockwall,2B,County Court at Law No. 2,,REP,Stephani Woodward,1091,30,897,164
Rockwall,2C,County Court at Law No. 2,,REP,Stephani Woodward,1171,22,1033,116
Rockwall,2D,County Court at Law No. 2,,REP,Stephani Woodward,1399,45,1052,302
Rockwall,2E,County Court at Law No. 2,,REP,Stephani Woodward,1351,19,978,354
Rockwall,2F,County Court at Law No. 2,,REP,Stephani Woodward,590,24,496,70
Rockwall,3,County Court at Law No. 2,,REP,Stephani Woodward,1587,21,1290,276
Rockwall,3A,County Court at Law No. 2,,REP,Stephani Woodward,2492,52,2124,316
Rockwall,3B,County Court at Law No. 2,,REP,Stephani Woodward,2744,50,2313,381
Rockwall,3C,County Court at Law No. 2,,REP,Stephani Woodward,2671,61,2365,245
Rockwall,3D,County Court at Law No. 2,,REP,Stephani Woodward,3612,81,3027,504
Rockwall,3E,County Court at Law No. 2,,REP,Stephani Woodward,2228,27,1981,220
Rockwall,4,County Court at Law No. 2,,REP,Stephani Woodward,1549,25,1314,210
Rockwall,4A,County Court at Law No. 2,,REP,Stephani Woodward,2810,28,2404,378
Rockwall,4B,County Court at Law No. 2,,REP,Stephani Woodward,2455,21,1930,504
Rockwall,4C,County Court at Law No. 2,,REP,Stephani Woodward,2617,26,2149,442
Rockwall,4D,County Court at Law No. 2,,REP,Stephani Woodward,1957,26,1639,292
Rockwall,4E,County Court at Law No. 2,,REP,Stephani Woodward,1657,29,1371,257
Rockwall,4F,County Court at Law No. 2,,REP,Stephani Woodward,344,4,288,52
Rockwall,1,County Tax Assessor-Collector,,REP,Kim Sweet,3063,70,2564,429
Rockwall,1A,County Tax Assessor-Collector,,REP,Kim Sweet,1663,46,1389,228
Rockwall,1B,County Tax Assessor-Collector,,REP,Kim Sweet,3672,62,3089,521
Rockwall,1C,County Tax Assessor-Collector,,REP,Kim Sweet,2887,74,2403,410
Rockwall,1D,County Tax Assessor-Collector,,REP,Kim Sweet,522,12,405,105
Rockwall,1E,County Tax Assessor-Collector,,REP,Kim Sweet,2133,65,1782,286
Rockwall,2,County Tax Assessor-Collector,,REP,Kim Sweet,2651,88,2251,312
Rockwall,2A,County Tax Assessor-Collector,,REP,Kim Sweet,2379,75,1994,310
Rockwall,2B,County Tax Assessor-Collector,,REP,Kim Sweet,1130,31,931,168
Rockwall,2C,County Tax Assessor-Collector,,REP,Kim Sweet,1176,25,1034,117
Rockwall,2D,County Tax Assessor-Collector,,REP,Kim Sweet,1426,47,1072,307
Rockwall,2E,County Tax Assessor-Collector,,REP,Kim Sweet,1371,20,1002,349
Rockwall,2F,County Tax Assessor-Collector,,REP,Kim Sweet,599,26,501,72
Rockwall,3,County Tax Assessor-Collector,,REP,Kim Sweet,1594,21,1298,275
Rockwall,3A,County Tax Assessor-Collector,,REP,Kim Sweet,2517,52,2145,320
Rockwall,3B,County Tax Assessor-Collector,,REP,Kim Sweet,2782,55,2349,378
Rockwall,3C,County Tax Assessor-Collector,,REP,Kim Sweet,2681,62,2372,247
Rockwall,3D,County Tax Assessor-Collector,,REP,Kim Sweet,3632,83,3036,513
Rockwall,3E,County Tax Assessor-Collector,,REP,Kim Sweet,2236,29,1987,220
Rockwall,4,County Tax Assessor-Collector,,REP,Kim Sweet,1570,26,1335,209
Rockwall,4A,County Tax Assessor-Collector,,REP,Kim Sweet,2838,32,2427,379
Rockwall,4B,County Tax Assessor-Collector,,REP,Kim Sweet,2483,22,1952,509
Rockwall,4C,County Tax Assessor-Collector,,REP,Kim Sweet,2628,28,2156,444
Rockwall,4D,County Tax Assessor-Collector,,REP,Kim Sweet,1974,29,1648,297
Rockwall,4E,County Tax Assessor-Collector,,REP,Kim Sweet,1683,30,1392,261
Rockwall,4F,County Tax Assessor-Collector,,REP,Kim Sweet,350,4,292,54
Rockwall,1,Dist Judge,,REP,Brett Hall,3083,72,2586,425
Rockwall,1A,Dist Judge,,REP,Brett Hall,1625,38,1358,229
Rockwall,1B,Dist Judge,,REP,Brett Hall,3647,59,3075,513
Rockwall,1C,Dist Judge,,REP,Brett Hall,2854,74,2379,401
Rockwall,1D,Dist Judge,,REP,Brett Hall,520,11,403,106
Rockwall,1E,Dist Judge,,REP,Brett Hall,2139,67,1789,283
Rockwall,2,Dist Judge,,REP,Brett Hall,2629,90,2227,312
Rockwall,2A,Dist Judge,,REP,Brett Hall,2372,75,1989,308
Rockwall,2B,Dist Judge,,REP,Brett Hall,1102,32,905,165
Rockwall,2C,Dist Judge,,REP,Brett Hall,1181,24,1038,119
Rockwall,2D,Dist Judge,,REP,Brett Hall,1406,48,1057,301
Rockwall,2E,Dist Judge,,REP,Brett Hall,1359,20,982,357
Rockwall,2F,Dist Judge,,REP,Brett Hall,602,28,504,70
Rockwall,3,Dist Judge,,REP,Brett Hall,1579,21,1285,273
Rockwall,3A,Dist Judge,,REP,Brett Hall,2508,52,2138,318
Rockwall,3B,Dist Judge,,REP,Brett Hall,2774,51,2340,383
Rockwall,3C,Dist Judge,,REP,Brett Hall,2682,63,2373,246
Rockwall,3D,Dist Judge,,REP,Brett Hall,3636,84,3046,506
Rockwall,3E,Dist Judge,,REP,Brett Hall,2239,30,1986,223
Rockwall,4,Dist Judge,,REP,Brett Hall,1552,26,1318,208
Rockwall,4A,Dist Judge,,REP,Brett Hall,2812,32,2404,376
Rockwall,4B,Dist Judge,,REP,Brett Hall,2488,22,1960,506
Rockwall,4C,Dist Judge,,REP,Brett Hall,2627,27,2154,446
Rockwall,4D,Dist Judge,,REP,Brett Hall,1962,28,1642,292
Rockwall,4E,Dist Judge,,REP,Brett Hall,1667,29,1381,257
Rockwall,4F,Dist Judge,,REP,Brett Hall,347,4,289,54
Rockwall,1,Dist Judge,,REP,David E. Rakow,3045,69,2561,415
Rockwall,1A,Dist Judge,,REP,David E. Rakow,1622,37,1356,229
Rockwall,1B,Dist Judge,,REP,David E. Rakow,3646,60,3071,515
Rockwall,1C,Dist Judge,,REP,David E. Rakow,2860,74,2380,406
Rockwall,1D,Dist Judge,,REP,David E. Rakow,521,12,404,105
Rockwall,1E,Dist Judge,,REP,David E. Rakow,2125,65,1780,280
Rockwall,2,Dist Judge,,REP,David E. Rakow,2622,92,2220,310
Rockwall,2A,Dist Judge,,REP,David E. Rakow,2343,72,1962,309
Rockwall,2B,Dist Judge,,REP,David E. Rakow,1094,29,901,164
Rockwall,2C,Dist Judge,,REP,David E. Rakow,1168,23,1028,117
Rockwall,2D,Dist Judge,,REP,David E. Rakow,1404,47,1054,303
Rockwall,2E,Dist Judge,,REP,David E. Rakow,1348,20,973,355
Rockwall,2F,Dist Judge,,REP,David E. Rakow,585,26,492,67
Rockwall,3,Dist Judge,,REP,David E. Rakow,1583,21,1289,273
Rockwall,3A,Dist Judge,,REP,David E. Rakow,2498,52,2130,316
Rockwall,3B,Dist Judge,,REP,David E. Rakow,2750,51,2321,378
Rockwall,3C,Dist Judge,,REP,David E. Rakow,2664,63,2360,241
Rockwall,3D,Dist Judge,,REP,David E. Rakow,3618,82,3030,506
Rockwall,3E,Dist Judge,,REP,David E. Rakow,2222,28,1974,220
Rockwall,4,Dist Judge,,REP,David E. Rakow,1547,26,1308,213
Rockwall,4A,Dist Judge,,REP,David E. Rakow,2814,31,2407,376
Rockwall,4B,Dist Judge,,REP,David E. Rakow,2468,21,1945,502
Rockwall,4C,Dist Judge,,REP,David E. Rakow,2623,28,2145,450
Rockwall,4D,Dist Judge,,REP,David E. Rakow,1951,28,1630,293
Rockwall,4E,Dist Judge,,REP,David E. Rakow,1660,26,1377,257
Rockwall,4F,Dist Judge,,REP,David E. Rakow,348,5,289,54
Rockwall,1,Judge,7,REP,Gina Parker,2609,83,2190,336
Rockwall,1A,Judge,7,REP,Gina Parker,1262,45,1065,152
Rockwall,1B,Judge,7,REP,Gina Parker,3113,71,2620,422
Rockwall,1C,Judge,7,REP,Gina Parker,2459,73,2044,342
Rockwall,1D,Judge,7,REP,Gina Parker,407,11,318,78
Rockwall,1E,Judge,7,REP,Gina Parker,1866,66,1578,222
Rockwall,2,Judge,7,REP,Gina Parker,2185,93,1847,245
Rockwall,2A,Judge,7,REP,Gina Parker,2020,81,1701,238
Rockwall,2B,Judge,7,REP,Gina Parker,861,30,708,123
Rockwall,2C,Judge,7,REP,Gina Parker,1054,20,933,101
Rockwall,2D,Judge,7,REP,Gina Parker,1002,46,757,199
Rockwall,2E,Judge,7,REP,Gina Parker,939,18,674,247
Rockwall,2F,Judge,7,REP,Gina Parker,491,25,414,52
Rockwall,3,Judge,7,REP,Gina Parker,1256,45,993,218
Rockwall,3A,Judge,7,REP,Gina Parker,2219,60,1912,247
Rockwall,3B,Judge,7,REP,Gina Parker,2367,57,2006,304
Rockwall,3C,Judge,7,REP,Gina Parker,2420,57,2159,204
Rockwall,3D,Judge,7,REP,Gina Parker,3193,91,2658,444
Rockwall,3E,Judge,7,REP,Gina Parker,1949,32,1723,194
Rockwall,4,Judge,7,REP,Gina Parker,1276,38,1075,163
Rockwall,4A,Judge,7,REP,Gina Parker,2212,47,1884,281
Rockwall,4B,Judge,7,REP,Gina Parker,1945,32,1551,362
Rockwall,4C,Judge,7,REP,Gina Parker,2150,57,1758,335
Rockwall,4D,Judge,7,REP,Gina Parker,1542,35,1288,219
Rockwall,4E,Judge,7,REP,Gina Parker,1370,37,1141,192
Rockwall,4F,Judge,7,REP,Gina Parker,313,6,264,43
Rockwall,1,Judge,7,DEM,Nancy Mulder,935,47,764,124
Rockwall,1A,Judge,7,DEM,Nancy Mulder,723,38,563,122
Rockwall,1B,Judge,7,DEM,Nancy Mulder,1016,41,833,142
Rockwall,1C,Judge,7,DEM,Nancy Mulder,832,55,669,108
Rockwall,1D,Judge,7,DEM,Nancy Mulder,236,8,189,39
Rockwall,1E,Judge,7,DEM,Nancy Mulder,513,39,386,88
Rockwall,2,Judge,7,DEM,Nancy Mulder,857,62,700,95
Rockwall,2A,Judge,7,DEM,Nancy Mulder,732,56,575,101
Rockwall,2B,Judge,7,DEM,Nancy Mulder,492,25,395,72
Rockwall,2C,Judge,7,DEM,Nancy Mulder,258,21,210,27
Rockwall,2D,Judge,7,DEM,Nancy Mulder,717,35,526,156
Rockwall,2E,Judge,7,DEM,Nancy Mulder,724,25,540,159
Rockwall,2F,Judge,7,DEM,Nancy Mulder,222,25,164,33
Rockwall,3,Judge,7,DEM,Nancy Mulder,625,31,511,83
Rockwall,3A,Judge,7,DEM,Nancy Mulder,544,24,417,103
Rockwall,3B,Judge,7,DEM,Nancy Mulder,809,47,646,116
Rockwall,3C,Judge,7,DEM,Nancy Mulder,515,32,425,58
Rockwall,3D,Judge,7,DEM,Nancy Mulder,850,30,699,121
Rockwall,3E,Judge,7,DEM,Nancy Mulder,551,28,474,49
Rockwall,4,Judge,7,DEM,Nancy Mulder,534,31,431,72
Rockwall,4A,Judge,7,DEM,Nancy Mulder,1067,34,888,145
Rockwall,4B,Judge,7,DEM,Nancy Mulder,917,25,698,194
Rockwall,4C,Judge,7,DEM,Nancy Mulder,850,39,657,154
Rockwall,4D,Judge,7,DEM,Nancy Mulder,760,28,626,106
Rockwall,4E,Judge,7,DEM,Nancy Mulder,553,21,440,92
Rockwall,4F,Judge,7,DEM,Nancy Mulder,68,2,50,16
Rockwall,1,Judge,8,DEM,Chika Anyiam,923,48,755,120
Rockwall,1A,Judge,8,DEM,Chika Anyiam,701,36,556,109
Rockwall,1B,Judge,8,DEM,Chika Anyiam,998,40,818,140
Rockwall,1C,Judge,8,DEM,Chika Anyiam,803,55,640,108
Rockwall,1D,Judge,8,DEM,Chika Anyiam,237,8,188,41
Rockwall,1E,Judge,8,DEM,Chika Anyiam,492,42,369,81
Rockwall,2,Judge,8,DEM,Chika Anyiam,834,61,680,93
Rockwall,2A,Judge,8,DEM,Chika Anyiam,706,49,556,101
Rockwall,2B,Judge,8,DEM,Chika Anyiam,490,22,399,69
Rockwall,2C,Judge,8,DEM,Chika Anyiam,249,21,200,28
Rockwall,2D,Judge,8,DEM,Chika Anyiam,706,33,528,145
Rockwall,2E,Judge,8,DEM,Chika Anyiam,716,26,526,164
Rockwall,2F,Judge,8,DEM,Chika Anyiam,212,25,153,34
Rockwall,3,Judge,8,DEM,Chika Anyiam,601,31,491,79
Rockwall,3A,Judge,8,DEM,Chika Anyiam,525,22,400,103
Rockwall,3B,Judge,8,DEM,Chika Anyiam,805,44,648,113
Rockwall,3C,Judge,8,DEM,Chika Anyiam,487,28,406,53
Rockwall,3D,Judge,8,DEM,Chika Anyiam,841,30,684,127
Rockwall,3E,Judge,8,DEM,Chika Anyiam,526,26,459,41
Rockwall,4,Judge,8,DEM,Chika Anyiam,527,31,423,73
Rockwall,4A,Judge,8,DEM,Chika Anyiam,1047,37,869,141
Rockwall,4B,Judge,8,DEM,Chika Anyiam,898,25,679,194
Rockwall,4C,Judge,8,DEM,Chika Anyiam,838,36,650,152
Rockwall,4D,Judge,8,DEM,Chika Anyiam,741,27,610,104
Rockwall,4E,Judge,8,DEM,Chika Anyiam,551,21,434,96
Rockwall,4F,Judge,8,DEM,Chika Anyiam,65,2,46,17
Rockwall,1,Judge,8,REP,Lee Finley,2622,80,2200,342
Rockwall,1A,Judge,8,REP,Lee Finley,1286,45,1077,164
Rockwall,1B,Judge,8,REP,Lee Finley,3131,71,2639,421
Rockwall,1C,Judge,8,REP,Lee Finley,2484,72,2071,341
Rockwall,1D,Judge,8,REP,Lee Finley,409,11,321,77
Rockwall,1E,Judge,8,REP,Lee Finley,1888,66,1593,229
Rockwall,2,Judge,8,REP,Lee Finley,2193,91,1859,243
Rockwall,2A,Judge,8,REP,Lee Finley,2038,87,1714,237
Rockwall,2B,Judge,8,REP,Lee Finley,862,32,704,126
Rockwall,2C,Judge,8,REP,Lee Finley,1061,20,941,100
Rockwall,2D,Judge,8,REP,Lee Finley,1005,47,748,210
Rockwall,2E,Judge,8,REP,Lee Finley,942,16,686,240
Rockwall,2F,Judge,8,REP,Lee Finley,499,24,424,51
Rockwall,3,Judge,8,REP,Lee Finley,1275,45,1008,222
Rockwall,3A,Judge,8,REP,Lee Finley,2233,61,1926,246
Rockwall,3B,Judge,8,REP,Lee Finley,2368,60,2002,306
Rockwall,3C,Judge,8,REP,Lee Finley,2442,60,2173,209
Rockwall,3D,Judge,8,REP,Lee Finley,3199,89,2674,436
Rockwall,3E,Judge,8,REP,Lee Finley,1971,33,1738,200
Rockwall,4,Judge,8,REP,Lee Finley,1280,38,1078,164
Rockwall,4A,Judge,8,REP,Lee Finley,2224,41,1900,283
Rockwall,4B,Judge,8,REP,Lee Finley,1960,31,1569,360
Rockwall,4C,Judge,8,REP,Lee Finley,2160,59,1767,334
Rockwall,4D,Judge,8,REP,Lee Finley,1563,36,1306,221
Rockwall,4E,Judge,8,REP,Lee Finley,1370,36,1143,191
Rockwall,4F,Judge,8,REP,Lee Finley,313,6,266,41
Rockwall,1,Justice,10,DEM,Amanda Reichek,966,47,794,125
Rockwall,1A,Justice,10,DEM,Amanda Reichek,734,35,576,123
Rockwall,1B,Justice,10,DEM,Amanda Reichek,1036,42,856,138
Rockwall,1C,Justice,10,DEM,Amanda Reichek,846,52,674,120
Rockwall,1D,Justice,10,DEM,Amanda Reichek,240,8,192,40
Rockwall,1E,Justice,10,DEM,Amanda Reichek,520,40,392,88
Rockwall,2,Justice,10,DEM,Amanda Reichek,866,63,707,96
Rockwall,2A,Justice,10,DEM,Amanda Reichek,740,54,581,105
Rockwall,2B,Justice,10,DEM,Amanda Reichek,515,25,413,77
Rockwall,2C,Justice,10,DEM,Amanda Reichek,266,21,214,31
Rockwall,2D,Justice,10,DEM,Amanda Reichek,709,30,525,154
Rockwall,2E,Justice,10,DEM,Amanda Reichek,737,24,551,162
Rockwall,2F,Justice,10,DEM,Amanda Reichek,225,25,166,34
Rockwall,3,Justice,10,DEM,Amanda Reichek,626,27,512,87
Rockwall,3A,Justice,10,DEM,Amanda Reichek,551,27,413,111
Rockwall,3B,Justice,10,DEM,Amanda Reichek,849,45,686,118
Rockwall,3C,Justice,10,DEM,Amanda Reichek,526,29,432,65
Rockwall,3D,Justice,10,DEM,Amanda Reichek,861,28,703,130
Rockwall,3E,Justice,10,DEM,Amanda Reichek,568,27,492,49
Rockwall,4,Justice,10,DEM,Amanda Reichek,537,27,433,77
Rockwall,4A,Justice,10,DEM,Amanda Reichek,1082,32,895,155
Rockwall,4B,Justice,10,DEM,Amanda Reichek,920,24,698,198
Rockwall,4C,Justice,10,DEM,Amanda Reichek,853,34,667,152
Rockwall,4D,Justice,10,DEM,Amanda Reichek,753,25,622,106
Rockwall,4E,Justice,10,DEM,Amanda Reichek,557,18,443,96
Rockwall,4F,Justice,10,DEM,Amanda Reichek,71,2,53,16
Rockwall,1,Justice,10,REP,Earl Jackson,2555,78,2146,331
Rockwall,1A,Justice,10,REP,Earl Jackson,1241,42,1050,149
Rockwall,1B,Justice,10,REP,Earl Jackson,3069,64,2585,420
Rockwall,1C,Justice,10,REP,Earl Jackson,2417,67,2023,327
Rockwall,1D,Justice,10,REP,Earl Jackson,401,11,314,76
Rockwall,1E,Justice,10,REP,Earl Jackson,1853,62,1568,223
Rockwall,2,Justice,10,REP,Earl Jackson,2156,86,1828,242
Rockwall,2A,Justice,10,REP,Earl Jackson,1990,71,1686,233
Rockwall,2B,Justice,10,REP,Earl Jackson,838,29,693,116
Rockwall,2C,Justice,10,REP,Earl Jackson,1039,19,924,96
Rockwall,2D,Justice,10,REP,Earl Jackson,993,43,752,198
Rockwall,2E,Justice,10,REP,Earl Jackson,918,14,663,241
Rockwall,2F,Justice,10,REP,Earl Jackson,485,24,410,51
Rockwall,3,Justice,10,REP,Earl Jackson,1233,39,983,211
Rockwall,3A,Justice,10,REP,Earl Jackson,2197,55,1903,239
Rockwall,3B,Justice,10,REP,Earl Jackson,2318,57,1961,300
Rockwall,3C,Justice,10,REP,Earl Jackson,2404,57,2150,197
Rockwall,3D,Justice,10,REP,Earl Jackson,3147,82,2639,426
Rockwall,3E,Justice,10,REP,Earl Jackson,1909,24,1695,190
Rockwall,4,Justice,10,REP,Earl Jackson,1255,34,1065,156
Rockwall,4A,Justice,10,REP,Earl Jackson,2173,37,1869,267
Rockwall,4B,Justice,10,REP,Earl Jackson,1924,27,1543,354
Rockwall,4C,Justice,10,REP,Earl Jackson,2122,46,1744,332
Rockwall,4D,Justice,10,REP,Earl Jackson,1529,32,1283,214
Rockwall,4E,Justice,10,REP,Earl Jackson,1353,38,1130,185
Rockwall,4F,Justice,10,REP,Earl Jackson,304,4,258,42
Rockwall,1,Justice,11,REP,Gino J. Rossini,2571,77,2164,330
Rockwall,1A,Justice,11,REP,Gino J. Rossini,1244,40,1060,144
Rockwall,1B,Justice,11,REP,Gino J. Rossini,3066,66,2586,414
Rockwall,1C,Justice,11,REP,Gino J. Rossini,2410,69,2017,324
Rockwall,1D,Justice,11,REP,Gino J. Rossini,394,11,308,75
Rockwall,1E,Justice,11,REP,Gino J. Rossini,1866,61,1578,227
Rockwall,2,Justice,11,REP,Gino J. Rossini,2173,89,1838,246
Rockwall,2A,Justice,11,REP,Gino J. Rossini,2007,75,1697,235
Rockwall,2B,Justice,11,REP,Gino J. Rossini,841,28,695,118
Rockwall,2C,Justice,11,REP,Gino J. Rossini,1049,19,934,96
Rockwall,2D,Justice,11,REP,Gino J. Rossini,979,42,743,194
Rockwall,2E,Justice,11,REP,Gino J. Rossini,918,15,663,240
Rockwall,2F,Justice,11,REP,Gino J. Rossini,487,22,416,49
Rockwall,3,Justice,11,REP,Gino J. Rossini,1242,39,991,212
Rockwall,3A,Justice,11,REP,Gino J. Rossini,2217,59,1913,245
Rockwall,3B,Justice,11,REP,Gino J. Rossini,2318,59,1966,293
Rockwall,3C,Justice,11,REP,Gino J. Rossini,2419,60,2162,197
Rockwall,3D,Justice,11,REP,Gino J. Rossini,3156,81,2650,425
Rockwall,3E,Justice,11,REP,Gino J. Rossini,1926,26,1716,184
Rockwall,4,Justice,11,REP,Gino J. Rossini,1241,33,1055,153
Rockwall,4A,Justice,11,REP,Gino J. Rossini,2165,33,1862,270
Rockwall,4B,Justice,11,REP,Gino J. Rossini,1905,27,1518,360
Rockwall,4C,Justice,11,REP,Gino J. Rossini,2111,46,1737,328
Rockwall,4D,Justice,11,REP,Gino J. Rossini,1527,32,1280,215
Rockwall,4E,Justice,11,REP,Gino J. Rossini,1351,38,1131,182
Rockwall,4F,Justice,11,REP,Gino J. Rossini,304,4,260,40
Rockwall,1,Justice,11,DEM,Kim Cooks,957,49,781,127
Rockwall,1A,Justice,11,DEM,Kim Cooks,731,35,568,128
Rockwall,1B,Justice,11,DEM,Kim Cooks,1040,39,854,147
Rockwall,1C,Justice,11,DEM,Kim Cooks,846,49,677,120
Rockwall,1D,Justice,11,DEM,Kim Cooks,247,8,199,40
Rockwall,1E,Justice,11,DEM,Kim Cooks,502,37,381,84
Rockwall,2,Justice,11,DEM,Kim Cooks,850,59,697,94
Rockwall,2A,Justice,11,DEM,Kim Cooks,722,50,568,104
Rockwall,2B,Justice,11,DEM,Kim Cooks,510,25,410,75
Rockwall,2C,Justice,11,DEM,Kim Cooks,254,20,204,30
Rockwall,2D,Justice,11,DEM,Kim Cooks,723,30,533,160
Rockwall,2E,Justice,11,DEM,Kim Cooks,737,23,550,164
Rockwall,2F,Justice,11,DEM,Kim Cooks,224,28,161,35
Rockwall,3,Justice,11,DEM,Kim Cooks,615,26,502,87
Rockwall,3A,Justice,11,DEM,Kim Cooks,526,23,400,103
Rockwall,3B,Justice,11,DEM,Kim Cooks,844,42,675,127
Rockwall,3C,Justice,11,DEM,Kim Cooks,500,26,410,64
Rockwall,3D,Justice,11,DEM,Kim Cooks,862,27,701,134
Rockwall,3E,Justice,11,DEM,Kim Cooks,554,25,475,54
Rockwall,4,Justice,11,DEM,Kim Cooks,550,28,442,80
Rockwall,4A,Justice,11,DEM,Kim Cooks,1086,35,899,152
Rockwall,4B,Justice,11,DEM,Kim Cooks,939,23,722,194
Rockwall,4C,Justice,11,DEM,Kim Cooks,866,32,675,159
Rockwall,4D,Justice,11,DEM,Kim Cooks,756,25,626,105
Rockwall,4E,Justice,11,DEM,Kim Cooks,556,16,440,100
Rockwall,4F,Justice,11,DEM,Kim Cooks,73,2,53,18
Rockwall,1,Justice,12,DEM,Ken Molberg,924,48,757,119
Rockwall,1A,Justice,12,DEM,Ken Molberg,710,35,562,113
Rockwall,1B,Justice,12,DEM,Ken Molberg,1012,41,829,142
Rockwall,1C,Justice,12,DEM,Ken Molberg,813,49,652,112
Rockwall,1D,Justice,12,DEM,Ken Molberg,230,7,186,37
Rockwall,1E,Justice,12,DEM,Ken Molberg,507,38,384,85
Rockwall,2,Justice,12,DEM,Ken Molberg,830,57,683,90
Rockwall,2A,Justice,12,DEM,Ken Molberg,712,50,565,97
Rockwall,2B,Justice,12,DEM,Ken Molberg,493,24,399,70
Rockwall,2C,Justice,12,DEM,Ken Molberg,258,20,210,28
Rockwall,2D,Justice,12,DEM,Ken Molberg,693,31,515,147
Rockwall,2E,Justice,12,DEM,Ken Molberg,710,22,534,154
Rockwall,2F,Justice,12,DEM,Ken Molberg,213,24,154,35
Rockwall,3,Justice,12,DEM,Ken Molberg,608,26,500,82
Rockwall,3A,Justice,12,DEM,Ken Molberg,528,23,403,102
Rockwall,3B,Justice,12,DEM,Ken Molberg,808,43,652,113
Rockwall,3C,Justice,12,DEM,Ken Molberg,483,26,401,56
Rockwall,3D,Justice,12,DEM,Ken Molberg,830,28,681,121
Rockwall,3E,Justice,12,DEM,Ken Molberg,539,25,468,46
Rockwall,4,Justice,12,DEM,Ken Molberg,522,27,426,69
Rockwall,4A,Justice,12,DEM,Ken Molberg,1054,32,875,147
Rockwall,4B,Justice,12,DEM,Ken Molberg,893,23,678,192
Rockwall,4C,Justice,12,DEM,Ken Molberg,833,31,650,152
Rockwall,4D,Justice,12,DEM,Ken Molberg,738,26,612,100
Rockwall,4E,Justice,12,DEM,Ken Molberg,540,16,437,87
Rockwall,4F,Justice,12,DEM,Ken Molberg,67,2,48,17
Rockwall,1,Justice,12,REP,Mike Lee,2596,78,2181,337
Rockwall,1A,Justice,12,REP,Mike Lee,1264,40,1065,159
Rockwall,1B,Justice,12,REP,Mike Lee,3095,64,2614,417
Rockwall,1C,Justice,12,REP,Mike Lee,2444,68,2044,332
Rockwall,1D,Justice,12,REP,Mike Lee,411,12,321,78
Rockwall,1E,Justice,12,REP,Mike Lee,1862,60,1578,224
Rockwall,2,Justice,12,REP,Mike Lee,2190,90,1851,249
Rockwall,2A,Justice,12,REP,Mike Lee,2017,75,1700,242
Rockwall,2B,Justice,12,REP,Mike Lee,854,29,702,123
Rockwall,2C,Justice,12,REP,Mike Lee,1051,19,933,99
Rockwall,2D,Justice,12,REP,Mike Lee,1007,41,760,206
Rockwall,2E,Justice,12,REP,Mike Lee,939,16,676,247
Rockwall,2F,Justice,12,REP,Mike Lee,495,26,419,50
Rockwall,3,Justice,12,REP,Mike Lee,1248,39,992,217
Rockwall,3A,Justice,12,REP,Mike Lee,2217,59,1911,247
Rockwall,3B,Justice,12,REP,Mike Lee,2353,59,1989,305
Rockwall,3C,Justice,12,REP,Mike Lee,2433,60,2168,205
Rockwall,3D,Justice,12,REP,Mike Lee,3173,80,2660,433
Rockwall,3E,Justice,12,REP,Mike Lee,1939,26,1719,194
Rockwall,4,Justice,12,REP,Mike Lee,1268,34,1071,163
Rockwall,4A,Justice,12,REP,Mike Lee,2196,36,1888,272
Rockwall,4B,Justice,12,REP,Mike Lee,1948,27,1560,361
Rockwall,4C,Justice,12,REP,Mike Lee,2141,46,1762,333
Rockwall,4D,Justice,12,REP,Mike Lee,1543,31,1293,219
Rockwall,4E,Justice,12,REP,Mike Lee,1368,38,1135,195
Rockwall,4F,Justice,12,REP,Mike Lee,309,4,264,41
Rockwall,1,Justice,13,REP,Emily A. Miskel,2584,78,2173,333
Rockwall,1A,Justice,13,REP,Emily A. Miskel,1243,40,1053,150
Rockwall,1B,Justice,13,REP,Emily A. Miskel,3069,65,2590,414
Rockwall,1C,Justice,13,REP,Emily A. Miskel,2441,71,2039,331
Rockwall,1D,Justice,13,REP,Emily A. Miskel,400,12,312,76
Rockwall,1E,Justice,13,REP,Emily A. Miskel,1855,62,1569,224
Rockwall,2,Justice,13,REP,Emily A. Miskel,2163,88,1829,246
Rockwall,2A,Justice,13,REP,Emily A. Miskel,2002,74,1691,237
Rockwall,2B,Justice,13,REP,Emily A. Miskel,847,27,697,123
Rockwall,2C,Justice,13,REP,Emily A. Miskel,1034,19,915,100
Rockwall,2D,Justice,13,REP,Emily A. Miskel,991,41,749,201
Rockwall,2E,Justice,13,REP,Emily A. Miskel,910,13,658,239
Rockwall,2F,Justice,13,REP,Emily A. Miskel,486,23,413,50
Rockwall,3,Justice,13,REP,Emily A. Miskel,1244,39,989,216
Rockwall,3A,Justice,13,REP,Emily A. Miskel,2209,58,1906,245
Rockwall,3B,Justice,13,REP,Emily A. Miskel,2336,58,1977,301
Rockwall,3C,Justice,13,REP,Emily A. Miskel,2429,60,2165,204
Rockwall,3D,Justice,13,REP,Emily A. Miskel,3152,80,2646,426
Rockwall,3E,Justice,13,REP,Emily A. Miskel,1931,27,1712,192
Rockwall,4,Justice,13,REP,Emily A. Miskel,1252,32,1066,154
Rockwall,4A,Justice,13,REP,Emily A. Miskel,2185,36,1880,269
Rockwall,4B,Justice,13,REP,Emily A. Miskel,1915,28,1534,353
Rockwall,4C,Justice,13,REP,Emily A. Miskel,2124,48,1748,328
Rockwall,4D,Justice,13,REP,Emily A. Miskel,1524,31,1280,213
Rockwall,4E,Justice,13,REP,Emily A. Miskel,1345,36,1127,182
Rockwall,4F,Justice,13,REP,Emily A. Miskel,308,4,264,40
Rockwall,1,Justice,13,DEM,Tonya Parker,936,48,766,122
Rockwall,1A,Justice,13,DEM,Tonya Parker,725,35,568,122
Rockwall,1B,Justice,13,DEM,Tonya Parker,1032,40,846,146
Rockwall,1C,Justice,13,DEM,Tonya Parker,818,47,658,113
Rockwall,1D,Justice,13,DEM,Tonya Parker,240,7,194,39
Rockwall,1E,Justice,13,DEM,Tonya Parker,506,36,385,85
Rockwall,2,Justice,13,DEM,Tonya Parker,858,59,706,93
Rockwall,2A,Justice,13,DEM,Tonya Parker,724,50,572,102
Rockwall,2B,Justice,13,DEM,Tonya Parker,499,26,403,70
Rockwall,2C,Justice,13,DEM,Tonya Parker,269,20,221,28
Rockwall,2D,Justice,13,DEM,Tonya Parker,708,31,527,150
Rockwall,2E,Justice,13,DEM,Tonya Parker,742,25,552,165
Rockwall,2F,Justice,13,DEM,Tonya Parker,219,27,159,33
Rockwall,3,Justice,13,DEM,Tonya Parker,610,26,501,83
Rockwall,3A,Justice,13,DEM,Tonya Parker,536,23,410,103
Rockwall,3B,Justice,13,DEM,Tonya Parker,826,43,664,119
Rockwall,3C,Justice,13,DEM,Tonya Parker,490,26,407,57
Rockwall,3D,Justice,13,DEM,Tonya Parker,861,30,699,132
Rockwall,3E,Justice,13,DEM,Tonya Parker,542,23,471,48
Rockwall,4,Justice,13,DEM,Tonya Parker,536,29,428,79
Rockwall,4A,Justice,13,DEM,Tonya Parker,1066,32,881,153
Rockwall,4B,Justice,13,DEM,Tonya Parker,926,22,703,201
Rockwall,4C,Justice,13,DEM,Tonya Parker,850,30,661,159
Rockwall,4D,Justice,13,DEM,Tonya Parker,760,26,628,106
Rockwall,4E,Justice,13,DEM,Tonya Parker,564,19,445,100
Rockwall,4F,Justice,13,DEM,Tonya Parker,69,2,49,18
Rockwall,1,Justice,2,DEM,DaSean Jones,952,50,773,129
Rockwall,1A,Justice,2,DEM,DaSean Jones,724,36,568,120
Rockwall,1B,Justice,2,DEM,DaSean Jones,1056,42,859,155
Rockwall,1C,Justice,2,DEM,DaSean Jones,834,52,661,121
Rockwall,1D,Justice,2,DEM,DaSean Jones,241,7,194,40
Rockwall,1E,Justice,2,DEM,DaSean Jones,506,38,387,81
Rockwall,2,Justice,2,DEM,DaSean Jones,857,60,703,94
Rockwall,2A,Justice,2,DEM,DaSean Jones,728,51,571,106
Rockwall,2B,Justice,2,DEM,DaSean Jones,503,25,398,80
Rockwall,2C,Justice,2,DEM,DaSean Jones,251,21,199,31
Rockwall,2D,Justice,2,DEM,DaSean Jones,719,34,535,150
Rockwall,2E,Justice,2,DEM,DaSean Jones,743,26,548,169
Rockwall,2F,Justice,2,DEM,DaSean Jones,215,25,156,34
Rockwall,3,Justice,2,DEM,DaSean Jones,639,31,520,88
Rockwall,3A,Justice,2,DEM,DaSean Jones,548,24,413,111
Rockwall,3B,Justice,2,DEM,DaSean Jones,834,43,668,123
Rockwall,3C,Justice,2,DEM,DaSean Jones,493,26,410,57
Rockwall,3D,Justice,2,DEM,DaSean Jones,869,32,701,136
Rockwall,3E,Justice,2,DEM,DaSean Jones,557,26,476,55
Rockwall,4,Justice,2,DEM,DaSean Jones,542,30,433,79
Rockwall,4A,Justice,2,DEM,DaSean Jones,1088,36,897,155
Rockwall,4B,Justice,2,DEM,DaSean Jones,928,24,708,196
Rockwall,4C,Justice,2,DEM,DaSean Jones,875,39,672,164
Rockwall,4D,Justice,2,DEM,DaSean Jones,772,32,633,107
Rockwall,4E,Justice,2,DEM,DaSean Jones,566,20,444,102
Rockwall,4F,Justice,2,DEM,DaSean Jones,67,2,49,16
Rockwall,1,Justice,2,REP,Jessica Lewis,2611,77,2200,334
Rockwall,1A,Justice,2,REP,Jessica Lewis,1282,43,1079,160
Rockwall,1B,Justice,2,REP,Jessica Lewis,3114,65,2628,421
Rockwall,1C,Justice,2,REP,Jessica Lewis,2477,70,2068,339
Rockwall,1D,Justice,2,REP,Jessica Lewis,409,11,320,78
Rockwall,1E,Justice,2,REP,Jessica Lewis,1884,64,1590,230
Rockwall,2,Justice,2,REP,Jessica Lewis,2204,89,1860,255
Rockwall,2A,Justice,2,REP,Jessica Lewis,2021,73,1708,240
Rockwall,2B,Justice,2,REP,Jessica Lewis,858,30,702,126
Rockwall,2C,Justice,2,REP,Jessica Lewis,1063,19,943,101
Rockwall,2D,Justice,2,REP,Jessica Lewis,1009,44,757,208
Rockwall,2E,Justice,2,REP,Jessica Lewis,929,15,674,240
Rockwall,2F,Justice,2,REP,Jessica Lewis,497,25,422,50
Rockwall,3,Justice,2,REP,Jessica Lewis,1248,38,996,214
Rockwall,3A,Justice,2,REP,Jessica Lewis,2233,59,1923,251
Rockwall,3B,Justice,2,REP,Jessica Lewis,2366,57,2007,302
Rockwall,3C,Justice,2,REP,Jessica Lewis,2448,59,2183,206
Rockwall,3D,Justice,2,REP,Jessica Lewis,3193,81,2672,440
Rockwall,3E,Justice,2,REP,Jessica Lewis,1941,25,1723,193
Rockwall,4,Justice,2,REP,Jessica Lewis,1269,34,1074,161
Rockwall,4A,Justice,2,REP,Jessica Lewis,2215,35,1899,281
Rockwall,4B,Justice,2,REP,Jessica Lewis,1970,28,1565,377
Rockwall,4C,Justice,2,REP,Jessica Lewis,2156,46,1768,342
Rockwall,4D,Justice,2,REP,Jessica Lewis,1550,31,1297,222
Rockwall,4E,Justice,2,REP,Jessica Lewis,1368,38,1143,187
Rockwall,4F,Justice,2,REP,Jessica Lewis,311,4,265,42
Rockwall,1,Justice,2,REP,Jimmy Blacklock,2606,80,2190,336
Rockwall,1A,Justice,2,REP,Jimmy Blacklock,1272,48,1069,155
Rockwall,1B,Justice,2,REP,Jimmy Blacklock,3092,73,2607,412
Rockwall,1C,Justice,2,REP,Jimmy Blacklock,2463,76,2053,334
Rockwall,1D,Justice,2,REP,Jimmy Blacklock,409,13,317,79
Rockwall,1E,Justice,2,REP,Jimmy Blacklock,1885,69,1585,231
Rockwall,2,Justice,2,REP,Jimmy Blacklock,2194,91,1858,245
Rockwall,2A,Justice,2,REP,Jimmy Blacklock,2035,89,1712,234
Rockwall,2B,Justice,2,REP,Jimmy Blacklock,850,32,703,115
Rockwall,2C,Justice,2,REP,Jimmy Blacklock,1065,20,948,97
Rockwall,2D,Justice,2,REP,Jimmy Blacklock,998,45,747,206
Rockwall,2E,Justice,2,REP,Jimmy Blacklock,927,17,672,238
Rockwall,2F,Justice,2,REP,Jimmy Blacklock,497,23,424,50
Rockwall,3,Justice,2,REP,Jimmy Blacklock,1248,46,986,216
Rockwall,3A,Justice,2,REP,Jimmy Blacklock,2224,61,1925,238
Rockwall,3B,Justice,2,REP,Jimmy Blacklock,2348,61,1989,298
Rockwall,3C,Justice,2,REP,Jimmy Blacklock,2452,64,2180,208
Rockwall,3D,Justice,2,REP,Jimmy Blacklock,3183,89,2665,429
Rockwall,3E,Justice,2,REP,Jimmy Blacklock,1956,34,1733,189
Rockwall,4,Justice,2,REP,Jimmy Blacklock,1275,39,1077,159
Rockwall,4A,Justice,2,REP,Jimmy Blacklock,2198,45,1880,273
Rockwall,4B,Justice,2,REP,Jimmy Blacklock,1943,33,1546,364
Rockwall,4C,Justice,2,REP,Jimmy Blacklock,2128,58,1745,325
Rockwall,4D,Justice,2,REP,Jimmy Blacklock,1536,33,1287,216
Rockwall,4E,Justice,2,REP,Jimmy Blacklock,1363,39,1138,186
Rockwall,4F,Justice,2,REP,Jimmy Blacklock,313,6,265,42
Rockwall,1,Justice,2,DEM,Robbie Partida-Kipness,917,46,750,121
Rockwall,1A,Justice,2,DEM,Robbie Partida-Kipness,693,34,544,115
Rockwall,1B,Justice,2,DEM,Robbie Partida-Kipness,989,41,810,138
Rockwall,1C,Justice,2,DEM,Robbie Partida-Kipness,792,49,636,107
Rockwall,1D,Justice,2,DEM,Robbie Partida-Kipness,234,8,187,39
Rockwall,1E,Justice,2,DEM,Robbie Partida-Kipness,488,38,370,80
Rockwall,2,Justice,2,DEM,Robbie Partida-Kipness,818,59,674,85
Rockwall,2A,Justice,2,DEM,Robbie Partida-Kipness,713,51,562,100
Rockwall,2B,Justice,2,DEM,Robbie Partida-Kipness,493,25,399,69
Rockwall,2C,Justice,2,DEM,Robbie Partida-Kipness,247,21,200,26
Rockwall,2D,Justice,2,DEM,Robbie Partida-Kipness,692,29,519,144
Rockwall,2E,Justice,2,DEM,Robbie Partida-Kipness,721,23,534,164
Rockwall,2F,Justice,2,DEM,Robbie Partida-Kipness,213,25,153,35
Rockwall,3,Justice,2,DEM,Robbie Partida-Kipness,610,27,501,82
Rockwall,3A,Justice,2,DEM,Robbie Partida-Kipness,517,23,396,98
Rockwall,3B,Justice,2,DEM,Robbie Partida-Kipness,801,44,639,118
Rockwall,3C,Justice,2,DEM,Robbie Partida-Kipness,479,27,399,53
Rockwall,3D,Justice,2,DEM,Robbie Partida-Kipness,823,29,675,119
Rockwall,3E,Justice,2,DEM,Robbie Partida-Kipness,540,25,468,47
Rockwall,4,Justice,2,DEM,Robbie Partida-Kipness,525,27,424,74
Rockwall,4A,Justice,2,DEM,Robbie Partida-Kipness,1030,33,860,137
Rockwall,4B,Justice,2,DEM,Robbie Partida-Kipness,879,22,680,177
Rockwall,4C,Justice,2,DEM,Robbie Partida-Kipness,824,33,644,147
Rockwall,4D,Justice,2,DEM,Robbie Partida-Kipness,741,26,614,101
Rockwall,4E,Justice,2,DEM,Robbie Partida-Kipness,546,18,432,96
Rockwall,4F,Justice,2,DEM,Robbie Partida-Kipness,66,2,48,16
Rockwall,1,Justice,4,DEM,Christine Vinh Weems,981,48,799,134
Rockwall,1A,Justice,4,DEM,Christine Vinh Weems,735,36,575,124
Rockwall,1B,Justice,4,DEM,Christine Vinh Weems,1074,41,875,158
Rockwall,1C,Justice,4,DEM,Christine Vinh Weems,866,53,689,124
Rockwall,1D,Justice,4,DEM,Christine Vinh Weems,249,8,198,43
Rockwall,1E,Justice,4,DEM,Christine Vinh Weems,535,40,404,91
Rockwall,2,Justice,4,DEM,Christine Vinh Weems,878,67,716,95
Rockwall,2A,Justice,4,DEM,Christine Vinh Weems,765,58,596,111
Rockwall,2B,Justice,4,DEM,Christine Vinh Weems,515,24,410,81
Rockwall,2C,Justice,4,DEM,Christine Vinh Weems,274,21,222,31
Rockwall,2D,Justice,4,DEM,Christine Vinh Weems,721,35,534,152
Rockwall,2E,Justice,4,DEM,Christine Vinh Weems,754,26,555,173
Rockwall,2F,Justice,4,DEM,Christine Vinh Weems,226,25,166,35
Rockwall,3,Justice,4,DEM,Christine Vinh Weems,644,30,521,93
Rockwall,3A,Justice,4,DEM,Christine Vinh Weems,561,27,425,109
Rockwall,3B,Justice,4,DEM,Christine Vinh Weems,839,45,676,118
Rockwall,3C,Justice,4,DEM,Christine Vinh Weems,522,31,432,59
Rockwall,3D,Justice,4,DEM,Christine Vinh Weems,868,29,708,131
Rockwall,3E,Justice,4,DEM,Christine Vinh Weems,592,26,506,60
Rockwall,4,Justice,4,DEM,Christine Vinh Weems,552,31,438,83
Rockwall,4A,Justice,4,DEM,Christine Vinh Weems,1101,35,915,151
Rockwall,4B,Justice,4,DEM,Christine Vinh Weems,932,25,705,202
Rockwall,4C,Justice,4,DEM,Christine Vinh Weems,873,39,675,159
Rockwall,4D,Justice,4,DEM,Christine Vinh Weems,781,30,639,112
Rockwall,4E,Justice,4,DEM,Christine Vinh Weems,563,19,445,99
Rockwall,4F,Justice,4,DEM,Christine Vinh Weems,71,2,53,16
Rockwall,1,Justice,4,REP,John Devine,2573,80,2166,327
Rockwall,1A,Justice,4,REP,John Devine,1257,48,1061,148
Rockwall,1B,Justice,4,REP,John Devine,3079,73,2596,410
Rockwall,1C,Justice,4,REP,John Devine,2433,76,2029,328
Rockwall,1D,Justice,4,REP,John Devine,401,12,313,76
Rockwall,1E,Justice,4,REP,John Devine,1846,63,1562,221
Rockwall,2,Justice,4,REP,John Devine,2175,88,1843,244
Rockwall,2A,Justice,4,REP,John Devine,1992,80,1682,230
Rockwall,2B,Justice,4,REP,John Devine,835,32,689,114
Rockwall,2C,Justice,4,REP,John Devine,1035,18,921,96
Rockwall,2D,Justice,4,REP,John Devine,992,44,746,202
Rockwall,2E,Justice,4,REP,John Devine,911,15,664,232
Rockwall,2F,Justice,4,REP,John Devine,488,24,414,50
Rockwall,3,Justice,4,REP,John Devine,1242,46,985,211
Rockwall,3A,Justice,4,REP,John Devine,2204,56,1907,241
Rockwall,3B,Justice,4,REP,John Devine,2341,58,1979,304
Rockwall,3C,Justice,4,REP,John Devine,2421,58,2157,206
Rockwall,3D,Justice,4,REP,John Devine,3171,91,2651,429
Rockwall,3E,Justice,4,REP,John Devine,1917,36,1697,184
Rockwall,4,Justice,4,REP,John Devine,1265,38,1073,154
Rockwall,4A,Justice,4,REP,John Devine,2183,45,1861,277
Rockwall,4B,Justice,4,REP,John Devine,1931,32,1542,357
Rockwall,4C,Justice,4,REP,John Devine,2130,58,1740,332
Rockwall,4D,Justice,4,REP,John Devine,1527,34,1281,212
Rockwall,4E,Justice,4,REP,John Devine,1367,39,1139,189
Rockwall,4F,Justice,4,REP,John Devine,306,5,259,42
Rockwall,1,Justice,5,REP,Cynthia Barbare,2585,76,2173,336
Rockwall,1A,Justice,5,REP,Cynthia Barbare,1248,42,1055,151
Rockwall,1B,Justice,5,REP,Cynthia Barbare,3080,66,2598,416
Rockwall,1C,Justice,5,REP,Cynthia Barbare,2445,66,2042,337
Rockwall,1D,Justice,5,REP,Cynthia Barbare,410,12,321,77
Rockwall,1E,Justice,5,REP,Cynthia Barbare,1861,62,1571,228
Rockwall,2,Justice,5,REP,Cynthia Barbare,2166,88,1831,247
Rockwall,2A,Justice,5,REP,Cynthia Barbare,2009,74,1697,238
Rockwall,2B,Justice,5,REP,Cynthia Barbare,842,27,694,121
Rockwall,2C,Justice,5,REP,Cynthia Barbare,1043,19,926,98
Rockwall,2D,Justice,5,REP,Cynthia Barbare,973,41,736,196
Rockwall,2E,Justice,5,REP,Cynthia Barbare,910,14,665,231
Rockwall,2F,Justice,5,REP,Cynthia Barbare,490,23,418,49
Rockwall,3,Justice,5,REP,Cynthia Barbare,1249,39,993,217
Rockwall,3A,Justice,5,REP,Cynthia Barbare,2219,56,1919,244
Rockwall,3B,Justice,5,REP,Cynthia Barbare,2346,58,1985,303
Rockwall,3C,Justice,5,REP,Cynthia Barbare,2417,58,2155,204
Rockwall,3D,Justice,5,REP,Cynthia Barbare,3165,81,2652,432
Rockwall,3E,Justice,5,REP,Cynthia Barbare,1926,26,1713,187
Rockwall,4,Justice,5,REP,Cynthia Barbare,1266,34,1071,161
Rockwall,4A,Justice,5,REP,Cynthia Barbare,2173,36,1873,264
Rockwall,4B,Justice,5,REP,Cynthia Barbare,1944,26,1555,363
Rockwall,4C,Justice,5,REP,Cynthia Barbare,2128,46,1750,332
Rockwall,4D,Justice,5,REP,Cynthia Barbare,1531,31,1285,215
Rockwall,4E,Justice,5,REP,Cynthia Barbare,1365,38,1138,189
Rockwall,4F,Justice,5,REP,Cynthia Barbare,304,4,259,41
Rockwall,1,Justice,5,DEM,Erin A. Nowell,932,47,764,121
Rockwall,1A,Justice,5,DEM,Erin A. Nowell,727,35,570,122
Rockwall,1B,Justice,5,DEM,Erin A. Nowell,1022,40,841,141
Rockwall,1C,Justice,5,DEM,Erin A. Nowell,824,52,661,111
Rockwall,1D,Justice,5,DEM,Erin A. Nowell,233,7,187,39
Rockwall,1E,Justice,5,DEM,Erin A. Nowell,509,39,388,82
Rockwall,2,Justice,5,DEM,Erin A. Nowell,851,60,698,93
Rockwall,2A,Justice,5,DEM,Erin A. Nowell,727,51,575,101
Rockwall,2B,Justice,5,DEM,Erin A. Nowell,505,27,406,72
Rockwall,2C,Justice,5,DEM,Erin A. Nowell,264,20,214,30
Rockwall,2D,Justice,5,DEM,Erin A. Nowell,724,30,537,157
Rockwall,2E,Justice,5,DEM,Erin A. Nowell,739,24,542,173
Rockwall,2F,Justice,5,DEM,Erin A. Nowell,220,27,157,36
Rockwall,3,Justice,5,DEM,Erin A. Nowell,612,27,503,82
Rockwall,3A,Justice,5,DEM,Erin A. Nowell,535,25,404,106
Rockwall,3B,Justice,5,DEM,Erin A. Nowell,825,44,665,116
Rockwall,3C,Justice,5,DEM,Erin A. Nowell,505,28,421,56
Rockwall,3D,Justice,5,DEM,Erin A. Nowell,852,29,697,126
Rockwall,3E,Justice,5,DEM,Erin A. Nowell,554,25,476,53
Rockwall,4,Justice,5,DEM,Erin A. Nowell,527,27,426,74
Rockwall,4A,Justice,5,DEM,Erin A. Nowell,1074,33,887,154
Rockwall,4B,Justice,5,DEM,Erin A. Nowell,906,24,690,192
Rockwall,4C,Justice,5,DEM,Erin A. Nowell,848,33,662,153
Rockwall,4D,Justice,5,DEM,Erin A. Nowell,752,26,621,105
Rockwall,4E,Justice,5,DEM,Erin A. Nowell,550,18,437,95
Rockwall,4F,Justice,5,DEM,Erin A. Nowell,71,2,52,17
Rockwall,1,Justice,6,DEM,Bonnie Lee Goldstein,909,49,735,125
Rockwall,1A,Justice,6,DEM,Bonnie Lee Goldstein,707,34,562,111
Rockwall,1B,Justice,6,DEM,Bonnie Lee Goldstein,1016,42,832,142
Rockwall,1C,Justice,6,DEM,Bonnie Lee Goldstein,799,49,647,103
Rockwall,1D,Justice,6,DEM,Bonnie Lee Goldstein,223,8,181,34
Rockwall,1E,Justice,6,DEM,Bonnie Lee Goldstein,497,41,378,78
Rockwall,2,Justice,6,DEM,Bonnie Lee Goldstein,820,64,669,87
Rockwall,2A,Justice,6,DEM,Bonnie Lee Goldstein,700,52,557,91
Rockwall,2B,Justice,6,DEM,Bonnie Lee Goldstein,485,25,389,71
Rockwall,2C,Justice,6,DEM,Bonnie Lee Goldstein,249,21,203,25
Rockwall,2D,Justice,6,DEM,Bonnie Lee Goldstein,675,33,508,134
Rockwall,2E,Justice,6,DEM,Bonnie Lee Goldstein,715,24,530,161
Rockwall,2F,Justice,6,DEM,Bonnie Lee Goldstein,215,26,156,33
Rockwall,3,Justice,6,DEM,Bonnie Lee Goldstein,607,31,499,77
Rockwall,3A,Justice,6,DEM,Bonnie Lee Goldstein,520,24,394,102
Rockwall,3B,Justice,6,DEM,Bonnie Lee Goldstein,785,42,635,108
Rockwall,3C,Justice,6,DEM,Bonnie Lee Goldstein,477,26,395,56
Rockwall,3D,Justice,6,DEM,Bonnie Lee Goldstein,810,28,668,114
Rockwall,3E,Justice,6,DEM,Bonnie Lee Goldstein,529,26,454,49
Rockwall,4,Justice,6,DEM,Bonnie Lee Goldstein,512,30,410,72
Rockwall,4A,Justice,6,DEM,Bonnie Lee Goldstein,1033,32,862,139
Rockwall,4B,Justice,6,DEM,Bonnie Lee Goldstein,886,25,685,176
Rockwall,4C,Justice,6,DEM,Bonnie Lee Goldstein,833,40,647,146
Rockwall,4D,Justice,6,DEM,Bonnie Lee Goldstein,737,28,611,98
Rockwall,4E,Justice,6,DEM,Bonnie Lee Goldstein,531,22,422,87
Rockwall,4F,Justice,6,DEM,Bonnie Lee Goldstein,62,2,44,16
Rockwall,1,Justice,6,LIB,J. David Roberson,107,3,75,29
Rockwall,1A,Justice,6,LIB,J. David Roberson,63,1,43,19
Rockwall,1B,Justice,6,LIB,J. David Roberson,122,0,96,26
Rockwall,1C,Justice,6,LIB,J. David Roberson,97,2,66,29
Rockwall,1D,Justice,6,LIB,J. David Roberson,44,1,32,11
Rockwall,1E,Justice,6,LIB,J. David Roberson,53,0,43,10
Rockwall,2,Justice,6,LIB,J. David Roberson,101,1,73,27
Rockwall,2A,Justice,6,LIB,J. David Roberson,62,0,35,27
Rockwall,2B,Justice,6,LIB,J. David Roberson,46,1,33,12
Rockwall,2C,Justice,6,LIB,J. David Roberson,21,0,15,6
Rockwall,2D,Justice,6,LIB,J. David Roberson,81,4,49,28
Rockwall,2E,Justice,6,LIB,J. David Roberson,74,3,47,24
Rockwall,2F,Justice,6,LIB,J. David Roberson,15,0,9,6
Rockwall,3,Justice,6,LIB,J. David Roberson,70,1,49,20
Rockwall,3A,Justice,6,LIB,J. David Roberson,62,1,41,20
Rockwall,3B,Justice,6,LIB,J. David Roberson,99,0,72,27
Rockwall,3C,Justice,6,LIB,J. David Roberson,60,2,43,15
Rockwall,3D,Justice,6,LIB,J. David Roberson,108,1,76,31
Rockwall,3E,Justice,6,LIB,J. David Roberson,71,4,58,9
Rockwall,4,Justice,6,LIB,J. David Roberson,68,2,52,14
Rockwall,4A,Justice,6,LIB,J. David Roberson,131,2,90,39
Rockwall,4B,Justice,6,LIB,J. David Roberson,115,1,67,47
Rockwall,4C,Justice,6,LIB,J. David Roberson,98,1,65,32
Rockwall,4D,Justice,6,LIB,J. David Roberson,69,1,53,15
Rockwall,4E,Justice,6,LIB,J. David Roberson,66,1,45,20
Rockwall,4F,Justice,6,LIB,J. David Roberson,17,0,15,2
Rockwall,1,Justice,6,REP,Jane Bland,2536,78,2150,308
Rockwall,1A,Justice,6,REP,Jane Bland,1223,46,1034,143
Rockwall,1B,Justice,6,REP,Jane Bland,3014,73,2545,396
Rockwall,1C,Justice,6,REP,Jane Bland,2407,76,2011,320
Rockwall,1D,Justice,6,REP,Jane Bland,383,11,300,72
Rockwall,1E,Justice,6,REP,Jane Bland,1847,67,1557,223
Rockwall,2,Justice,6,REP,Jane Bland,2130,90,1813,227
Rockwall,2A,Justice,6,REP,Jane Bland,1999,86,1689,224
Rockwall,2B,Justice,6,REP,Jane Bland,822,30,680,112
Rockwall,2C,Justice,6,REP,Jane Bland,1046,20,928,98
Rockwall,2D,Justice,6,REP,Jane Bland,965,43,729,193
Rockwall,2E,Justice,6,REP,Jane Bland,880,16,642,222
Rockwall,2F,Justice,6,REP,Jane Bland,483,23,414,46
Rockwall,3,Justice,6,REP,Jane Bland,1207,45,957,205
Rockwall,3A,Justice,6,REP,Jane Bland,2185,59,1897,229
Rockwall,3B,Justice,6,REP,Jane Bland,2305,62,1955,288
Rockwall,3C,Justice,6,REP,Jane Bland,2408,61,2154,193
Rockwall,3D,Justice,6,REP,Jane Bland,3127,91,2616,420
Rockwall,3E,Justice,6,REP,Jane Bland,1910,32,1693,185
Rockwall,4,Justice,6,REP,Jane Bland,1233,37,1047,149
Rockwall,4A,Justice,6,REP,Jane Bland,2119,46,1825,248
Rockwall,4B,Justice,6,REP,Jane Bland,1869,31,1503,335
Rockwall,4C,Justice,6,REP,Jane Bland,2072,55,1704,313
Rockwall,4D,Justice,6,REP,Jane Bland,1500,36,1254,210
Rockwall,4E,Justice,6,REP,Jane Bland,1333,36,1118,179
Rockwall,4F,Justice,6,REP,Jane Bland,301,6,255,40
Rockwall,1,Justice,9,REP,Matthew J. Kolodoski,2579,78,2173,328
Rockwall,1A,Justice,9,REP,Matthew J. Kolodoski,1255,41,1059,155
Rockwall,1B,Justice,9,REP,Matthew J. Kolodoski,3066,64,2595,407
Rockwall,1C,Justice,9,REP,Matthew J. Kolodoski,2429,69,2032,328
Rockwall,1D,Justice,9,REP,Matthew J. Kolodoski,402,13,313,76
Rockwall,1E,Justice,9,REP,Matthew J. Kolodoski,1874,63,1584,227
Rockwall,2,Justice,9,REP,Matthew J. Kolodoski,2173,86,1843,244
Rockwall,2A,Justice,9,REP,Matthew J. Kolodoski,1997,72,1693,232
Rockwall,2B,Justice,9,REP,Matthew J. Kolodoski,849,31,696,122
Rockwall,2C,Justice,9,REP,Matthew J. Kolodoski,1046,20,927,99
Rockwall,2D,Justice,9,REP,Matthew J. Kolodoski,985,43,742,200
Rockwall,2E,Justice,9,REP,Matthew J. Kolodoski,918,15,664,239
Rockwall,2F,Justice,9,REP,Matthew J. Kolodoski,484,22,411,51
Rockwall,3,Justice,9,REP,Matthew J. Kolodoski,1237,39,981,217
Rockwall,3A,Justice,9,REP,Matthew J. Kolodoski,2201,56,1903,242
Rockwall,3B,Justice,9,REP,Matthew J. Kolodoski,2330,56,1973,301
Rockwall,3C,Justice,9,REP,Matthew J. Kolodoski,2413,59,2154,200
Rockwall,3D,Justice,9,REP,Matthew J. Kolodoski,3149,81,2647,421
Rockwall,3E,Justice,9,REP,Matthew J. Kolodoski,1932,27,1716,189
Rockwall,4,Justice,9,REP,Matthew J. Kolodoski,1256,33,1064,159
Rockwall,4A,Justice,9,REP,Matthew J. Kolodoski,2178,37,1872,269
Rockwall,4B,Justice,9,REP,Matthew J. Kolodoski,1929,26,1549,354
Rockwall,4C,Justice,9,REP,Matthew J. Kolodoski,2114,47,1742,325
Rockwall,4D,Justice,9,REP,Matthew J. Kolodoski,1516,31,1278,207
Rockwall,4E,Justice,9,REP,Matthew J. Kolodoski,1346,36,1124,186
Rockwall,4F,Justice,9,REP,Matthew J. Kolodoski,307,4,262,41
Rockwall,1,Justice,9,DEM,Tina Clinton,944,47,769,128
Rockwall,1A,Justice,9,DEM,Tina Clinton,719,36,567,116
Rockwall,1B,Justice,9,DEM,Tina Clinton,1044,42,849,153
Rockwall,1C,Justice,9,DEM,Tina Clinton,837,50,668,119
Rockwall,1D,Justice,9,DEM,Tina Clinton,241,6,194,41
Rockwall,1E,Justice,9,DEM,Tina Clinton,497,39,373,85
Rockwall,2,Justice,9,DEM,Tina Clinton,849,61,692,96
Rockwall,2A,Justice,9,DEM,Tina Clinton,736,53,577,106
Rockwall,2B,Justice,9,DEM,Tina Clinton,499,23,404,72
Rockwall,2C,Justice,9,DEM,Tina Clinton,263,20,214,29
Rockwall,2D,Justice,9,DEM,Tina Clinton,714,30,530,154
Rockwall,2E,Justice,9,DEM,Tina Clinton,734,23,548,163
Rockwall,2F,Justice,9,DEM,Tina Clinton,221,25,163,33
Rockwall,3,Justice,9,DEM,Tina Clinton,624,26,515,83
Rockwall,3A,Justice,9,DEM,Tina Clinton,546,26,413,107
Rockwall,3B,Justice,9,DEM,Tina Clinton,830,46,667,117
Rockwall,3C,Justice,9,DEM,Tina Clinton,511,27,424,60
Rockwall,3D,Justice,9,DEM,Tina Clinton,858,29,694,135
Rockwall,3E,Justice,9,DEM,Tina Clinton,552,24,478,50
Rockwall,4,Justice,9,DEM,Tina Clinton,536,28,432,76
Rockwall,4A,Justice,9,DEM,Tina Clinton,1077,32,892,153
Rockwall,4B,Justice,9,DEM,Tina Clinton,918,23,697,198
Rockwall,4C,Justice,9,DEM,Tina Clinton,857,32,665,160
Rockwall,4D,Justice,9,DEM,Tina Clinton,767,26,626,115
Rockwall,4E,Justice,9,DEM,Tina Clinton,566,21,449,96
Rockwall,4F,Justice,9,DEM,Tina Clinton,70,2,51,17
Rockwall,3,Justice of the Peace Pct 3,,REP,Mark Russo,1581,21,1287,273
Rockwall,3A,Justice of the Peace Pct 3,,REP,Mark Russo,2507,55,2137,315
Rockwall,3B,Justice of the Peace Pct 3,,REP,Mark Russo,2764,51,2329,384
Rockwall,3C,Justice of the Peace Pct 3,,REP,Mark Russo,2670,62,2363,245
Rockwall,3D,Justice of the Peace Pct 3,,REP,Mark Russo,3628,82,3033,513
Rockwall,3E,Justice of the Peace Pct 3,,REP,Mark Russo,2215,28,1968,219
Rockwall,4,Justice of the Peace Pct 4,,REP,Liana Bell Whitten,1551,25,1318,208
Rockwall,4A,Justice of the Peace Pct 4,,REP,Liana Bell Whitten,2809,32,2398,379
Rockwall,4B,Justice of the Peace Pct 4,,REP,Liana Bell Whitten,2472,22,1948,502
Rockwall,4C,Justice of the Peace Pct 4,,REP,Liana Bell Whitten,2620,26,2151,443
Rockwall,4D,Justice of the Peace Pct 4,,REP,Liana Bell Whitten,1956,26,1635,295
Rockwall,4E,Justice of the Peace Pct 4,,REP,Liana Bell Whitten,1664,30,1376,258
Rockwall,4F,Justice of the Peace Pct 4,,REP,Liana Bell Whitten,347,4,289,54
Rockwall,2,Justice of the Peace Precinct 2,2,REP,Ben Massar,2614,84,2216,314
Rockwall,2A,Justice of the Peace Precinct 2,2,REP,Ben Massar,2336,69,1960,307
Rockwall,2B,Justice of the Peace Precinct 2,2,REP,Ben Massar,1100,29,906,165
Rockwall,2C,Justice of the Peace Precinct 2,2,REP,Ben Massar,1173,22,1035,116
Rockwall,2D,Justice of the Peace Precinct 2,2,REP,Ben Massar,1406,45,1056,305
Rockwall,2E,Justice of the Peace Precinct 2,2,REP,Ben Massar,1348,19,973,356
Rockwall,2F,Justice of the Peace Precinct 2,2,REP,Ben Massar,583,23,490,70
Rockwall,3,PROPOSITION A City of Fate,,,AGAINST,689,12,561,116
Rockwall,4,PROPOSITION A City of Fate,,,AGAINST,692,18,588,86
Rockwall,4A,PROPOSITION A City of Fate,,,AGAINST,1221,16,1032,173
Rockwall,4D,PROPOSITION A City of Fate,,,AGAINST,885,14,732,139
Rockwall,4E,PROPOSITION A City of Fate,,,AGAINST,666,14,564,88
Rockwall,3,PROPOSITION A City of Fate,,,FOR,1159,24,945,190
Rockwall,4,PROPOSITION A City of Fate,,,FOR,977,19,816,142
Rockwall,4A,PROPOSITION A City of Fate,,,FOR,2042,37,1748,257
Rockwall,4D,PROPOSITION A City of Fate,,,FOR,1411,31,1192,188
Rockwall,4E,PROPOSITION A City of Fate,,,FOR,1148,27,962,159
Rockwall,1,PROPOSITION A Rockwall ISD,,,AGAINST,1818,51,1484,283
Rockwall,1A,PROPOSITION A Rockwall ISD,,,AGAINST,1174,34,982,158
Rockwall,1B,PROPOSITION A Rockwall ISD,,,AGAINST,2125,44,1748,333
Rockwall,1C,PROPOSITION A Rockwall ISD,,,AGAINST,1697,54,1411,232
Rockwall,1D,PROPOSITION A Rockwall ISD,,,AGAINST,403,11,317,75
Rockwall,1E,PROPOSITION A Rockwall ISD,,,AGAINST,1303,46,1073,184
Rockwall,2,PROPOSITION A Rockwall ISD,,,AGAINST,1634,61,1364,209
Rockwall,2A,PROPOSITION A Rockwall ISD,,,AGAINST,1506,41,1254,211
Rockwall,2B,PROPOSITION A Rockwall ISD,,,AGAINST,818,29,675,114
Rockwall,2C,PROPOSITION A Rockwall ISD,,,AGAINST,676,14,590,72
Rockwall,2D,PROPOSITION A Rockwall ISD,,,AGAINST,936,27,700,209
Rockwall,2E,PROPOSITION A Rockwall ISD,,,AGAINST,972,19,731,222
Rockwall,2F,PROPOSITION A Rockwall ISD,,,AGAINST,321,11,273,37
Rockwall,3,PROPOSITION A Rockwall ISD,,,AGAINST,1059,18,863,178
Rockwall,3A,PROPOSITION A Rockwall ISD,,,AGAINST,831,20,712,99
Rockwall,3B,PROPOSITION A Rockwall ISD,,,AGAINST,1654,33,1384,237
Rockwall,3C,PROPOSITION A Rockwall ISD,,,AGAINST,1565,44,1362,159
Rockwall,3D,PROPOSITION A Rockwall ISD,,,AGAINST,2455,63,2019,373
Rockwall,3E,PROPOSITION A Rockwall ISD,,,AGAINST,1392,21,1234,137
Rockwall,4,PROPOSITION A Rockwall ISD,,,AGAINST,578,12,480,86
Rockwall,4A,PROPOSITION A Rockwall ISD,,,AGAINST,508,12,432,64
Rockwall,4D,PROPOSITION A Rockwall ISD,,,AGAINST,647,18,530,99
Rockwall,4E,PROPOSITION A Rockwall ISD,,,AGAINST,370,8,293,69
Rockwall,4F,PROPOSITION A Rockwall ISD,,,AGAINST,38,1,29,8
Rockwall,1,PROPOSITION A Rockwall ISD,,,FOR,1748,52,1507,189
Rockwall,1A,PROPOSITION A Rockwall ISD,,,FOR,788,34,643,111
Rockwall,1B,PROPOSITION A Rockwall ISD,,,FOR,2030,45,1746,239
Rockwall,1C,PROPOSITION A Rockwall ISD,,,FOR,1605,46,1328,231
Rockwall,1D,PROPOSITION A Rockwall ISD,,,FOR,236,4,188,44
Rockwall,1E,PROPOSITION A Rockwall ISD,,,FOR,1082,51,905,126
Rockwall,2,PROPOSITION A Rockwall ISD,,,FOR,1403,70,1198,135
Rockwall,2A,PROPOSITION A Rockwall ISD,,,FOR,1223,62,1029,132
Rockwall,2B,PROPOSITION A Rockwall ISD,,,FOR,536,20,433,83
Rockwall,2C,PROPOSITION A Rockwall ISD,,,FOR,630,24,552,54
Rockwall,2D,PROPOSITION A Rockwall ISD,,,FOR,783,38,594,151
Rockwall,2E,PROPOSITION A Rockwall ISD,,,FOR,689,15,493,181
Rockwall,2F,PROPOSITION A Rockwall ISD,,,FOR,380,28,305,47
Rockwall,3,PROPOSITION A Rockwall ISD,,,FOR,798,19,650,129
Rockwall,3A,PROPOSITION A Rockwall ISD,,,FOR,488,12,408,68
Rockwall,3B,PROPOSITION A Rockwall ISD,,,FOR,1514,52,1268,194
Rockwall,3C,PROPOSITION A Rockwall ISD,,,FOR,1378,34,1232,112
Rockwall,3D,PROPOSITION A Rockwall ISD,,,FOR,1596,37,1358,201
Rockwall,3E,PROPOSITION A Rockwall ISD,,,FOR,1127,27,994,106
Rockwall,4,PROPOSITION A Rockwall ISD,,,FOR,444,11,391,42
Rockwall,4A,PROPOSITION A Rockwall ISD,,,FOR,536,14,461,61
Rockwall,4D,PROPOSITION A Rockwall ISD,,,FOR,668,13,566,89
Rockwall,4E,PROPOSITION A Rockwall ISD,,,FOR,316,4,264,48
Rockwall,4F,PROPOSITION A Rockwall ISD,,,FOR,16,0,13,3
Rockwall,1,PROPOSITION B Rockwall ISD,,,AGAINST,1927,53,1584,290
Rockwall,1A,PROPOSITION B Rockwall ISD,,,AGAINST,1177,35,974,168
Rockwall,1B,PROPOSITION B Rockwall ISD,,,AGAINST,2243,42,1862,339
Rockwall,1C,PROPOSITION B Rockwall ISD,,,AGAINST,1749,55,1453,241
Rockwall,1D,PROPOSITION B Rockwall ISD,,,AGAINST,379,12,300,67
Rockwall,1E,PROPOSITION B Rockwall ISD,,,AGAINST,1381,45,1149,187
Rockwall,2,PROPOSITION B Rockwall ISD,,,AGAINST,1670,60,1400,210
Rockwall,2A,PROPOSITION B Rockwall ISD,,,AGAINST,1532,41,1282,209
Rockwall,2B,PROPOSITION B Rockwall ISD,,,AGAINST,810,36,664,110
Rockwall,2C,PROPOSITION B Rockwall ISD,,,AGAINST,710,13,621,76
Rockwall,2D,PROPOSITION B Rockwall ISD,,,AGAINST,958,29,722,207
Rockwall,2E,PROPOSITION B Rockwall ISD,,,AGAINST,983,17,746,220
Rockwall,2F,PROPOSITION B Rockwall ISD,,,AGAINST,329,12,277,40
Rockwall,3,PROPOSITION B Rockwall ISD,,,AGAINST,1067,19,869,179
Rockwall,3A,PROPOSITION B Rockwall ISD,,,AGAINST,847,20,726,101
Rockwall,3B,PROPOSITION B Rockwall ISD,,,AGAINST,1703,35,1429,239
Rockwall,3C,PROPOSITION B Rockwall ISD,,,AGAINST,1607,42,1394,171
Rockwall,3D,PROPOSITION B Rockwall ISD,,,AGAINST,2520,63,2085,372
Rockwall,3E,PROPOSITION B Rockwall ISD,,,AGAINST,1420,22,1258,140
Rockwall,4,PROPOSITION B Rockwall ISD,,,AGAINST,601,14,510,77
Rockwall,4A,PROPOSITION B Rockwall ISD,,,AGAINST,544,14,454,76
Rockwall,4D,PROPOSITION B Rockwall ISD,,,AGAINST,675,14,559,102
Rockwall,4E,PROPOSITION B Rockwall ISD,,,AGAINST,377,9,304,64
Rockwall,4F,PROPOSITION B Rockwall ISD,,,AGAINST,39,1,28,10
Rockwall,1,PROPOSITION B Rockwall ISD,,,FOR,1636,50,1404,182
Rockwall,1A,PROPOSITION B Rockwall ISD,,,FOR,773,33,640,100
Rockwall,1B,PROPOSITION B Rockwall ISD,,,FOR,1907,47,1625,235
Rockwall,1C,PROPOSITION B Rockwall ISD,,,FOR,1547,46,1280,221
Rockwall,1D,PROPOSITION B Rockwall ISD,,,FOR,257,3,203,51
Rockwall,1E,PROPOSITION B Rockwall ISD,,,FOR,1001,54,823,124
Rockwall,2,PROPOSITION B Rockwall ISD,,,FOR,1357,71,1153,133
Rockwall,2A,PROPOSITION B Rockwall ISD,,,FOR,1191,67,990,134
Rockwall,2B,PROPOSITION B Rockwall ISD,,,FOR,540,13,441,86
Rockwall,2C,PROPOSITION B Rockwall ISD,,,FOR,597,25,522,50
Rockwall,2D,PROPOSITION B Rockwall ISD,,,FOR,758,35,573,150
Rockwall,2E,PROPOSITION B Rockwall ISD,,,FOR,674,17,473,184
Rockwall,2F,PROPOSITION B Rockwall ISD,,,FOR,366,27,294,45
Rockwall,3,PROPOSITION B Rockwall ISD,,,FOR,785,18,641,126
Rockwall,3A,PROPOSITION B Rockwall ISD,,,FOR,470,12,392,66
Rockwall,3B,PROPOSITION B Rockwall ISD,,,FOR,1457,49,1216,192
Rockwall,3C,PROPOSITION B Rockwall ISD,,,FOR,1340,35,1204,101
Rockwall,3D,PROPOSITION B Rockwall ISD,,,FOR,1525,37,1285,203
Rockwall,3E,PROPOSITION B Rockwall ISD,,,FOR,1096,26,967,103
Rockwall,4,PROPOSITION B Rockwall ISD,,,FOR,420,9,361,50
Rockwall,4A,PROPOSITION B Rockwall ISD,,,FOR,498,11,437,50
Rockwall,4D,PROPOSITION B Rockwall ISD,,,FOR,639,17,536,86
Rockwall,4E,PROPOSITION B Rockwall ISD,,,FOR,306,3,251,52
Rockwall,4F,PROPOSITION B Rockwall ISD,,,FOR,15,0,14,1
Rockwall,1,PROPOSITION C Rockwall ISD,,,AGAINST,1875,49,1548,278
Rockwall,1A,PROPOSITION C Rockwall ISD,,,AGAINST,1152,31,957,164
Rockwall,1B,PROPOSITION C Rockwall ISD,,,AGAINST,2195,41,1833,321
Rockwall,1C,PROPOSITION C Rockwall ISD,,,AGAINST,1725,52,1444,229
Rockwall,1D,PROPOSITION C Rockwall ISD,,,AGAINST,374,12,294,68
Rockwall,1E,PROPOSITION C Rockwall ISD,,,AGAINST,1327,44,1109,174
Rockwall,2,PROPOSITION C Rockwall ISD,,,AGAINST,1620,52,1370,198
Rockwall,2A,PROPOSITION C Rockwall ISD,,,AGAINST,1483,36,1253,194
Rockwall,2B,PROPOSITION C Rockwall ISD,,,AGAINST,796,32,652,112
Rockwall,2C,PROPOSITION C Rockwall ISD,,,AGAINST,706,15,617,74
Rockwall,2D,PROPOSITION C Rockwall ISD,,,AGAINST,947,23,725,199
Rockwall,2E,PROPOSITION C Rockwall ISD,,,AGAINST,956,18,727,211
Rockwall,2F,PROPOSITION C Rockwall ISD,,,AGAINST,328,9,279,40
Rockwall,3,PROPOSITION C Rockwall ISD,,,AGAINST,1078,22,880,176
Rockwall,3A,PROPOSITION C Rockwall ISD,,,AGAINST,829,19,714,96
Rockwall,3B,PROPOSITION C Rockwall ISD,,,AGAINST,1652,30,1395,227
Rockwall,3C,PROPOSITION C Rockwall ISD,,,AGAINST,1597,43,1393,161
Rockwall,3D,PROPOSITION C Rockwall ISD,,,AGAINST,2484,59,2053,372
Rockwall,3E,PROPOSITION C Rockwall ISD,,,AGAINST,1427,18,1271,138
Rockwall,4,PROPOSITION C Rockwall ISD,,,AGAINST,604,14,511,79
Rockwall,4A,PROPOSITION C Rockwall ISD,,,AGAINST,523,12,440,71
Rockwall,4D,PROPOSITION C Rockwall ISD,,,AGAINST,675,14,558,103
Rockwall,4E,PROPOSITION C Rockwall ISD,,,AGAINST,366,8,296,62
Rockwall,4F,PROPOSITION C Rockwall ISD,,,AGAINST,39,1,30,8
Rockwall,1,PROPOSITION C Rockwall ISD,,,FOR,1684,56,1435,193
Rockwall,1A,PROPOSITION C Rockwall ISD,,,FOR,803,36,662,105
Rockwall,1B,PROPOSITION C Rockwall ISD,,,FOR,1952,48,1651,253
Rockwall,1C,PROPOSITION C Rockwall ISD,,,FOR,1572,48,1290,234
Rockwall,1D,PROPOSITION C Rockwall ISD,,,FOR,258,3,207,48
Rockwall,1E,PROPOSITION C Rockwall ISD,,,FOR,1055,55,863,137
Rockwall,2,PROPOSITION C Rockwall ISD,,,FOR,1405,79,1181,145
Rockwall,2A,PROPOSITION C Rockwall ISD,,,FOR,1243,71,1024,148
Rockwall,2B,PROPOSITION C Rockwall ISD,,,FOR,553,18,451,84
Rockwall,2C,PROPOSITION C Rockwall ISD,,,FOR,603,23,529,51
Rockwall,2D,PROPOSITION C Rockwall ISD,,,FOR,771,41,569,161
Rockwall,2E,PROPOSITION C Rockwall ISD,,,FOR,700,16,492,192
Rockwall,2F,PROPOSITION C Rockwall ISD,,,FOR,363,30,291,42
Rockwall,3,PROPOSITION C Rockwall ISD,,,FOR,772,16,628,128
Rockwall,3A,PROPOSITION C Rockwall ISD,,,FOR,485,13,401,71
Rockwall,3B,PROPOSITION C Rockwall ISD,,,FOR,1501,53,1244,204
Rockwall,3C,PROPOSITION C Rockwall ISD,,,FOR,1348,35,1202,111
Rockwall,3D,PROPOSITION C Rockwall ISD,,,FOR,1559,42,1317,200
Rockwall,3E,PROPOSITION C Rockwall ISD,,,FOR,1086,29,952,105
Rockwall,4,PROPOSITION C Rockwall ISD,,,FOR,415,9,358,48
Rockwall,4A,PROPOSITION C Rockwall ISD,,,FOR,520,14,453,53
Rockwall,4D,PROPOSITION C Rockwall ISD,,,FOR,637,16,536,85
Rockwall,4E,PROPOSITION C Rockwall ISD,,,FOR,320,4,260,56
Rockwall,4F,PROPOSITION C Rockwall ISD,,,FOR,15,0,12,3
Rockwall,1,PROPOSITION D Rockwall ISD,,,AGAINST,2136,61,1759,316
Rockwall,1A,PROPOSITION D Rockwall ISD,,,AGAINST,1266,36,1052,178
Rockwall,1B,PROPOSITION D Rockwall ISD,,,AGAINST,2450,48,2045,357
Rockwall,1C,PROPOSITION D Rockwall ISD,,,AGAINST,1935,63,1610,262
Rockwall,1D,PROPOSITION D Rockwall ISD,,,AGAINST,397,12,316,69
Rockwall,1E,PROPOSITION D Rockwall ISD,,,AGAINST,1505,54,1258,193
Rockwall,2,PROPOSITION D Rockwall ISD,,,AGAINST,1800,63,1518,219
Rockwall,2A,PROPOSITION D Rockwall ISD,,,AGAINST,1669,56,1386,227
Rockwall,2B,PROPOSITION D Rockwall ISD,,,AGAINST,882,32,724,126
Rockwall,2C,PROPOSITION D Rockwall ISD,,,AGAINST,791,19,693,79
Rockwall,2D,PROPOSITION D Rockwall ISD,,,AGAINST,1018,28,769,221
Rockwall,2E,PROPOSITION D Rockwall ISD,,,AGAINST,1014,19,769,226
Rockwall,2F,PROPOSITION D Rockwall ISD,,,AGAINST,364,13,303,48
Rockwall,3,PROPOSITION D Rockwall ISD,,,AGAINST,1164,21,954,189
Rockwall,3A,PROPOSITION D Rockwall ISD,,,AGAINST,917,22,778,117
Rockwall,3B,PROPOSITION D Rockwall ISD,,,AGAINST,1872,39,1568,265
Rockwall,3C,PROPOSITION D Rockwall ISD,,,AGAINST,1778,50,1548,180
Rockwall,3D,PROPOSITION D Rockwall ISD,,,AGAINST,2707,65,2250,392
Rockwall,3E,PROPOSITION D Rockwall ISD,,,AGAINST,1589,28,1405,156
Rockwall,4,PROPOSITION D Rockwall ISD,,,AGAINST,665,18,561,86
Rockwall,4A,PROPOSITION D Rockwall ISD,,,AGAINST,593,15,499,79
Rockwall,4D,PROPOSITION D Rockwall ISD,,,AGAINST,754,19,628,107
Rockwall,4E,PROPOSITION D Rockwall ISD,,,AGAINST,397,9,322,66
Rockwall,4F,PROPOSITION D Rockwall ISD,,,AGAINST,40,1,28,11
Rockwall,1,PROPOSITION D Rockwall ISD,,,FOR,1425,43,1226,156
Rockwall,1A,PROPOSITION D Rockwall ISD,,,FOR,678,29,557,92
Rockwall,1B,PROPOSITION D Rockwall ISD,,,FOR,1694,41,1441,212
Rockwall,1C,PROPOSITION D Rockwall ISD,,,FOR,1353,38,1118,197
Rockwall,1D,PROPOSITION D Rockwall ISD,,,FOR,237,3,183,51
Rockwall,1E,PROPOSITION D Rockwall ISD,,,FOR,878,45,716,117
Rockwall,2,PROPOSITION D Rockwall ISD,,,FOR,1227,68,1037,122
Rockwall,2A,PROPOSITION D Rockwall ISD,,,FOR,1048,51,881,116
Rockwall,2B,PROPOSITION D Rockwall ISD,,,FOR,464,18,376,70
Rockwall,2C,PROPOSITION D Rockwall ISD,,,FOR,519,18,454,47
Rockwall,2D,PROPOSITION D Rockwall ISD,,,FOR,694,36,523,135
Rockwall,2E,PROPOSITION D Rockwall ISD,,,FOR,640,15,450,175
Rockwall,2F,PROPOSITION D Rockwall ISD,,,FOR,327,26,266,35
Rockwall,3,PROPOSITION D Rockwall ISD,,,FOR,678,16,549,113
Rockwall,3A,PROPOSITION D Rockwall ISD,,,FOR,399,10,340,49
Rockwall,3B,PROPOSITION D Rockwall ISD,,,FOR,1280,42,1073,165
Rockwall,3C,PROPOSITION D Rockwall ISD,,,FOR,1166,27,1047,92
Rockwall,3D,PROPOSITION D Rockwall ISD,,,FOR,1334,35,1121,178
Rockwall,3E,PROPOSITION D Rockwall ISD,,,FOR,923,18,818,87
Rockwall,4,PROPOSITION D Rockwall ISD,,,FOR,353,5,308,40
Rockwall,4A,PROPOSITION D Rockwall ISD,,,FOR,448,10,392,46
Rockwall,4D,PROPOSITION D Rockwall ISD,,,FOR,559,12,466,81
Rockwall,4E,PROPOSITION D Rockwall ISD,,,FOR,286,3,231,52
Rockwall,4F,PROPOSITION D Rockwall ISD,,,FOR,14,0,14,0
Rockwall,1,President,,LIB,Chase Oliver/Mike ter Maat,30,1,24,5
Rockwall,1A,President,,LIB,Chase Oliver/Mike ter Maat,13,0,10,3
Rockwall,1B,President,,LIB,Chase Oliver/Mike ter Maat,20,0,14,6
Rockwall,1C,President,,LIB,Chase Oliver/Mike ter Maat,25,2,14,9
Rockwall,1D,President,,LIB,Chase Oliver/Mike ter Maat,8,1,5,2
Rockwall,1E,President,,LIB,Chase Oliver/Mike ter Maat,10,0,9,1
Rockwall,2,President,,LIB,Chase Oliver/Mike ter Maat,19,0,14,5
Rockwall,2A,President,,LIB,Chase Oliver/Mike ter Maat,17,1,8,8
Rockwall,2B,President,,LIB,Chase Oliver/Mike ter Maat,5,0,4,1
Rockwall,2C,President,,LIB,Chase Oliver/Mike ter Maat,5,0,3,2
Rockwall,2D,President,,LIB,Chase Oliver/Mike ter Maat,17,0,9,8
Rockwall,2E,President,,LIB,Chase Oliver/Mike ter Maat,9,0,6,3
Rockwall,2F,President,,LIB,Chase Oliver/Mike ter Maat,5,0,2,3
Rockwall,3,President,,LIB,Chase Oliver/Mike ter Maat,14,0,11,3
Rockwall,3A,President,,LIB,Chase Oliver/Mike ter Maat,13,0,4,9
Rockwall,3B,President,,LIB,Chase Oliver/Mike ter Maat,25,2,20,3
Rockwall,3C,President,,LIB,Chase Oliver/Mike ter Maat,14,0,10,4
Rockwall,3D,President,,LIB,Chase Oliver/Mike ter Maat,17,1,11,5
Rockwall,3E,President,,LIB,Chase Oliver/Mike ter Maat,12,1,10,1
Rockwall,4,President,,LIB,Chase Oliver/Mike ter Maat,8,1,5,2
Rockwall,4A,President,,LIB,Chase Oliver/Mike ter Maat,21,0,10,11
Rockwall,4B,President,,LIB,Chase Oliver/Mike ter Maat,14,0,9,5
Rockwall,4C,President,,LIB,Chase Oliver/Mike ter Maat,20,0,10,10
Rockwall,4D,President,,LIB,Chase Oliver/Mike ter Maat,20,0,8,12
Rockwall,4E,President,,LIB,Chase Oliver/Mike ter Maat,12,1,5,6
Rockwall,4F,President,,LIB,Chase Oliver/Mike ter Maat,1,0,1,0
Rockwall,1,President,,REP,Donald J. Trump/JD Vance,2506,85,2090,331
Rockwall,1A,President,,REP,Donald J. Trump/JD Vance,1219,41,1032,146
Rockwall,1B,President,,REP,Donald J. Trump/JD Vance,3006,69,2538,399
Rockwall,1C,President,,REP,Donald J. Trump/JD Vance,2384,76,1991,317
Rockwall,1D,President,,REP,Donald J. Trump/JD Vance,401,13,310,78
Rockwall,1E,President,,REP,Donald J. Trump/JD Vance,1815,65,1532,218
Rockwall,2,President,,REP,Donald J. Trump/JD Vance,2129,93,1803,233
Rockwall,2A,President,,REP,Donald J. Trump/JD Vance,1991,83,1675,233
Rockwall,2B,President,,REP,Donald J. Trump/JD Vance,829,27,686,116
Rockwall,2C,President,,REP,Donald J. Trump/JD Vance,1014,18,900,96
Rockwall,2D,President,,REP,Donald J. Trump/JD Vance,1018,48,761,209
Rockwall,2E,President,,REP,Donald J. Trump/JD Vance,933,17,671,245
Rockwall,2F,President,,REP,Donald J. Trump/JD Vance,477,21,410,46
Rockwall,3,President,,REP,Donald J. Trump/JD Vance,1236,46,968,222
Rockwall,3A,President,,REP,Donald J. Trump/JD Vance,2209,60,1909,240
Rockwall,3B,President,,REP,Donald J. Trump/JD Vance,2299,63,1931,305
Rockwall,3C,President,,REP,Donald J. Trump/JD Vance,2372,65,2105,202
Rockwall,3D,President,,REP,Donald J. Trump/JD Vance,3125,88,2607,430
Rockwall,3E,President,,REP,Donald J. Trump/JD Vance,1891,30,1676,185
Rockwall,4,President,,REP,Donald J. Trump/JD Vance,1276,38,1069,169
Rockwall,4A,President,,REP,Donald J. Trump/JD Vance,2187,48,1861,278
Rockwall,4B,President,,REP,Donald J. Trump/JD Vance,1952,32,1540,380
Rockwall,4C,President,,REP,Donald J. Trump/JD Vance,2119,58,1733,328
Rockwall,4D,President,,REP,Donald J. Trump/JD Vance,1492,34,1248,210
Rockwall,4E,President,,REP,Donald J. Trump/JD Vance,1353,39,1124,190
Rockwall,4F,President,,REP,Donald J. Trump/JD Vance,309,6,261,42
Rockwall,1,President,,GRN,Jill Stein/Rudolph Ware,18,2,15,1
Rockwall,1A,President,,GRN,Jill Stein/Rudolph Ware,7,0,3,4
Rockwall,1B,President,,GRN,Jill Stein/Rudolph Ware,19,0,12,7
Rockwall,1C,President,,GRN,Jill Stein/Rudolph Ware,14,0,11,3
Rockwall,1D,President,,GRN,Jill Stein/Rudolph Ware,6,0,5,1
Rockwall,1E,President,,GRN,Jill Stein/Rudolph Ware,3,0,3,0
Rockwall,2,President,,GRN,Jill Stein/Rudolph Ware,7,0,4,3
Rockwall,2A,President,,GRN,Jill Stein/Rudolph Ware,9,0,5,4
Rockwall,2B,President,,GRN,Jill Stein/Rudolph Ware,4,0,2,2
Rockwall,2C,President,,GRN,Jill Stein/Rudolph Ware,0,0,0,0
Rockwall,2D,President,,GRN,Jill Stein/Rudolph Ware,15,1,8,6
Rockwall,2E,President,,GRN,Jill Stein/Rudolph Ware,11,1,8,2
Rockwall,2F,President,,GRN,Jill Stein/Rudolph Ware,4,0,3,1
Rockwall,3,President,,GRN,Jill Stein/Rudolph Ware,9,1,6,2
Rockwall,3A,President,,GRN,Jill Stein/Rudolph Ware,3,0,2,1
Rockwall,3B,President,,GRN,Jill Stein/Rudolph Ware,10,1,6,3
Rockwall,3C,President,,GRN,Jill Stein/Rudolph Ware,11,0,9,2
Rockwall,3D,President,,GRN,Jill Stein/Rudolph Ware,12,0,10,2
Rockwall,3E,President,,GRN,Jill Stein/Rudolph Ware,10,1,5,4
Rockwall,4,President,,GRN,Jill Stein/Rudolph Ware,9,0,7,2
Rockwall,4A,President,,GRN,Jill Stein/Rudolph Ware,15,0,10,5
Rockwall,4B,President,,GRN,Jill Stein/Rudolph Ware,13,0,8,5
Rockwall,4C,President,,GRN,Jill Stein/Rudolph Ware,10,0,9,1
Rockwall,4D,President,,GRN,Jill Stein/Rudolph Ware,9,1,4,4
Rockwall,4E,President,,GRN,Jill Stein/Rudolph Ware,12,1,8,3
Rockwall,4F,President,,GRN,Jill Stein/Rudolph Ware,3,0,3,0
Rockwall,1,President,,DEM,Kamala D. Harris/Tim Walz,1050,55,860,135
Rockwall,1A,President,,DEM,Kamala D. Harris/Tim Walz,765,46,594,125
Rockwall,1B,President,,DEM,Kamala D. Harris/Tim Walz,1138,48,932,158
Rockwall,1C,President,,DEM,Kamala D. Harris/Tim Walz,936,58,737,141
Rockwall,1D,President,,DEM,Kamala D. Harris/Tim Walz,241,8,191,42
Rockwall,1E,President,,DEM,Kamala D. Harris/Tim Walz,589,50,444,95
Rockwall,2,President,,DEM,Kamala D. Harris/Tim Walz,937,75,761,101
Rockwall,2A,President,,DEM,Kamala D. Harris/Tim Walz,784,64,619,101
Rockwall,2B,President,,DEM,Kamala D. Harris/Tim Walz,533,28,429,76
Rockwall,2C,President,,DEM,Kamala D. Harris/Tim Walz,295,23,243,29
Rockwall,2D,President,,DEM,Kamala D. Harris/Tim Walz,706,40,524,142
Rockwall,2E,President,,DEM,Kamala D. Harris/Tim Walz,741,29,552,160
Rockwall,2F,President,,DEM,Kamala D. Harris/Tim Walz,237,29,174,34
Rockwall,3,President,,DEM,Kamala D. Harris/Tim Walz,647,31,533,83
Rockwall,3A,President,,DEM,Kamala D. Harris/Tim Walz,579,29,444,106
Rockwall,3B,President,,DEM,Kamala D. Harris/Tim Walz,883,47,711,125
Rockwall,3C,President,,DEM,Kamala D. Harris/Tim Walz,574,32,481,61
Rockwall,3D,President,,DEM,Kamala D. Harris/Tim Walz,938,40,761,137
Rockwall,3E,President,,DEM,Kamala D. Harris/Tim Walz,628,28,549,51
Rockwall,4,President,,DEM,Kamala D. Harris/Tim Walz,557,32,450,75
Rockwall,4A,President,,DEM,Kamala D. Harris/Tim Walz,1092,41,911,140
Rockwall,4B,President,,DEM,Kamala D. Harris/Tim Walz,922,27,711,184
Rockwall,4C,President,,DEM,Kamala D. Harris/Tim Walz,876,40,684,152
Rockwall,4D,President,,DEM,Kamala D. Harris/Tim Walz,803,32,672,99
Rockwall,4E,President,,DEM,Kamala D. Harris/Tim Walz,571,21,455,95
Rockwall,4F,President,,DEM,Kamala D. Harris/Tim Walz,70,2,49,19
Rockwall,1,President,,,Write-in,24,0,19,5
Rockwall,1A,President,,,Write-in,5,0,4,1
Rockwall,1B,President,,,Write-in,22,0,16,6
Rockwall,1C,President,,,Write-in,21,0,19,2
Rockwall,1D,President,,,Write-in,3,0,2,1
Rockwall,1E,President,,,Write-in,9,0,8,1
Rockwall,2,President,,,Write-in,15,0,8,7
Rockwall,2A,President,,,Write-in,7,0,6,1
Rockwall,2B,President,,,Write-in,3,0,2,1
Rockwall,2C,President,,,Write-in,3,0,2,1
Rockwall,2D,President,,,Write-in,4,0,3,1
Rockwall,2E,President,,,Write-in,8,0,4,4
Rockwall,2F,President,,,Write-in,2,1,0,1
Rockwall,3,President,,,Write-in,7,0,4,3
Rockwall,3A,President,,,Write-in,11,0,8,3
Rockwall,3B,President,,,Write-in,12,0,10,2
Rockwall,3C,President,,,Write-in,14,0,9,5
Rockwall,3D,President,,,Write-in,21,0,16,5
Rockwall,3E,President,,,Write-in,18,1,13,4
Rockwall,4,President,,,Write-in,4,1,1,2
Rockwall,4A,President,,,Write-in,10,0,8,2
Rockwall,4B,President,,,Write-in,5,0,3,2
Rockwall,4C,President,,,Write-in,11,0,5,6
Rockwall,4D,President,,,Write-in,12,0,7,5
Rockwall,4E,President,,,Write-in,11,0,10,1
Rockwall,4F,President,,,Write-in,0,0,0,0
Rockwall,1,Presiding Judge,,REP,David J. Schenck,2587,81,2178,328
Rockwall,1A,Presiding Judge,,REP,David J. Schenck,1261,45,1061,155
Rockwall,1B,Presiding Judge,,REP,David J. Schenck,3093,70,2613,410
Rockwall,1C,Presiding Judge,,REP,David J. Schenck,2452,75,2042,335
Rockwall,1D,Presiding Judge,,REP,David J. Schenck,400,12,314,74
Rockwall,1E,Presiding Judge,,REP,David J. Schenck,1875,66,1584,225
Rockwall,2,Presiding Judge,,REP,David J. Schenck,2177,89,1846,242
Rockwall,2A,Presiding Judge,,REP,David J. Schenck,2013,84,1693,236
Rockwall,2B,Presiding Judge,,REP,David J. Schenck,847,31,697,119
Rockwall,2C,Presiding Judge,,REP,David J. Schenck,1062,18,946,98
Rockwall,2D,Presiding Judge,,REP,David J. Schenck,1000,44,752,204
Rockwall,2E,Presiding Judge,,REP,David J. Schenck,933,15,675,243
Rockwall,2F,Presiding Judge,,REP,David J. Schenck,487,23,415,49
Rockwall,3,Presiding Judge,,REP,David J. Schenck,1254,46,996,212
Rockwall,3A,Presiding Judge,,REP,David J. Schenck,2208,56,1909,243
Rockwall,3B,Presiding Judge,,REP,David J. Schenck,2338,58,1978,302
Rockwall,3C,Presiding Judge,,REP,David J. Schenck,2432,60,2169,203
Rockwall,3D,Presiding Judge,,REP,David J. Schenck,3188,89,2668,431
Rockwall,3E,Presiding Judge,,REP,David J. Schenck,1946,34,1724,188
Rockwall,4,Presiding Judge,,REP,David J. Schenck,1268,39,1071,158
Rockwall,4A,Presiding Judge,,REP,David J. Schenck,2190,45,1871,274
Rockwall,4B,Presiding Judge,,REP,David J. Schenck,1925,31,1549,345
Rockwall,4C,Presiding Judge,,REP,David J. Schenck,2143,57,1751,335
Rockwall,4D,Presiding Judge,,REP,David J. Schenck,1537,36,1288,213
Rockwall,4E,Presiding Judge,,REP,David J. Schenck,1352,37,1126,189
Rockwall,4F,Presiding Judge,,REP,David J. Schenck,308,6,260,42
Rockwall,1,Presiding Judge,,DEM,Holly Taylor,966,47,784,135
Rockwall,1A,Presiding Judge,,DEM,Holly Taylor,732,38,574,120
Rockwall,1B,Presiding Judge,,DEM,Holly Taylor,1049,42,853,154
Rockwall,1C,Presiding Judge,,DEM,Holly Taylor,848,53,679,116
Rockwall,1D,Presiding Judge,,DEM,Holly Taylor,248,8,197,43
Rockwall,1E,Presiding Judge,,DEM,Holly Taylor,511,39,385,87
Rockwall,2,Presiding Judge,,DEM,Holly Taylor,870,64,708,98
Rockwall,2A,Presiding Judge,,DEM,Holly Taylor,738,53,582,103
Rockwall,2B,Presiding Judge,,DEM,Holly Taylor,510,25,408,77
Rockwall,2C,Presiding Judge,,DEM,Holly Taylor,252,23,199,30
Rockwall,2D,Presiding Judge,,DEM,Holly Taylor,718,36,529,153
Rockwall,2E,Presiding Judge,,DEM,Holly Taylor,728,28,536,164
Rockwall,2F,Presiding Judge,,DEM,Holly Taylor,228,26,165,37
Rockwall,3,Presiding Judge,,DEM,Holly Taylor,630,31,508,91
Rockwall,3A,Presiding Judge,,DEM,Holly Taylor,560,28,425,107
Rockwall,3B,Presiding Judge,,DEM,Holly Taylor,843,47,676,120
Rockwall,3C,Presiding Judge,,DEM,Holly Taylor,509,29,421,59
Rockwall,3D,Presiding Judge,,DEM,Holly Taylor,858,31,695,132
Rockwall,3E,Presiding Judge,,DEM,Holly Taylor,560,26,479,55
Rockwall,4,Presiding Judge,,DEM,Holly Taylor,545,30,436,79
Rockwall,4A,Presiding Judge,,DEM,Holly Taylor,1088,36,900,152
Rockwall,4B,Presiding Judge,,DEM,Holly Taylor,944,26,705,213
Rockwall,4C,Presiding Judge,,DEM,Holly Taylor,863,40,666,157
Rockwall,4D,Presiding Judge,,DEM,Holly Taylor,770,27,631,112
Rockwall,4E,Presiding Judge,,DEM,Holly Taylor,576,20,457,99
Rockwall,4F,Presiding Judge,,DEM,Holly Taylor,70,2,52,16
Rockwall,2C,Proposition A City of Heath,,,AGAINST,220,6,192,22
Rockwall,3C,Proposition A City of Heath,,,AGAINST,521,15,446,60
Rockwall,3E,Proposition A City of Heath,,,AGAINST,422,4,377,41
Rockwall,2C,Proposition A City of Heath,,,FOR,1073,31,938,104
Rockwall,3C,Proposition A City of Heath,,,FOR,2336,63,2071,202
Rockwall,3E,Proposition A City of Heath,,,FOR,2031,42,1799,190
Rockwall,1,Railroad Commissioner,,REP,Christi Craddick,2522,79,2132,311
Rockwall,1A,Railroad Commissioner,,REP,Christi Craddick,1225,43,1036,146
Rockwall,1B,Railroad Commissioner,,REP,Christi Craddick,3029,70,2564,395
Rockwall,1C,Railroad Commissioner,,REP,Christi Craddick,2400,74,1998,328
Rockwall,1D,Railroad Commissioner,,REP,Christi Craddick,386,10,300,76
Rockwall,1E,Railroad Commissioner,,REP,Christi Craddick,1833,66,1552,215
Rockwall,2,Railroad Commissioner,,REP,Christi Craddick,2111,90,1797,224
Rockwall,2A,Railroad Commissioner,,REP,Christi Craddick,1967,82,1666,219
Rockwall,2B,Railroad Commissioner,,REP,Christi Craddick,837,32,689,116
Rockwall,2C,Railroad Commissioner,,REP,Christi Craddick,1042,21,926,95
Rockwall,2D,Railroad Commissioner,,REP,Christi Craddick,956,45,723,188
Rockwall,2E,Railroad Commissioner,,REP,Christi Craddick,882,15,644,223
Rockwall,2F,Railroad Commissioner,,REP,Christi Craddick,483,23,415,45
Rockwall,3,Railroad Commissioner,,REP,Christi Craddick,1212,45,963,204
Rockwall,3A,Railroad Commissioner,,REP,Christi Craddick,2183,60,1885,238
Rockwall,3B,Railroad Commissioner,,REP,Christi Craddick,2277,59,1940,278
Rockwall,3C,Railroad Commissioner,,REP,Christi Craddick,2392,63,2134,195
Rockwall,3D,Railroad Commissioner,,REP,Christi Craddick,3107,91,2603,413
Rockwall,3E,Railroad Commissioner,,REP,Christi Craddick,1892,30,1676,186
Rockwall,4,Railroad Commissioner,,REP,Christi Craddick,1231,38,1039,154
Rockwall,4A,Railroad Commissioner,,REP,Christi Craddick,2126,46,1822,258
Rockwall,4B,Railroad Commissioner,,REP,Christi Craddick,1868,31,1510,327
Rockwall,4C,Railroad Commissioner,,REP,Christi Craddick,2067,59,1703,305
Rockwall,4D,Railroad Commissioner,,REP,Christi Craddick,1486,35,1249,202
Rockwall,4E,Railroad Commissioner,,REP,Christi Craddick,1321,39,1107,175
Rockwall,4F,Railroad Commissioner,,REP,Christi Craddick,300,6,253,41
Rockwall,1,Railroad Commissioner,,GRN,Eddie Espinoza,51,2,35,14
Rockwall,1A,Railroad Commissioner,,GRN,Eddie Espinoza,34,1,21,12
Rockwall,1B,Railroad Commissioner,,GRN,Eddie Espinoza,41,2,28,11
Rockwall,1C,Railroad Commissioner,,GRN,Eddie Espinoza,43,0,32,11
Rockwall,1D,Railroad Commissioner,,GRN,Eddie Espinoza,14,1,12,1
Rockwall,1E,Railroad Commissioner,,GRN,Eddie Espinoza,25,3,17,5
Rockwall,2,Railroad Commissioner,,GRN,Eddie Espinoza,38,1,30,7
Rockwall,2A,Railroad Commissioner,,GRN,Eddie Espinoza,30,2,17,11
Rockwall,2B,Railroad Commissioner,,GRN,Eddie Espinoza,23,2,16,5
Rockwall,2C,Railroad Commissioner,,GRN,Eddie Espinoza,12,1,8,3
Rockwall,2D,Railroad Commissioner,,GRN,Eddie Espinoza,41,2,24,15
Rockwall,2E,Railroad Commissioner,,GRN,Eddie Espinoza,48,1,27,20
Rockwall,2F,Railroad Commissioner,,GRN,Eddie Espinoza,12,0,8,4
Rockwall,3,Railroad Commissioner,,GRN,Eddie Espinoza,30,1,21,8
Rockwall,3A,Railroad Commissioner,,GRN,Eddie Espinoza,30,2,19,9
Rockwall,3B,Railroad Commissioner,,GRN,Eddie Espinoza,45,2,29,14
Rockwall,3C,Railroad Commissioner,,GRN,Eddie Espinoza,18,0,11,7
Rockwall,3D,Railroad Commissioner,,GRN,Eddie Espinoza,41,0,25,16
Rockwall,3E,Railroad Commissioner,,GRN,Eddie Espinoza,17,1,14,2
Rockwall,4,Railroad Commissioner,,GRN,Eddie Espinoza,33,2,24,7
Rockwall,4A,Railroad Commissioner,,GRN,Eddie Espinoza,55,1,36,18
Rockwall,4B,Railroad Commissioner,,GRN,Eddie Espinoza,75,0,45,30
Rockwall,4C,Railroad Commissioner,,GRN,Eddie Espinoza,44,0,27,17
Rockwall,4D,Railroad Commissioner,,GRN,Eddie Espinoza,33,1,25,7
Rockwall,4E,Railroad Commissioner,,GRN,Eddie Espinoza,43,2,24,17
Rockwall,4F,Railroad Commissioner,,GRN,Eddie Espinoza,9,0,6,3
Rockwall,1,Railroad Commissioner,,LIB,Hawk Dunlap,97,4,65,28
Rockwall,1A,Railroad Commissioner,,LIB,Hawk Dunlap,55,0,43,12
Rockwall,1B,Railroad Commissioner,,LIB,Hawk Dunlap,106,5,77,24
Rockwall,1C,Railroad Commissioner,,LIB,Hawk Dunlap,80,3,58,19
Rockwall,1D,Railroad Commissioner,,LIB,Hawk Dunlap,23,0,20,3
Rockwall,1E,Railroad Commissioner,,LIB,Hawk Dunlap,33,0,25,8
Rockwall,2,Railroad Commissioner,,LIB,Hawk Dunlap,77,1,57,19
Rockwall,2A,Railroad Commissioner,,LIB,Hawk Dunlap,66,1,36,29
Rockwall,2B,Railroad Commissioner,,LIB,Hawk Dunlap,29,0,21,8
Rockwall,2C,Railroad Commissioner,,LIB,Hawk Dunlap,22,1,17,4
Rockwall,2D,Railroad Commissioner,,LIB,Hawk Dunlap,59,2,37,20
Rockwall,2E,Railroad Commissioner,,LIB,Hawk Dunlap,36,1,25,10
Rockwall,2F,Railroad Commissioner,,LIB,Hawk Dunlap,13,0,7,6
Rockwall,3,Railroad Commissioner,,LIB,Hawk Dunlap,52,1,34,17
Rockwall,3A,Railroad Commissioner,,LIB,Hawk Dunlap,56,0,39,17
Rockwall,3B,Railroad Commissioner,,LIB,Hawk Dunlap,80,0,60,20
Rockwall,3C,Railroad Commissioner,,LIB,Hawk Dunlap,54,1,42,11
Rockwall,3D,Railroad Commissioner,,LIB,Hawk Dunlap,79,1,56,22
Rockwall,3E,Railroad Commissioner,,LIB,Hawk Dunlap,64,3,54,7
Rockwall,4,Railroad Commissioner,,LIB,Hawk Dunlap,50,1,38,11
Rockwall,4A,Railroad Commissioner,,LIB,Hawk Dunlap,110,2,83,25
Rockwall,4B,Railroad Commissioner,,LIB,Hawk Dunlap,100,1,67,32
Rockwall,4C,Railroad Commissioner,,LIB,Hawk Dunlap,85,2,58,25
Rockwall,4D,Railroad Commissioner,,LIB,Hawk Dunlap,53,1,38,14
Rockwall,4E,Railroad Commissioner,,LIB,Hawk Dunlap,50,0,38,12
Rockwall,4F,Railroad Commissioner,,LIB,Hawk Dunlap,12,0,10,2
Rockwall,1,Railroad Commissioner,,DEM,Katherine Culbert,886,46,731,109
Rockwall,1A,Railroad Commissioner,,DEM,Katherine Culbert,671,40,530,101
Rockwall,1B,Railroad Commissioner,,DEM,Katherine Culbert,958,36,792,130
Rockwall,1C,Railroad Commissioner,,DEM,Katherine Culbert,769,51,620,98
Rockwall,1D,Railroad Commissioner,,DEM,Katherine Culbert,221,8,175,38
Rockwall,1E,Railroad Commissioner,,DEM,Katherine Culbert,491,39,372,80
Rockwall,2,Railroad Commissioner,,DEM,Katherine Culbert,815,63,663,89
Rockwall,2A,Railroad Commissioner,,DEM,Katherine Culbert,682,53,548,81
Rockwall,2B,Railroad Commissioner,,DEM,Katherine Culbert,466,23,378,65
Rockwall,2C,Railroad Commissioner,,DEM,Katherine Culbert,242,19,196,27
Rockwall,2D,Railroad Commissioner,,DEM,Katherine Culbert,664,31,501,132
Rockwall,2E,Railroad Commissioner,,DEM,Katherine Culbert,699,27,519,153
Rockwall,2F,Railroad Commissioner,,DEM,Katherine Culbert,207,27,150,30
Rockwall,3,Railroad Commissioner,,DEM,Katherine Culbert,580,30,476,74
Rockwall,3A,Railroad Commissioner,,DEM,Katherine Culbert,498,22,386,90
Rockwall,3B,Railroad Commissioner,,DEM,Katherine Culbert,756,42,613,101
Rockwall,3C,Railroad Commissioner,,DEM,Katherine Culbert,463,27,388,48
Rockwall,3D,Railroad Commissioner,,DEM,Katherine Culbert,808,28,669,111
Rockwall,3E,Railroad Commissioner,,DEM,Katherine Culbert,529,27,459,43
Rockwall,4,Railroad Commissioner,,DEM,Katherine Culbert,492,28,401,63
Rockwall,4A,Railroad Commissioner,,DEM,Katherine Culbert,982,32,829,121
Rockwall,4B,Railroad Commissioner,,DEM,Katherine Culbert,813,24,626,163
Rockwall,4C,Railroad Commissioner,,DEM,Katherine Culbert,797,36,623,138
Rockwall,4D,Railroad Commissioner,,DEM,Katherine Culbert,723,28,598,97
Rockwall,4E,Railroad Commissioner,,DEM,Katherine Culbert,508,18,409,81
Rockwall,4F,Railroad Commissioner,,DEM,Katherine Culbert,57,2,43,12
Rockwall,1,Railroad Commissioner,,,Write-in,4,1,3,0
Rockwall,1A,Railroad Commissioner,,,Write-in,2,0,1,1
Rockwall,1B,Railroad Commissioner,,,Write-in,8,0,5,3
Rockwall,1C,Railroad Commissioner,,,Write-in,11,1,7,3
Rockwall,1D,Railroad Commissioner,,,Write-in,1,1,0,0
Rockwall,1E,Railroad Commissioner,,,Write-in,2,0,1,1
Rockwall,2,Railroad Commissioner,,,Write-in,9,0,8,1
Rockwall,2A,Railroad Commissioner,,,Write-in,0,0,0,0
Rockwall,2B,Railroad Commissioner,,,Write-in,1,0,1,0
Rockwall,2C,Railroad Commissioner,,,Write-in,1,0,1,0
Rockwall,2D,Railroad Commissioner,,,Write-in,5,0,2,3
Rockwall,2E,Railroad Commissioner,,,Write-in,5,0,4,1
Rockwall,2F,Railroad Commissioner,,,Write-in,0,0,0,0
Rockwall,3,Railroad Commissioner,,,Write-in,1,1,0,0
Rockwall,3A,Railroad Commissioner,,,Write-in,6,1,4,1
Rockwall,3B,Railroad Commissioner,,,Write-in,8,0,5,3
Rockwall,3C,Railroad Commissioner,,,Write-in,6,0,5,1
Rockwall,3D,Railroad Commissioner,,,Write-in,8,2,4,2
Rockwall,3E,Railroad Commissioner,,,Write-in,6,0,4,2
Rockwall,4,Railroad Commissioner,,,Write-in,4,0,2,2
Rockwall,4A,Railroad Commissioner,,,Write-in,6,1,3,2
Rockwall,4B,Railroad Commissioner,,,Write-in,5,0,3,2
Rockwall,4C,Railroad Commissioner,,,Write-in,5,0,3,2
Rockwall,4D,Railroad Commissioner,,,Write-in,9,0,6,3
Rockwall,4E,Railroad Commissioner,,,Write-in,1,0,1,0
Rockwall,4F,Railroad Commissioner,,,Write-in,2,0,1,1
Rockwall,1,Sheriff,,REP,Terry D. Garrett,3067,70,2572,425
Rockwall,1A,Sheriff,,REP,Terry D. Garrett,1631,41,1365,225
Rockwall,1B,Sheriff,,REP,Terry D. Garrett,3655,55,3082,518
Rockwall,1C,Sheriff,,REP,Terry D. Garrett,2865,74,2384,407
Rockwall,1D,Sheriff,,REP,Terry D. Garrett,525,12,407,106
Rockwall,1E,Sheriff,,REP,Terry D. Garrett,2131,66,1782,283
Rockwall,2,Sheriff,,REP,Terry D. Garrett,2640,90,2233,317
Rockwall,2A,Sheriff,,REP,Terry D. Garrett,2352,69,1976,307
Rockwall,2B,Sheriff,,REP,Terry D. Garrett,1095,28,904,163
Rockwall,2C,Sheriff,,REP,Terry D. Garrett,1179,23,1039,117
Rockwall,2D,Sheriff,,REP,Terry D. Garrett,1415,47,1060,308
Rockwall,2E,Sheriff,,REP,Terry D. Garrett,1355,17,982,356
Rockwall,2F,Sheriff,,REP,Terry D. Garrett,595,26,500,69
Rockwall,3,Sheriff,,REP,Terry D. Garrett,1585,21,1289,275
Rockwall,3A,Sheriff,,REP,Terry D. Garrett,2499,53,2128,318
Rockwall,3B,Sheriff,,REP,Terry D. Garrett,2757,52,2322,383
Rockwall,3C,Sheriff,,REP,Terry D. Garrett,2684,61,2375,248
Rockwall,3D,Sheriff,,REP,Terry D. Garrett,3638,83,3045,510
Rockwall,3E,Sheriff,,REP,Terry D. Garrett,2236,28,1988,220
Rockwall,4,Sheriff,,REP,Terry D. Garrett,1561,25,1327,209
Rockwall,4A,Sheriff,,REP,Terry D. Garrett,2818,31,2408,379
Rockwall,4B,Sheriff,,REP,Terry D. Garrett,2478,20,1957,501
Rockwall,4C,Sheriff,,REP,Terry D. Garrett,2623,27,2152,444
Rockwall,4D,Sheriff,,REP,Terry D. Garrett,1964,27,1641,296
Rockwall,4E,Sheriff,,REP,Terry D. Garrett,1672,29,1383,260
Rockwall,4F,Sheriff,,REP,Terry D. Garrett,348,4,291,53
Rockwall,1,State Representative,33,REP,Katrina Pierson,2790,66,2313,411
Rockwall,1A,State Representative,33,REP,Katrina Pierson,1596,37,1332,227
Rockwall,1B,State Representative,33,REP,Katrina Pierson,3368,51,2812,505
Rockwall,1C,State Representative,33,REP,Katrina Pierson,2616,67,2174,375
Rockwall,1D,State Representative,33,REP,Katrina Pierson,521,12,403,106
Rockwall,1E,State Representative,33,REP,Katrina Pierson,1977,63,1637,277
Rockwall,2,State Representative,33,REP,Katrina Pierson,2453,83,2067,303
Rockwall,2A,State Representative,33,REP,Katrina Pierson,2221,58,1856,307
Rockwall,2B,State Representative,33,REP,Katrina Pierson,1072,25,880,167
Rockwall,2C,State Representative,33,REP,Katrina Pierson,1043,16,922,105
Rockwall,2D,State Representative,33,REP,Katrina Pierson,1374,45,1027,302
Rockwall,2E,State Representative,33,REP,Katrina Pierson,1339,16,971,352
Rockwall,2F,State Representative,33,REP,Katrina Pierson,561,25,469,67
Rockwall,3,State Representative,33,REP,Katrina Pierson,1555,20,1257,278
Rockwall,3A,State Representative,33,REP,Katrina Pierson,2438,50,2076,312
Rockwall,3B,State Representative,33,REP,Katrina Pierson,2620,49,2198,373
Rockwall,3C,State Representative,33,REP,Katrina Pierson,2370,52,2093,225
Rockwall,3D,State Representative,33,REP,Katrina Pierson,3421,76,2845,500
Rockwall,3E,State Representative,33,REP,Katrina Pierson,2057,28,1818,211
Rockwall,4,State Representative,33,REP,Katrina Pierson,1508,27,1270,211
Rockwall,4A,State Representative,33,REP,Katrina Pierson,2738,29,2334,375
Rockwall,4B,State Representative,33,REP,Katrina Pierson,2455,21,1928,506
Rockwall,4C,State Representative,33,REP,Katrina Pierson,2604,26,2131,447
Rockwall,4D,State Representative,33,REP,Katrina Pierson,1895,29,1577,289
Rockwall,4E,State Representative,33,REP,Katrina Pierson,1642,29,1349,264
Rockwall,4F,State Representative,33,REP,Katrina Pierson,338,2,284,52
Rockwall,1,U.S. House,4,REP,Pat Fallon,2620,74,2208,338
Rockwall,1A,U.S. House,4,REP,Pat Fallon,1272,41,1070,161
Rockwall,1B,U.S. House,4,REP,Pat Fallon,3141,63,2651,427
Rockwall,1C,U.S. House,4,REP,Pat Fallon,2478,71,2070,337
Rockwall,1D,U.S. House,4,REP,Pat Fallon,408,10,316,82
Rockwall,1E,U.S. House,4,REP,Pat Fallon,1873,65,1580,228
Rockwall,2,U.S. House,4,REP,Pat Fallon,2203,86,1863,254
Rockwall,2A,U.S. House,4,REP,Pat Fallon,2013,68,1709,236
Rockwall,2B,U.S. House,4,REP,Pat Fallon,858,30,709,119
Rockwall,2C,U.S. House,4,REP,Pat Fallon,1052,18,933,101
Rockwall,2D,U.S. House,4,REP,Pat Fallon,1008,43,759,206
Rockwall,2E,U.S. House,4,REP,Pat Fallon,944,16,683,245
Rockwall,2F,U.S. House,4,REP,Pat Fallon,493,20,421,52
Rockwall,3,U.S. House,4,REP,Pat Fallon,1242,23,1001,218
Rockwall,3A,U.S. House,4,REP,Pat Fallon,2234,49,1934,251
Rockwall,3B,U.S. House,4,REP,Pat Fallon,2366,55,2002,309
Rockwall,3C,U.S. House,4,REP,Pat Fallon,2443,59,2176,208
Rockwall,3D,U.S. House,4,REP,Pat Fallon,3181,73,2668,440
Rockwall,3E,U.S. House,4,REP,Pat Fallon,1958,24,1740,194
Rockwall,4,U.S. House,4,REP,Pat Fallon,1267,22,1082,163
Rockwall,4A,U.S. House,4,REP,Pat Fallon,2210,32,1901,277
Rockwall,4B,U.S. House,4,REP,Pat Fallon,1950,18,1561,371
Rockwall,4C,U.S. House,4,REP,Pat Fallon,2120,28,1754,338
Rockwall,4D,U.S. House,4,REP,Pat Fallon,1526,24,1284,218
Rockwall,4E,U.S. House,4,REP,Pat Fallon,1374,34,1151,189
Rockwall,4F,U.S. House,4,REP,Pat Fallon,313,5,265,43
Rockwall,1,U.S. House,4,DEM,Simon Cardell,945,47,772,126
Rockwall,1A,U.S. House,4,DEM,Simon Cardell,716,33,568,115
Rockwall,1B,U.S. House,4,DEM,Simon Cardell,1008,39,825,144
Rockwall,1C,U.S. House,4,DEM,Simon Cardell,832,45,662,125
Rockwall,1D,U.S. House,4,DEM,Simon Cardell,236,6,193,37
Rockwall,1E,U.S. House,4,DEM,Simon Cardell,511,38,389,84
Rockwall,2,U.S. House,4,DEM,Simon Cardell,846,56,701,89
Rockwall,2A,U.S. House,4,DEM,Simon Cardell,729,48,574,107
Rockwall,2B,U.S. House,4,DEM,Simon Cardell,494,18,401,75
Rockwall,2C,U.S. House,4,DEM,Simon Cardell,254,20,206,28
Rockwall,2D,U.S. House,4,DEM,Simon Cardell,709,30,533,146
Rockwall,2E,U.S. House,4,DEM,Simon Cardell,721,19,540,162
Rockwall,2F,U.S. House,4,DEM,Simon Cardell,218,25,159,34
Rockwall,3,U.S. House,4,DEM,Simon Cardell,610,20,503,87
Rockwall,3A,U.S. House,4,DEM,Simon Cardell,537,24,411,102
Rockwall,3B,U.S. House,4,DEM,Simon Cardell,821,41,662,118
Rockwall,3C,U.S. House,4,DEM,Simon Cardell,509,29,422,58
Rockwall,3D,U.S. House,4,DEM,Simon Cardell,852,32,695,125
Rockwall,3E,U.S. House,4,DEM,Simon Cardell,554,25,480,49
Rockwall,4,U.S. House,4,DEM,Simon Cardell,529,21,433,75
Rockwall,4A,U.S. House,4,DEM,Simon Cardell,1059,30,879,150
Rockwall,4B,U.S. House,4,DEM,Simon Cardell,907,21,696,190
Rockwall,4C,U.S. House,4,DEM,Simon Cardell,836,24,659,153
Rockwall,4D,U.S. House,4,DEM,Simon Cardell,765,20,639,106
Rockwall,4E,U.S. House,4,DEM,Simon Cardell,551,18,436,97
Rockwall,4F,U.S. House,4,DEM,Simon Cardell,66,1,49,16
Rockwall,1,U.S. Senate,,DEM,Colin Allred,1117,59,912,146
Rockwall,1A,U.S. Senate,,DEM,Colin Allred,809,46,626,137
Rockwall,1B,U.S. Senate,,DEM,Colin Allred,1227,48,994,185
Rockwall,1C,U.S. Senate,,DEM,Colin Allred,1011,62,788,161
Rockwall,1D,U.S. Senate,,DEM,Colin Allred,264,8,210,46
Rockwall,1E,U.S. Senate,,DEM,Colin Allred,614,49,462,103
Rockwall,2,U.S. Senate,,DEM,Colin Allred,994,73,811,110
Rockwall,2A,U.S. Senate,,DEM,Colin Allred,844,65,664,115
Rockwall,2B,U.S. Senate,,DEM,Colin Allred,546,29,437,80
Rockwall,2C,U.S. Senate,,DEM,Colin Allred,317,24,257,36
Rockwall,2D,U.S. Senate,,DEM,Colin Allred,781,38,579,164
Rockwall,2E,U.S. Senate,,DEM,Colin Allred,798,28,581,189
Rockwall,2F,U.S. Senate,,DEM,Colin Allred,253,31,181,41
Rockwall,3,U.S. Senate,,DEM,Colin Allred,692,32,563,97
Rockwall,3A,U.S. Senate,,DEM,Colin Allred,615,32,463,120
Rockwall,3B,U.S. Senate,,DEM,Colin Allred,955,46,767,142
Rockwall,3C,U.S. Senate,,DEM,Colin Allred,627,35,514,78
Rockwall,3D,U.S. Senate,,DEM,Colin Allred,1003,43,804,156
Rockwall,3E,U.S. Senate,,DEM,Colin Allred,687,28,592,67
Rockwall,4,U.S. Senate,,DEM,Colin Allred,605,31,488,86
Rockwall,4A,U.S. Senate,,DEM,Colin Allred,1204,44,984,176
Rockwall,4B,U.S. Senate,,DEM,Colin Allred,1014,26,768,220
Rockwall,4C,U.S. Senate,,DEM,Colin Allred,943,41,722,180
Rockwall,4D,U.S. Senate,,DEM,Colin Allred,857,33,701,123
Rockwall,4E,U.S. Senate,,DEM,Colin Allred,612,22,479,111
Rockwall,4F,U.S. Senate,,DEM,Colin Allred,77,3,56,18
Rockwall,1,U.S. Senate,,LIB,Ted Brown,57,1,39,17
Rockwall,1A,U.S. Senate,,LIB,Ted Brown,41,0,30,11
Rockwall,1B,U.S. Senate,,LIB,Ted Brown,69,3,49,17
Rockwall,1C,U.S. Senate,,LIB,Ted Brown,58,4,39,15
Rockwall,1D,U.S. Senate,,LIB,Ted Brown,21,1,13,7
Rockwall,1E,U.S. Senate,,LIB,Ted Brown,32,0,27,5
Rockwall,2,U.S. Senate,,LIB,Ted Brown,67,3,44,20
Rockwall,2A,U.S. Senate,,LIB,Ted Brown,41,1,22,18
Rockwall,2B,U.S. Senate,,LIB,Ted Brown,30,0,18,12
Rockwall,2C,U.S. Senate,,LIB,Ted Brown,16,0,13,3
Rockwall,2D,U.S. Senate,,LIB,Ted Brown,44,3,33,8
Rockwall,2E,U.S. Senate,,LIB,Ted Brown,39,1,23,15
Rockwall,2F,U.S. Senate,,LIB,Ted Brown,17,0,13,4
Rockwall,3,U.S. Senate,,LIB,Ted Brown,37,0,25,12
Rockwall,3A,U.S. Senate,,LIB,Ted Brown,43,1,30,12
Rockwall,3B,U.S. Senate,,LIB,Ted Brown,69,3,45,21
Rockwall,3C,U.S. Senate,,LIB,Ted Brown,38,1,25,12
Rockwall,3D,U.S. Senate,,LIB,Ted Brown,61,0,42,19
Rockwall,3E,U.S. Senate,,LIB,Ted Brown,40,3,34,3
Rockwall,4,U.S. Senate,,LIB,Ted Brown,37,1,27,9
Rockwall,4A,U.S. Senate,,LIB,Ted Brown,74,2,56,16
Rockwall,4B,U.S. Senate,,LIB,Ted Brown,59,1,30,28
Rockwall,4C,U.S. Senate,,LIB,Ted Brown,57,0,37,20
Rockwall,4D,U.S. Senate,,LIB,Ted Brown,34,0,20,14
Rockwall,4E,U.S. Senate,,LIB,Ted Brown,37,1,26,10
Rockwall,4F,U.S. Senate,,LIB,Ted Brown,9,0,6,3
Rockwall,1,U.S. Senate,,REP,Ted Cruz,2437,80,2049,308
Rockwall,1A,U.S. Senate,,REP,Ted Cruz,1164,42,993,129
Rockwall,1B,U.S. Senate,,REP,Ted Cruz,2896,66,2458,372
Rockwall,1C,U.S. Senate,,REP,Ted Cruz,2294,71,1930,293
Rockwall,1D,U.S. Senate,,REP,Ted Cruz,372,12,291,69
Rockwall,1E,U.S. Senate,,REP,Ted Cruz,1772,66,1502,204
Rockwall,2,U.S. Senate,,REP,Ted Cruz,2038,90,1731,217
Rockwall,2A,U.S. Senate,,REP,Ted Cruz,1921,82,1625,214
Rockwall,2B,U.S. Senate,,REP,Ted Cruz,794,29,662,103
Rockwall,2C,U.S. Senate,,REP,Ted Cruz,986,18,880,88
Rockwall,2D,U.S. Senate,,REP,Ted Cruz,931,46,693,192
Rockwall,2E,U.S. Senate,,REP,Ted Cruz,860,15,637,208
Rockwall,2F,U.S. Senate,,REP,Ted Cruz,453,19,392,42
Rockwall,3,U.S. Senate,,REP,Ted Cruz,1174,46,928,200
Rockwall,3A,U.S. Senate,,REP,Ted Cruz,2152,55,1872,225
Rockwall,3B,U.S. Senate,,REP,Ted Cruz,2207,62,1873,272
Rockwall,3C,U.S. Senate,,REP,Ted Cruz,2315,61,2071,183
Rockwall,3D,U.S. Senate,,REP,Ted Cruz,3034,85,2549,400
Rockwall,3E,U.S. Senate,,REP,Ted Cruz,1817,31,1612,174
Rockwall,4,U.S. Senate,,REP,Ted Cruz,1200,40,1009,151
Rockwall,4A,U.S. Senate,,REP,Ted Cruz,2040,41,1761,238
Rockwall,4B,U.S. Senate,,REP,Ted Cruz,1809,32,1456,321
Rockwall,4C,U.S. Senate,,REP,Ted Cruz,2027,57,1675,295
Rockwall,4D,U.S. Senate,,REP,Ted Cruz,1436,33,1214,189
Rockwall,4E,U.S. Senate,,REP,Ted Cruz,1299,39,1087,173
Rockwall,4F,U.S. Senate,,REP,Ted Cruz,298,5,253,40
Rockwall,1,U.S. Senate,,,Write-in,6,0,6,0
Rockwall,1A,U.S. Senate,,,Write-in,2,0,0,2
Rockwall,1B,U.S. Senate,,,Write-in,4,0,3,1
Rockwall,1C,U.S. Senate,,,Write-in,6,0,5,1
Rockwall,1D,U.S. Senate,,,Write-in,1,1,0,0
Rockwall,1E,U.S. Senate,,,Write-in,4,0,2,2
Rockwall,2,U.S. Senate,,,Write-in,6,0,5,1
Rockwall,2A,U.S. Senate,,,Write-in,0,0,0,0
Rockwall,2B,U.S. Senate,,,Write-in,3,0,2,1
Rockwall,2C,U.S. Senate,,,Write-in,1,0,0,1
Rockwall,2D,U.S. Senate,,,Write-in,1,0,0,1
Rockwall,2E,U.S. Senate,,,Write-in,0,0,0,0
Rockwall,2F,U.S. Senate,,,Write-in,1,0,1,0
Rockwall,3,U.S. Senate,,,Write-in,5,0,4,1
Rockwall,3A,U.S. Senate,,,Write-in,3,0,2,1
Rockwall,3B,U.S. Senate,,,Write-in,3,0,3,0
Rockwall,3C,U.S. Senate,,,Write-in,0,0,0,0
Rockwall,3D,U.S. Senate,,,Write-in,5,0,4,1
Rockwall,3E,U.S. Senate,,,Write-in,6,0,4,2
Rockwall,4,U.S. Senate,,,Write-in,1,0,0,1
Rockwall,4A,U.S. Senate,,,Write-in,1,0,0,1
Rockwall,4B,U.S. Senate,,,Write-in,10,0,6,4
Rockwall,4C,U.S. Senate,,,Write-in,5,0,3,2
Rockwall,4D,U.S. Senate,,,Write-in,9,1,4,4
Rockwall,4E,U.S. Senate,,,Write-in,2,0,2,0
Rockwall,4F,U.S. Senate,,,Write-in,0,0,0,0