county,precinct,office,district,party,candidate,votes,absentee,early,election_day,provisional
Lamar,1A3B,Ballots Cast,,,,2574,,,,
Lamar,1A5A,Ballots Cast,,,,414,,,,
Lamar,1C,Ballots Cast,,,,276,,,,
Lamar,1E,Ballots Cast,,,,585,,,,
Lamar,1F,Ballots Cast,,,,997,,,,
Lamar,1H,Ballots Cast,,,,486,,,,
Lamar,1I,Ballots Cast,,,,270,,,,
Lamar,2A1A,Ballots Cast,,,,511,,,,
Lamar,2C3A,Ballots Cast,,,,1618,,,,
Lamar,2D,Ballots Cast,,,,471,,,,
Lamar,2E,Ballots Cast,,,,482,,,,
Lamar,2F,Ballots Cast,,,,167,,,,
Lamar,2G,Ballots Cast,,,,497,,,,
Lamar,3C7G,Ballots Cast,,,,1318,,,,
Lamar,3D,Ballots Cast,,,,600,,,,
Lamar,3E,Ballots Cast,,,,970,,,,
Lamar,3F,Ballots Cast,,,,461,,,,
Lamar,3G,Ballots Cast,,,,465,,,,
Lamar,3H3C,Ballots Cast,,,,527,,,,
Lamar,3I,Ballots Cast,,,,991,,,,
Lamar,4A6E,Ballots Cast,,,,1013,,,,
Lamar,4B,Ballots Cast,,,,1285,,,,
Lamar,4D,Ballots Cast,,,,1205,,,,
Lamar,4E,Ballots Cast,,,,859,,,,
Lamar,4F,Ballots Cast,,,,1258,,,,
Lamar,4G,Ballots Cast,,,,1050,,,,
Lamar,1C,Constable Pct 1,,REP,Travis Rhodes,245,9,190,46,0
Lamar,1E,Constable Pct 1,,REP,Travis Rhodes,490,9,336,145,0
Lamar,1F,Constable Pct 1,,REP,Travis Rhodes,868,28,583,257,0
Lamar,1H,Constable Pct 1,,REP,Travis Rhodes,424,8,300,116,0
Lamar,1I,Constable Pct 1,,REP,Travis Rhodes,243,8,173,62,0
Lamar,2D,Constable Pct 2,,REP,Curtis Graham,389,10,225,154,0
Lamar,2E,Constable Pct 2,,REP,Curtis Graham,407,8,278,121,0
Lamar,2F,Constable Pct 2,,REP,Curtis Graham,143,1,66,76,0
Lamar,2G,Constable Pct 2,,REP,Curtis Graham,400,5,291,104,0
Lamar,3D,Constable Pct 3,,REP,Steven Hill,506,17,318,171,0
Lamar,3E,Constable Pct 3,,REP,Steven Hill,879,17,660,202,0
Lamar,3F,Constable Pct 3,,REP,Steven Hill,411,3,262,146,0
Lamar,3G,Constable Pct 3,,REP,Steven Hill,415,14,297,104,0
Lamar,3I,Constable Pct 3,,REP,Steven Hill,849,19,679,151,0
Lamar,4B,Constable Pct 4,,REP,Tyler Anderson,1075,23,751,301,0
Lamar,4D,Constable Pct 4,,REP,Tyler Anderson,1043,19,751,273,0
Lamar,4E,Constable Pct 4,,REP,Tyler Anderson,758,18,546,194,0
Lamar,1A3B,Constable Pct 5,,REP,Jimmy Hodges,2094,82,1654,358,0
Lamar,1A5A,Constable Pct 5,,REP,Jimmy Hodges,300,7,232,61,0
Lamar,2A1A,Constable Pct 5,,REP,Jimmy Hodges,276,14,209,53,0
Lamar,2C3A,Constable Pct 5,,REP,Jimmy Hodges,1041,32,778,231,0
Lamar,3C7G,Constable Pct 5,,REP,Jimmy Hodges,987,44,760,183,0
Lamar,3H3C,Constable Pct 5,,REP,Jimmy Hodges,401,19,319,63,0
Lamar,4A6E,Constable Pct 5,,REP,Jimmy Hodges,808,28,649,131,0
Lamar,4F,Constable Pct 5,,REP,Jimmy Hodges,1081,26,839,216,0
Lamar,4G,Constable Pct 5,,REP,Jimmy Hodges,897,25,723,149,0
Lamar,1A3B,County Attorney,,REP,Gary D. Young,2110,87,1666,357,0
Lamar,1A5A,County Attorney,,REP,Gary D. Young,299,9,232,58,0
Lamar,1C,County Attorney,,REP,Gary D. Young,244,9,190,45,0
Lamar,1E,County Attorney,,REP,Gary D. Young,482,10,333,139,0
Lamar,1F,County Attorney,,REP,Gary D. Young,862,27,585,250,0
Lamar,1H,County Attorney,,REP,Gary D. Young,429,8,307,114,0
Lamar,1I,County Attorney,,REP,Gary D. Young,233,8,167,58,0
Lamar,2A1A,County Attorney,,REP,Gary D. Young,263,15,197,51,0
Lamar,2C3A,County Attorney,,REP,Gary D. Young,1017,30,755,232,0
Lamar,2D,County Attorney,,REP,Gary D. Young,379,10,217,152,0
Lamar,2E,County Attorney,,REP,Gary D. Young,394,8,270,116,0
Lamar,2F,County Attorney,,REP,Gary D. Young,141,1,64,76,0
Lamar,2G,County Attorney,,REP,Gary D. Young,403,5,297,101,0
Lamar,3C7G,County Attorney,,REP,Gary D. Young,1005,52,770,183,0
Lamar,3D,County Attorney,,REP,Gary D. Young,498,15,320,163,0
Lamar,3E,County Attorney,,REP,Gary D. Young,860,16,648,196,0
Lamar,3F,County Attorney,,REP,Gary D. Young,401,3,255,143,0
Lamar,3G,County Attorney,,REP,Gary D. Young,405,14,292,99,0
Lamar,3H3C,County Attorney,,REP,Gary D. Young,403,22,323,58,0
Lamar,3I,County Attorney,,REP,Gary D. Young,844,21,675,148,0
Lamar,4A6E,County Attorney,,REP,Gary D. Young,804,28,650,126,0
Lamar,4B,County Attorney,,REP,Gary D. Young,1087,24,765,298,0
Lamar,4D,County Attorney,,REP,Gary D. Young,1048,18,752,278,0
Lamar,4E,County Attorney,,REP,Gary D. Young,738,18,537,183,0
Lamar,4F,County Attorney,,REP,Gary D. Young,1083,28,838,217,0
Lamar,4G,County Attorney,,REP,Gary D. Young,892,24,721,147,0
Lamar,1A3B,County Commissioner Pct 1,,REP,Alan Keith Skidmore,2112,88,1659,365,0
Lamar,1A5A,County Commissioner Pct 1,,REP,Alan Keith Skidmore,298,8,232,58,0
Lamar,1C,County Commissioner Pct 1,,REP,Alan Keith Skidmore,244,9,190,45,0
Lamar,1E,County Commissioner Pct 1,,REP,Alan Keith Skidmore,494,9,338,147,0
Lamar,1F,County Commissioner Pct 1,,REP,Alan Keith Skidmore,838,25,567,246,0
Lamar,1H,County Commissioner Pct 1,,REP,Alan Keith Skidmore,420,8,296,116,0
Lamar,1I,County Commissioner Pct 1,,REP,Alan Keith Skidmore,229,7,163,59,0
Lamar,3C7G,County Commissioner Pct 3,,REP,Ronald Bass,998,52,762,184,0
Lamar,3D,County Commissioner Pct 3,,REP,Ronald Bass,495,16,315,164,0
Lamar,3E,County Commissioner Pct 3,,REP,Ronald Bass,854,18,639,197,0
Lamar,3F,County Commissioner Pct 3,,REP,Ronald Bass,390,3,247,140,0
Lamar,3G,County Commissioner Pct 3,,REP,Ronald Bass,398,13,290,95,0
Lamar,3H3C,County Commissioner Pct 3,,REP,Ronald Bass,405,22,319,64,0
Lamar,3I,County Commissioner Pct 3,,REP,Ronald Bass,838,19,668,151,0
Lamar,1A3B,County Tax Assessor-Collector,,REP,Brooke Hill,2156,88,1702,366,0
Lamar,1A5A,County Tax Assessor-Collector,,REP,Brooke Hill,315,10,243,62,0
Lamar,1C,County Tax Assessor-Collector,,REP,Brooke Hill,246,9,192,45,0
Lamar,1E,County Tax Assessor-Collector,,REP,Brooke Hill,499,11,337,151,0
Lamar,1F,County Tax Assessor-Collector,,REP,Brooke Hill,859,27,579,253,0
Lamar,1H,County Tax Assessor-Collector,,REP,Brooke Hill,427,8,301,118,0
Lamar,1I,County Tax Assessor-Collector,,REP,Brooke Hill,235,8,169,58,0
Lamar,2A1A,County Tax Assessor-Collector,,REP,Brooke Hill,315,15,238,62,0
Lamar,2C3A,County Tax Assessor-Collector,,REP,Brooke Hill,1129,33,841,255,0
Lamar,2D,County Tax Assessor-Collector,,REP,Brooke Hill,388,9,222,157,0
Lamar,2E,County Tax Assessor-Collector,,REP,Brooke Hill,409,8,280,121,0
Lamar,2F,County Tax Assessor-Collector,,REP,Brooke Hill,143,1,66,76,0
Lamar,2G,County Tax Assessor-Collector,,REP,Brooke Hill,404,7,295,102,0
Lamar,3C7G,County Tax Assessor-Collector,,REP,Brooke Hill,1046,54,794,198,0
Lamar,3D,County Tax Assessor-Collector,,REP,Brooke Hill,505,15,322,168,0
Lamar,3E,County Tax Assessor-Collector,,REP,Brooke Hill,874,17,657,200,0
Lamar,3F,County Tax Assessor-Collector,,REP,Brooke Hill,413,4,263,146,0
Lamar,3G,County Tax Assessor-Collector,,REP,Brooke Hill,409,14,293,102,0
Lamar,3H3C,County Tax Assessor-Collector,,REP,Brooke Hill,423,22,335,66,0
Lamar,3I,County Tax Assessor-Collector,,REP,Brooke Hill,859,22,683,154,0
Lamar,4A6E,County Tax Assessor-Collector,,REP,Brooke Hill,837,29,669,139,0
Lamar,4B,County Tax Assessor-Collector,,REP,Brooke Hill,1074,22,756,296,0
Lamar,4D,County Tax Assessor-Collector,,REP,Brooke Hill,1055,20,756,279,0
Lamar,4E,County Tax Assessor-Collector,,REP,Brooke Hill,757,18,544,195,0
Lamar,4F,County Tax Assessor-Collector,,REP,Brooke Hill,1103,29,851,223,0
Lamar,4G,County Tax Assessor-Collector,,REP,Brooke Hill,908,24,735,149,0
Lamar,1A3B,Dist Judge,,REP,R. Wesley Tidwell,2116,87,1670,359,0
Lamar,1A5A,Dist Judge,,REP,R. Wesley Tidwell,305,9,234,62,0
Lamar,1C,Dist Judge,,REP,R. Wesley Tidwell,251,9,195,47,0
Lamar,1E,Dist Judge,,REP,R. Wesley Tidwell,499,11,338,150,0
Lamar,1F,Dist Judge,,REP,R. Wesley Tidwell,867,27,589,251,0
Lamar,1H,Dist Judge,,REP,R. Wesley Tidwell,423,8,302,113,0
Lamar,1I,Dist Judge,,REP,R. Wesley Tidwell,238,8,170,60,0
Lamar,2A1A,Dist Judge,,REP,R. Wesley Tidwell,266,14,197,55,0
Lamar,2C3A,Dist Judge,,REP,R. Wesley Tidwell,1052,31,781,240,0
Lamar,2D,Dist Judge,,REP,R. Wesley Tidwell,375,10,217,148,0
Lamar,2E,Dist Judge,,REP,R. Wesley Tidwell,395,8,272,115,0
Lamar,2F,Dist Judge,,REP,R. Wesley Tidwell,140,1,64,75,0
Lamar,2G,Dist Judge,,REP,R. Wesley Tidwell,404,5,296,103,0
Lamar,3C7G,Dist Judge,,REP,R. Wesley Tidwell,1015,53,775,187,0
Lamar,3D,Dist Judge,,REP,R. Wesley Tidwell,510,15,324,171,0
Lamar,3E,Dist Judge,,REP,R. Wesley Tidwell,878,15,662,201,0
Lamar,3F,Dist Judge,,REP,R. Wesley Tidwell,403,3,258,142,0
Lamar,3G,Dist Judge,,REP,R. Wesley Tidwell,413,14,298,101,0
Lamar,3H3C,Dist Judge,,REP,R. Wesley Tidwell,418,22,334,62,0
Lamar,3I,Dist Judge,,REP,R. Wesley Tidwell,849,19,682,148,0
Lamar,4A6E,Dist Judge,,REP,R. Wesley Tidwell,803,29,649,125,0
Lamar,4B,Dist Judge,,REP,R. Wesley Tidwell,1089,22,768,299,0
Lamar,4D,Dist Judge,,REP,R. Wesley Tidwell,1056,19,755,282,0
Lamar,4E,Dist Judge,,REP,R. Wesley Tidwell,751,18,547,186,0
Lamar,4F,Dist Judge,,REP,R. Wesley Tidwell,1091,25,848,218,0
Lamar,4G,Dist Judge,,REP,R. Wesley Tidwell,900,25,729,146,0
Lamar,1A3B,Dist Judge,,REP,Will Biard,2135,91,1683,361,0
Lamar,1A5A,Dist Judge,,REP,Will Biard,308,10,238,60,0
Lamar,1C,Dist Judge,,REP,Will Biard,248,9,194,45,0
Lamar,1E,Dist Judge,,REP,Will Biard,496,12,335,149,0
Lamar,1F,Dist Judge,,REP,Will Biard,868,27,590,251,0
Lamar,1H,Dist Judge,,REP,Will Biard,425,8,304,113,0
Lamar,1I,Dist Judge,,REP,Will Biard,234,8,167,59,0
Lamar,2A1A,Dist Judge,,REP,Will Biard,269,13,205,51,0
Lamar,2C3A,Dist Judge,,REP,Will Biard,1058,31,789,238,0
Lamar,2D,Dist Judge,,REP,Will Biard,375,10,217,148,0
Lamar,2E,Dist Judge,,REP,Will Biard,402,8,275,119,0
Lamar,2F,Dist Judge,,REP,Will Biard,140,1,64,75,0
Lamar,2G,Dist Judge,,REP,Will Biard,402,5,296,101,0
Lamar,3C7G,Dist Judge,,REP,Will Biard,1030,54,788,188,0
Lamar,3D,Dist Judge,,REP,Will Biard,510,16,325,169,0
Lamar,3E,Dist Judge,,REP,Will Biard,873,16,657,200,0
Lamar,3F,Dist Judge,,REP,Will Biard,396,3,254,139,0
Lamar,3G,Dist Judge,,REP,Will Biard,408,14,296,98,0
Lamar,3H3C,Dist Judge,,REP,Will Biard,420,22,335,63,0
Lamar,3I,Dist Judge,,REP,Will Biard,862,21,692,149,0
Lamar,4A6E,Dist Judge,,REP,Will Biard,802,28,647,127,0
Lamar,4B,Dist Judge,,REP,Will Biard,1104,22,784,298,0
Lamar,4D,Dist Judge,,REP,Will Biard,1052,19,759,274,0
Lamar,4E,Dist Judge,,REP,Will Biard,751,18,543,190,0
Lamar,4F,Dist Judge,,REP,Will Biard,1091,26,847,218,0
Lamar,4G,Dist Judge,,REP,Will Biard,899,24,724,151,0
Lamar,1A3B,Judge,7,REP,Gina Parker,1886,72,1514,300,0
Lamar,1A5A,Judge,7,REP,Gina Parker,243,9,193,41,0
Lamar,1C,Judge,7,REP,Gina Parker,234,6,184,44,0
Lamar,1E,Judge,7,REP,Gina Parker,487,9,326,152,0
Lamar,1F,Judge,7,REP,Gina Parker,852,23,577,252,0
Lamar,1H,Judge,7,REP,Gina Parker,421,7,304,110,0
Lamar,1I,Judge,7,REP,Gina Parker,229,6,164,59,0
Lamar,2A1A,Judge,7,REP,Gina Parker,177,8,130,39,0
Lamar,2C3A,Judge,7,REP,Gina Parker,835,18,619,198,0
Lamar,2D,Judge,7,REP,Gina Parker,357,7,205,145,0
Lamar,2E,Judge,7,REP,Gina Parker,386,7,262,117,0
Lamar,2F,Judge,7,REP,Gina Parker,138,1,63,74,0
Lamar,2G,Judge,7,REP,Gina Parker,391,4,290,97,0
Lamar,3C7G,Judge,7,REP,Gina Parker,825,50,632,143,0
Lamar,3D,Judge,7,REP,Gina Parker,495,12,312,171,0
Lamar,3E,Judge,7,REP,Gina Parker,865,14,649,202,0
Lamar,3F,Judge,7,REP,Gina Parker,392,5,245,142,0
Lamar,3G,Judge,7,REP,Gina Parker,391,9,286,96,0
Lamar,3H3C,Judge,7,REP,Gina Parker,367,20,293,54,0
Lamar,3I,Judge,7,REP,Gina Parker,831,19,667,145,0
Lamar,4A6E,Judge,7,REP,Gina Parker,728,26,584,118,0
Lamar,4B,Judge,7,REP,Gina Parker,1085,19,749,317,0
Lamar,4D,Judge,7,REP,Gina Parker,1051,21,746,284,0
Lamar,4E,Judge,7,REP,Gina Parker,739,17,541,181,0
Lamar,4F,Judge,7,REP,Gina Parker,1028,22,815,191,0
Lamar,4G,Judge,7,REP,Gina Parker,856,25,684,147,0
Lamar,1A3B,Judge,7,DEM,Nancy Mulder,522,26,384,112,0
Lamar,1A5A,Judge,7,DEM,Nancy Mulder,144,4,111,29,0
Lamar,1C,Judge,7,DEM,Nancy Mulder,26,2,22,2,0
Lamar,1E,Judge,7,DEM,Nancy Mulder,69,5,41,23,0
Lamar,1F,Judge,7,DEM,Nancy Mulder,82,10,36,36,0
Lamar,1H,Judge,7,DEM,Nancy Mulder,38,0,26,12,0
Lamar,1I,Judge,7,DEM,Nancy Mulder,29,5,21,3,0
Lamar,2A1A,Judge,7,DEM,Nancy Mulder,298,20,214,64,0
Lamar,2C3A,Judge,7,DEM,Nancy Mulder,667,33,488,146,0
Lamar,2D,Judge,7,DEM,Nancy Mulder,68,3,35,30,0
Lamar,2E,Judge,7,DEM,Nancy Mulder,66,2,45,19,0
Lamar,2F,Judge,7,DEM,Nancy Mulder,17,1,9,7,0
Lamar,2G,Judge,7,DEM,Nancy Mulder,78,5,49,24,0
Lamar,3C7G,Judge,7,DEM,Nancy Mulder,401,19,288,94,0
Lamar,3D,Judge,7,DEM,Nancy Mulder,64,7,43,14,0
Lamar,3E,Judge,7,DEM,Nancy Mulder,57,7,38,12,0
Lamar,3F,Judge,7,DEM,Nancy Mulder,36,2,21,13,0
Lamar,3G,Judge,7,DEM,Nancy Mulder,45,5,28,12,0
Lamar,3H3C,Judge,7,DEM,Nancy Mulder,125,3,101,21,0
Lamar,3I,Judge,7,DEM,Nancy Mulder,104,8,77,19,0
Lamar,4A6E,Judge,7,DEM,Nancy Mulder,216,11,162,43,0
Lamar,4B,Judge,7,DEM,Nancy Mulder,129,13,84,32,0
Lamar,4D,Judge,7,DEM,Nancy Mulder,87,2,59,26,0
Lamar,4E,Judge,7,DEM,Nancy Mulder,80,3,40,37,0
Lamar,4F,Judge,7,DEM,Nancy Mulder,163,13,100,50,0
Lamar,4G,Judge,7,DEM,Nancy Mulder,128,5,108,15,0
Lamar,1A3B,Judge,8,DEM,Chika Anyiam,500,23,371,106,0
Lamar,1A5A,Judge,8,DEM,Chika Anyiam,143,4,108,31,0
Lamar,1C,Judge,8,DEM,Chika Anyiam,21,2,18,1,0
Lamar,1E,Judge,8,DEM,Chika Anyiam,66,5,38,23,0
Lamar,1F,Judge,8,DEM,Chika Anyiam,78,9,38,31,0
Lamar,1H,Judge,8,DEM,Chika Anyiam,36,0,27,9,0
Lamar,1I,Judge,8,DEM,Chika Anyiam,26,5,18,3,0
Lamar,2A1A,Judge,8,DEM,Chika Anyiam,306,20,221,65,0
Lamar,2C3A,Judge,8,DEM,Chika Anyiam,679,35,490,154,0
Lamar,2D,Judge,8,DEM,Chika Anyiam,65,3,34,28,0
Lamar,2E,Judge,8,DEM,Chika Anyiam,61,0,44,17,0
Lamar,2F,Judge,8,DEM,Chika Anyiam,12,1,7,4,0
Lamar,2G,Judge,8,DEM,Chika Anyiam,75,5,48,22,0
Lamar,3C7G,Judge,8,DEM,Chika Anyiam,391,20,284,87,0
Lamar,3D,Judge,8,DEM,Chika Anyiam,58,6,42,10,0
Lamar,3E,Judge,8,DEM,Chika Anyiam,52,7,35,10,0
Lamar,3F,Judge,8,DEM,Chika Anyiam,37,2,20,15,0
Lamar,3G,Judge,8,DEM,Chika Anyiam,43,4,29,10,0
Lamar,3H3C,Judge,8,DEM,Chika Anyiam,121,3,98,20,0
Lamar,3I,Judge,8,DEM,Chika Anyiam,103,8,75,20,0
Lamar,4A6E,Judge,8,DEM,Chika Anyiam,213,11,155,47,0
Lamar,4B,Judge,8,DEM,Chika Anyiam,127,13,82,32,0
Lamar,4D,Judge,8,DEM,Chika Anyiam,80,2,53,25,0
Lamar,4E,Judge,8,DEM,Chika Anyiam,78,3,41,34,0
Lamar,4F,Judge,8,DEM,Chika Anyiam,161,12,99,50,0
Lamar,4G,Judge,8,DEM,Chika Anyiam,123,5,104,14,0
Lamar,1A3B,Judge,8,REP,Lee Finley,1920,77,1535,308,0
Lamar,1A5A,Judge,8,REP,Lee Finley,245,9,193,43,0
Lamar,1C,Judge,8,REP,Lee Finley,240,6,188,46,0
Lamar,1E,Judge,8,REP,Lee Finley,489,9,328,152,0
Lamar,1F,Judge,8,REP,Lee Finley,859,26,574,259,0
Lamar,1H,Judge,8,REP,Lee Finley,430,8,305,117,0
Lamar,1I,Judge,8,REP,Lee Finley,230,6,166,58,0
Lamar,2A1A,Judge,8,REP,Lee Finley,175,8,127,40,0
Lamar,2C3A,Judge,8,REP,Lee Finley,834,19,621,194,0
Lamar,2D,Judge,8,REP,Lee Finley,364,7,206,151,0
Lamar,2E,Judge,8,REP,Lee Finley,394,8,264,122,0
Lamar,2F,Judge,8,REP,Lee Finley,146,1,65,80,0
Lamar,2G,Judge,8,REP,Lee Finley,398,4,291,103,0
Lamar,3C7G,Judge,8,REP,Lee Finley,839,49,640,150,0
Lamar,3D,Judge,8,REP,Lee Finley,502,12,314,176,0
Lamar,3E,Judge,8,REP,Lee Finley,876,13,653,210,0
Lamar,3F,Judge,8,REP,Lee Finley,394,5,246,143,0
Lamar,3G,Judge,8,REP,Lee Finley,395,10,286,99,0
Lamar,3H3C,Judge,8,REP,Lee Finley,367,20,293,54,0
Lamar,3I,Judge,8,REP,Lee Finley,836,19,672,145,0
Lamar,4A6E,Judge,8,REP,Lee Finley,735,27,594,114,0
Lamar,4B,Judge,8,REP,Lee Finley,1092,20,750,322,0
Lamar,4D,Judge,8,REP,Lee Finley,1060,21,752,287,0
Lamar,4E,Judge,8,REP,Lee Finley,743,17,539,187,0
Lamar,4F,Judge,8,REP,Lee Finley,1033,24,813,196,0
Lamar,4G,Judge,8,REP,Lee Finley,862,25,689,148,0
Lamar,1A3B,Justice,2,DEM,DaSean Jones,506,23,375,108,0
Lamar,1A5A,Justice,2,DEM,DaSean Jones,147,5,111,31,0
Lamar,1C,Justice,2,DEM,DaSean Jones,27,2,20,5,0
Lamar,1E,Justice,2,DEM,DaSean Jones,67,5,41,21,0
Lamar,1F,Justice,2,DEM,DaSean Jones,91,10,44,37,0
Lamar,1H,Justice,2,DEM,DaSean Jones,36,0,28,8,0
Lamar,1I,Justice,2,DEM,DaSean Jones,29,5,21,3,0
Lamar,2A1A,Justice,2,DEM,DaSean Jones,308,19,224,65,0
Lamar,2C3A,Justice,2,DEM,DaSean Jones,692,36,498,158,0
Lamar,2D,Justice,2,DEM,DaSean Jones,71,3,35,33,0
Lamar,2E,Justice,2,DEM,DaSean Jones,66,2,45,19,0
Lamar,2F,Justice,2,DEM,DaSean Jones,15,1,8,6,0
Lamar,2G,Justice,2,DEM,DaSean Jones,73,7,46,20,0
Lamar,3C7G,Justice,2,DEM,DaSean Jones,397,20,290,87,0
Lamar,3D,Justice,2,DEM,DaSean Jones,57,7,39,11,0
Lamar,3E,Justice,2,DEM,DaSean Jones,55,8,35,12,0
Lamar,3F,Justice,2,DEM,DaSean Jones,40,2,23,15,0
Lamar,3G,Justice,2,DEM,DaSean Jones,43,4,30,9,0
Lamar,3H3C,Justice,2,DEM,DaSean Jones,123,3,98,22,0
Lamar,3I,Justice,2,DEM,DaSean Jones,111,8,81,22,0
Lamar,4A6E,Justice,2,DEM,DaSean Jones,217,12,156,49,0
Lamar,4B,Justice,2,DEM,DaSean Jones,131,15,81,35,0
Lamar,4D,Justice,2,DEM,DaSean Jones,83,2,55,26,0
Lamar,4E,Justice,2,DEM,DaSean Jones,81,3,42,36,0
Lamar,4F,Justice,2,DEM,DaSean Jones,163,13,99,51,0
Lamar,4G,Justice,2,DEM,DaSean Jones,129,5,108,16,0
Lamar,1A3B,Justice,2,REP,Jeff Rambin,2029,84,1592,353,0
Lamar,1A5A,Justice,2,REP,Jeff Rambin,288,8,221,59,0
Lamar,1C,Justice,2,REP,Jeff Rambin,238,9,186,43,0
Lamar,1E,Justice,2,REP,Jeff Rambin,483,11,331,141,0
Lamar,1F,Justice,2,REP,Jeff Rambin,849,27,578,244,0
Lamar,1H,Justice,2,REP,Jeff Rambin,425,8,304,113,0
Lamar,1I,Justice,2,REP,Jeff Rambin,230,7,167,56,0
Lamar,2A1A,Justice,2,REP,Jeff Rambin,252,11,191,50,0
Lamar,2C3A,Justice,2,REP,Jeff Rambin,999,28,744,227,0
Lamar,2D,Justice,2,REP,Jeff Rambin,364,10,211,143,0
Lamar,2E,Justice,2,REP,Jeff Rambin,388,8,269,111,0
Lamar,2F,Justice,2,REP,Jeff Rambin,142,1,66,75,0
Lamar,2G,Justice,2,REP,Jeff Rambin,398,5,291,102,0
Lamar,3C7G,Justice,2,REP,Jeff Rambin,956,48,731,177,0
Lamar,3D,Justice,2,REP,Jeff Rambin,487,15,305,167,0
Lamar,3E,Justice,2,REP,Jeff Rambin,859,16,642,201,0
Lamar,3F,Justice,2,REP,Jeff Rambin,389,4,247,138,0
Lamar,3G,Justice,2,REP,Jeff Rambin,399,13,290,96,0
Lamar,3H3C,Justice,2,REP,Jeff Rambin,406,22,323,61,0
Lamar,3I,Justice,2,REP,Jeff Rambin,825,18,658,149,0
Lamar,4A6E,Justice,2,REP,Jeff Rambin,780,28,627,125,0
Lamar,4B,Justice,2,REP,Jeff Rambin,1067,20,752,295,0
Lamar,4D,Justice,2,REP,Jeff Rambin,1042,20,744,278,0
Lamar,4E,Justice,2,REP,Jeff Rambin,730,17,535,178,0
Lamar,4F,Justice,2,REP,Jeff Rambin,1045,25,811,209,0
Lamar,4G,Justice,2,REP,Jeff Rambin,870,25,699,146,0
Lamar,1A3B,Justice,2,REP,Jimmy Blacklock,1940,79,1546,315,0
Lamar,1A5A,Justice,2,REP,Jimmy Blacklock,246,8,194,44,0
Lamar,1C,Justice,2,REP,Jimmy Blacklock,235,6,186,43,0
Lamar,1E,Justice,2,REP,Jimmy Blacklock,493,9,326,158,0
Lamar,1F,Justice,2,REP,Jimmy Blacklock,861,26,576,259,0
Lamar,1H,Justice,2,REP,Jimmy Blacklock,432,8,307,117,0
Lamar,1I,Justice,2,REP,Jimmy Blacklock,231,7,165,59,0
Lamar,2A1A,Justice,2,REP,Jimmy Blacklock,180,8,131,41,0
Lamar,2C3A,Justice,2,REP,Jimmy Blacklock,836,21,621,194,0
Lamar,2D,Justice,2,REP,Jimmy Blacklock,368,7,213,148,0
Lamar,2E,Justice,2,REP,Jimmy Blacklock,394,7,264,123,0
Lamar,2F,Justice,2,REP,Jimmy Blacklock,144,1,63,80,0
Lamar,2G,Justice,2,REP,Jimmy Blacklock,404,3,296,105,0
Lamar,3C7G,Justice,2,REP,Jimmy Blacklock,853,50,650,153,0
Lamar,3D,Justice,2,REP,Jimmy Blacklock,513,12,323,178,0
Lamar,3E,Justice,2,REP,Jimmy Blacklock,888,15,661,212,0
Lamar,3F,Justice,2,REP,Jimmy Blacklock,400,5,251,144,0
Lamar,3G,Justice,2,REP,Jimmy Blacklock,401,10,291,100,0
Lamar,3H3C,Justice,2,REP,Jimmy Blacklock,374,21,299,54,0
Lamar,3I,Justice,2,REP,Jimmy Blacklock,838,19,673,146,0
Lamar,4A6E,Justice,2,REP,Jimmy Blacklock,740,27,600,113,0
Lamar,4B,Justice,2,REP,Jimmy Blacklock,1095,18,753,324,0
Lamar,4D,Justice,2,REP,Jimmy Blacklock,1074,21,761,292,0
Lamar,4E,Justice,2,REP,Jimmy Blacklock,745,17,541,187,0
Lamar,4F,Justice,2,REP,Jimmy Blacklock,1039,22,816,201,0
Lamar,4G,Justice,2,REP,Jimmy Blacklock,862,26,687,149,0
Lamar,1A3B,Justice,4,DEM,Christine Vinh Weems,549,26,404,119,0
Lamar,1A5A,Justice,4,DEM,Christine Vinh Weems,151,4,116,31,0
Lamar,1C,Justice,4,DEM,Christine Vinh Weems,27,2,21,4,0
Lamar,1E,Justice,4,DEM,Christine Vinh Weems,67,5,40,22,0
Lamar,1F,Justice,4,DEM,Christine Vinh Weems,92,8,46,38,0
Lamar,1H,Justice,4,DEM,Christine Vinh Weems,41,0,30,11,0
Lamar,1I,Justice,4,DEM,Christine Vinh Weems,27,5,19,3,0
Lamar,2A1A,Justice,4,DEM,Christine Vinh Weems,303,19,220,64,0
Lamar,2C3A,Justice,4,DEM,Christine Vinh Weems,699,37,503,159,0
Lamar,2D,Justice,4,DEM,Christine Vinh Weems,73,3,36,34,0
Lamar,2E,Justice,4,DEM,Christine Vinh Weems,67,2,46,19,0
Lamar,2F,Justice,4,DEM,Christine Vinh Weems,15,1,9,5,0
Lamar,2G,Justice,4,DEM,Christine Vinh Weems,78,6,48,24,0
Lamar,3C7G,Justice,4,DEM,Christine Vinh Weems,414,23,297,94,0
Lamar,3D,Justice,4,DEM,Christine Vinh Weems,69,7,45,17,0
Lamar,3E,Justice,4,DEM,Christine Vinh Weems,58,7,39,12,0
Lamar,3F,Justice,4,DEM,Christine Vinh Weems,39,2,23,14,0
Lamar,3G,Justice,4,DEM,Christine Vinh Weems,51,5,33,13,0
Lamar,3H3C,Justice,4,DEM,Christine Vinh Weems,122,3,98,21,0
Lamar,3I,Justice,4,DEM,Christine Vinh Weems,107,9,78,20,0
Lamar,4A6E,Justice,4,DEM,Christine Vinh Weems,227,13,167,47,0
Lamar,4B,Justice,4,DEM,Christine Vinh Weems,135,15,84,36,0
Lamar,4D,Justice,4,DEM,Christine Vinh Weems,94,2,63,29,0
Lamar,4E,Justice,4,DEM,Christine Vinh Weems,83,3,45,35,0
Lamar,4F,Justice,4,DEM,Christine Vinh Weems,175,13,108,54,0
Lamar,4G,Justice,4,DEM,Christine Vinh Weems,128,5,108,15,0
Lamar,1A3B,Justice,4,REP,John Devine,1899,75,1521,303,0
Lamar,1A5A,Justice,4,REP,John Devine,239,9,186,44,0
Lamar,1C,Justice,4,REP,John Devine,235,7,184,44,0
Lamar,1E,Justice,4,REP,John Devine,491,9,327,155,0
Lamar,1F,Justice,4,REP,John Devine,855,27,571,257,0
Lamar,1H,Justice,4,REP,John Devine,430,8,308,114,0
Lamar,1I,Justice,4,REP,John Devine,232,7,165,60,0
Lamar,2A1A,Justice,4,REP,John Devine,179,8,131,40,0
Lamar,2C3A,Justice,4,REP,John Devine,827,20,616,191,0
Lamar,2D,Justice,4,REP,John Devine,360,7,209,144,0
Lamar,2E,Justice,4,REP,John Devine,392,7,261,124,0
Lamar,2F,Justice,4,REP,John Devine,145,1,63,81,0
Lamar,2G,Justice,4,REP,John Devine,396,2,293,101,0
Lamar,3C7G,Justice,4,REP,John Devine,835,47,641,147,0
Lamar,3D,Justice,4,REP,John Devine,500,12,315,173,0
Lamar,3E,Justice,4,REP,John Devine,875,14,653,208,0
Lamar,3F,Justice,4,REP,John Devine,397,5,250,142,0
Lamar,3G,Justice,4,REP,John Devine,391,9,285,97,0
Lamar,3H3C,Justice,4,REP,John Devine,372,21,297,54,0
Lamar,3I,Justice,4,REP,John Devine,839,19,673,147,0
Lamar,4A6E,Justice,4,REP,John Devine,730,26,589,115,0
Lamar,4B,Justice,4,REP,John Devine,1090,17,751,322,0
Lamar,4D,Justice,4,REP,John Devine,1055,21,749,285,0
Lamar,4E,Justice,4,REP,John Devine,737,17,534,186,0
Lamar,4F,Justice,4,REP,John Devine,1028,22,809,197,0
Lamar,4G,Justice,4,REP,John Devine,859,25,687,147,0
Lamar,1A3B,Justice,6,DEM,Bonnie Lee Goldstein,515,24,379,112,0
Lamar,1A5A,Justice,6,DEM,Bonnie Lee Goldstein,140,4,110,26,0
Lamar,1C,Justice,6,DEM,Bonnie Lee Goldstein,22,2,19,1,0
Lamar,1E,Justice,6,DEM,Bonnie Lee Goldstein,64,5,38,21,0
Lamar,1F,Justice,6,DEM,Bonnie Lee Goldstein,81,9,39,33,0
Lamar,1H,Justice,6,DEM,Bonnie Lee Goldstein,39,0,28,11,0
Lamar,1I,Justice,6,DEM,Bonnie Lee Goldstein,26,5,18,3,0
Lamar,2A1A,Justice,6,DEM,Bonnie Lee Goldstein,306,20,221,65,0
Lamar,2C3A,Justice,6,DEM,Bonnie Lee Goldstein,675,35,495,145,0
Lamar,2D,Justice,6,DEM,Bonnie Lee Goldstein,68,3,33,32,0
Lamar,2E,Justice,6,DEM,Bonnie Lee Goldstein,65,2,45,18,0
Lamar,2F,Justice,6,DEM,Bonnie Lee Goldstein,14,1,8,5,0
Lamar,2G,Justice,6,DEM,Bonnie Lee Goldstein,76,6,50,20,0
Lamar,3C7G,Justice,6,DEM,Bonnie Lee Goldstein,394,20,285,89,0
Lamar,3D,Justice,6,DEM,Bonnie Lee Goldstein,58,8,37,13,0
Lamar,3E,Justice,6,DEM,Bonnie Lee Goldstein,58,7,39,12,0
Lamar,3F,Justice,6,DEM,Bonnie Lee Goldstein,37,2,22,13,0
Lamar,3G,Justice,6,DEM,Bonnie Lee Goldstein,44,4,28,12,0
Lamar,3H3C,Justice,6,DEM,Bonnie Lee Goldstein,119,4,94,21,0
Lamar,3I,Justice,6,DEM,Bonnie Lee Goldstein,102,9,74,19,0
Lamar,4A6E,Justice,6,DEM,Bonnie Lee Goldstein,205,12,148,45,0
Lamar,4B,Justice,6,DEM,Bonnie Lee Goldstein,129,15,81,33,0
Lamar,4D,Justice,6,DEM,Bonnie Lee Goldstein,83,1,57,25,0
Lamar,4E,Justice,6,DEM,Bonnie Lee Goldstein,80,3,42,35,0
Lamar,4F,Justice,6,DEM,Bonnie Lee Goldstein,156,13,97,46,0
Lamar,4G,Justice,6,DEM,Bonnie Lee Goldstein,123,5,102,16,0
Lamar,1A3B,Justice,6,LIB,J. David Roberson,55,1,43,11,0
Lamar,1A5A,Justice,6,LIB,J. David Roberson,12,0,9,3,0
Lamar,1C,Justice,6,LIB,J. David Roberson,9,0,4,5,0
Lamar,1E,Justice,6,LIB,J. David Roberson,16,0,11,5,0
Lamar,1F,Justice,6,LIB,J. David Roberson,20,1,10,9,0
Lamar,1H,Justice,6,LIB,J. David Roberson,11,0,7,4,0
Lamar,1I,Justice,6,LIB,J. David Roberson,4,0,4,0,0
Lamar,2A1A,Justice,6,LIB,J. David Roberson,7,0,5,2,0
Lamar,2C3A,Justice,6,LIB,J. David Roberson,40,2,27,11,0
Lamar,2D,Justice,6,LIB,J. David Roberson,10,0,5,5,0
Lamar,2E,Justice,6,LIB,J. David Roberson,10,0,6,4,0
Lamar,2F,Justice,6,LIB,J. David Roberson,2,0,1,1,0
Lamar,2G,Justice,6,LIB,J. David Roberson,7,1,3,3,0
Lamar,3C7G,Justice,6,LIB,J. David Roberson,26,1,13,12,0
Lamar,3D,Justice,6,LIB,J. David Roberson,14,1,8,5,0
Lamar,3E,Justice,6,LIB,J. David Roberson,11,0,9,2,0
Lamar,3F,Justice,6,LIB,J. David Roberson,4,0,2,2,0
Lamar,3G,Justice,6,LIB,J. David Roberson,8,1,2,5,0
Lamar,3H3C,Justice,6,LIB,J. David Roberson,8,0,4,4,0
Lamar,3I,Justice,6,LIB,J. David Roberson,22,0,9,13,0
Lamar,4A6E,Justice,6,LIB,J. David Roberson,24,0,17,7,0
Lamar,4B,Justice,6,LIB,J. David Roberson,16,0,5,11,0
Lamar,4D,Justice,6,LIB,J. David Roberson,23,0,16,7,0
Lamar,4E,Justice,6,LIB,J. David Roberson,3,1,1,1,0
Lamar,4F,Justice,6,LIB,J. David Roberson,27,0,20,7,0
Lamar,4G,Justice,6,LIB,J. David Roberson,15,0,10,5,0
Lamar,1A3B,Justice,6,REP,Jane Bland,1869,75,1495,299,0
Lamar,1A5A,Justice,6,REP,Jane Bland,241,9,186,46,0
Lamar,1C,Justice,6,REP,Jane Bland,230,6,183,41,0
Lamar,1E,Justice,6,REP,Jane Bland,480,9,320,151,0
Lamar,1F,Justice,6,REP,Jane Bland,848,24,568,256,0
Lamar,1H,Justice,6,REP,Jane Bland,420,8,302,110,0
Lamar,1I,Justice,6,REP,Jane Bland,228,7,163,58,0
Lamar,2A1A,Justice,6,REP,Jane Bland,171,8,125,38,0
Lamar,2C3A,Justice,6,REP,Jane Bland,811,19,597,195,0
Lamar,2D,Justice,6,REP,Jane Bland,356,7,205,144,0
Lamar,2E,Justice,6,REP,Jane Bland,384,7,258,119,0
Lamar,2F,Justice,6,REP,Jane Bland,144,1,63,80,0
Lamar,2G,Justice,6,REP,Jane Bland,392,3,287,102,0
Lamar,3C7G,Justice,6,REP,Jane Bland,826,49,639,138,0
Lamar,3D,Justice,6,REP,Jane Bland,500,12,314,174,0
Lamar,3E,Justice,6,REP,Jane Bland,868,14,645,209,0
Lamar,3F,Justice,6,REP,Jane Bland,390,5,243,142,0
Lamar,3G,Justice,6,REP,Jane Bland,391,9,286,96,0
Lamar,3H3C,Justice,6,REP,Jane Bland,368,20,298,50,0
Lamar,3I,Justice,6,REP,Jane Bland,825,19,669,137,0
Lamar,4A6E,Justice,6,REP,Jane Bland,726,27,587,112,0
Lamar,4B,Justice,6,REP,Jane Bland,1082,18,749,315,0
Lamar,4D,Justice,6,REP,Jane Bland,1044,22,736,286,0
Lamar,4E,Justice,6,REP,Jane Bland,740,16,539,185,0
Lamar,4F,Justice,6,REP,Jane Bland,1020,23,800,197,0
Lamar,4G,Justice,6,REP,Jane Bland,856,26,686,144,0
Lamar,1A3B,Justice of the Peace Precinct 5,"5, Place 1",REP,Michael 'Woody' Woodson,2094,87,1639,368,0
Lamar,1A5A,Justice of the Peace Precinct 5,"5, Place 1",REP,Michael 'Woody' Woodson,301,8,233,60,0
Lamar,2A1A,Justice of the Peace Precinct 5,"5, Place 1",REP,Michael 'Woody' Woodson,274,14,209,51,0
Lamar,2C3A,Justice of the Peace Precinct 5,"5, Place 1",REP,Michael 'Woody' Woodson,1046,32,784,230,0
Lamar,3C7G,Justice of the Peace Precinct 5,"5, Place 1",REP,Michael 'Woody' Woodson,1000,52,763,185,0
Lamar,3H3C,Justice of the Peace Precinct 5,"5, Place 1",REP,Michael 'Woody' Woodson,407,22,323,62,0
Lamar,4A6E,Justice of the Peace Precinct 5,"5, Place 1",REP,Michael 'Woody' Woodson,804,28,652,124,0
Lamar,4F,Justice of the Peace Precinct 5,"5, Place 1",REP,Michael 'Woody' Woodson,1076,26,837,213,0
Lamar,4G,Justice of the Peace Precinct 5,"5, Place 1",REP,Michael 'Woody' Woodson,890,25,716,149,0
Lamar,1A3B,Member,12,DEM,George King,525,28,385,112,0
Lamar,1A5A,Member,12,DEM,George King,145,5,109,31,0
Lamar,1C,Member,12,DEM,George King,28,3,20,5,0
Lamar,1E,Member,12,DEM,George King,69,5,42,22,0
Lamar,1F,Member,12,DEM,George King,96,9,49,38,0
Lamar,1H,Member,12,DEM,George King,40,0,29,11,0
Lamar,1I,Member,12,DEM,George King,27,5,19,3,0
Lamar,2A1A,Member,12,DEM,George King,307,20,223,64,0
Lamar,2C3A,Member,12,DEM,George King,679,36,492,151,0
Lamar,2D,Member,12,DEM,George King,71,3,37,31,0
Lamar,2E,Member,12,DEM,George King,72,2,50,20,0
Lamar,2F,Member,12,DEM,George King,15,1,8,6,0
Lamar,2G,Member,12,DEM,George King,78,6,49,23,0
Lamar,3C7G,Member,12,DEM,George King,404,20,292,92,0
Lamar,3D,Member,12,DEM,George King,61,8,42,11,0
Lamar,3E,Member,12,DEM,George King,56,7,36,13,0
Lamar,3F,Member,12,DEM,George King,37,2,21,14,0
Lamar,3G,Member,12,DEM,George King,46,6,31,9,0
Lamar,3H3C,Member,12,DEM,George King,128,4,100,24,0
Lamar,3I,Member,12,DEM,George King,109,8,81,20,0
Lamar,4A6E,Member,12,DEM,George King,214,12,155,47,0
Lamar,4B,Member,12,DEM,George King,137,14,87,36,0
Lamar,4D,Member,12,DEM,George King,96,3,68,25,0
Lamar,4E,Member,12,DEM,George King,84,3,43,38,0
Lamar,4F,Member,12,DEM,George King,167,13,108,46,0
Lamar,4G,Member,12,DEM,George King,129,5,109,15,0
Lamar,1A3B,Member,12,REP,Pam Little,1909,77,1528,304,0
Lamar,1A5A,Member,12,REP,Pam Little,246,8,194,44,0
Lamar,1C,Member,12,REP,Pam Little,232,6,185,41,0
Lamar,1E,Member,12,REP,Pam Little,491,8,327,156,0
Lamar,1F,Member,12,REP,Pam Little,853,25,566,262,0
Lamar,1H,Member,12,REP,Pam Little,429,8,306,115,0
Lamar,1I,Member,12,REP,Pam Little,230,6,165,59,0
Lamar,2A1A,Member,12,REP,Pam Little,178,8,128,42,0
Lamar,2C3A,Member,12,REP,Pam Little,846,19,627,200,0
Lamar,2D,Member,12,REP,Pam Little,367,8,211,148,0
Lamar,2E,Member,12,REP,Pam Little,385,7,258,120,0
Lamar,2F,Member,12,REP,Pam Little,145,1,64,80,0
Lamar,2G,Member,12,REP,Pam Little,394,3,289,102,0
Lamar,3C7G,Member,12,REP,Pam Little,848,49,651,148,0
Lamar,3D,Member,12,REP,Pam Little,509,12,318,179,0
Lamar,3E,Member,12,REP,Pam Little,879,15,656,208,0
Lamar,3F,Member,12,REP,Pam Little,403,5,254,144,0
Lamar,3G,Member,12,REP,Pam Little,395,8,287,100,0
Lamar,3H3C,Member,12,REP,Pam Little,368,20,296,52,0
Lamar,3I,Member,12,REP,Pam Little,837,19,673,145,0
Lamar,4A6E,Member,12,REP,Pam Little,736,27,596,113,0
Lamar,4B,Member,12,REP,Pam Little,1088,18,749,321,0
Lamar,4D,Member,12,REP,Pam Little,1054,20,744,290,0
Lamar,4E,Member,12,REP,Pam Little,731,17,532,182,0
Lamar,4F,Member,12,REP,Pam Little,1031,22,805,204,0
Lamar,4G,Member,12,REP,Pam Little,870,26,695,149,0
Lamar,1A3B,President,,LIB,Chase Oliver/Mike ter Maat,12,1,8,3,0
Lamar,1A5A,President,,LIB,Chase Oliver/Mike ter Maat,2,0,2,0,0
Lamar,1C,President,,LIB,Chase Oliver/Mike ter Maat,1,0,1,0,0
Lamar,1E,President,,LIB,Chase Oliver/Mike ter Maat,2,0,1,1,0
Lamar,1F,President,,LIB,Chase Oliver/Mike ter Maat,4,1,0,3,0
Lamar,1H,President,,LIB,Chase Oliver/Mike ter Maat,1,0,1,0,0
Lamar,1I,President,,LIB,Chase Oliver/Mike ter Maat,0,0,0,0,0
Lamar,2A1A,President,,LIB,Chase Oliver/Mike ter Maat,3,0,3,0,0
Lamar,2C3A,President,,LIB,Chase Oliver/Mike ter Maat,4,0,3,1,0
Lamar,2D,President,,LIB,Chase Oliver/Mike ter Maat,2,0,1,1,0
Lamar,2E,President,,LIB,Chase Oliver/Mike ter Maat,0,0,0,0,0
Lamar,2F,President,,LIB,Chase Oliver/Mike ter Maat,0,0,0,0,0
Lamar,2G,President,,LIB,Chase Oliver/Mike ter Maat,0,0,0,0,0
Lamar,3C7G,President,,LIB,Chase Oliver/Mike ter Maat,7,0,2,5,0
Lamar,3D,President,,LIB,Chase Oliver/Mike ter Maat,1,0,0,1,0
Lamar,3E,President,,LIB,Chase Oliver/Mike ter Maat,0,0,0,0,0
Lamar,3F,President,,LIB,Chase Oliver/Mike ter Maat,2,0,0,2,0
Lamar,3G,President,,LIB,Chase Oliver/Mike ter Maat,1,0,1,0,0
Lamar,3H3C,President,,LIB,Chase Oliver/Mike ter Maat,1,0,0,1,0
Lamar,3I,President,,LIB,Chase Oliver/Mike ter Maat,5,0,1,4,0
Lamar,4A6E,President,,LIB,Chase Oliver/Mike ter Maat,4,0,3,1,0
Lamar,4B,President,,LIB,Chase Oliver/Mike ter Maat,5,0,0,5,0
Lamar,4D,President,,LIB,Chase Oliver/Mike ter Maat,6,0,5,1,0
Lamar,4E,President,,LIB,Chase Oliver/Mike ter Maat,1,0,1,0,0
Lamar,4F,President,,LIB,Chase Oliver/Mike ter Maat,4,0,4,0,0
Lamar,4G,President,,LIB,Chase Oliver/Mike ter Maat,3,0,3,0,0
Lamar,1A3B,President,,REP,Donald J. Trump/JD Vance,1957,75,1560,322,0
Lamar,1A5A,President,,REP,Donald J. Trump/JD Vance,256,8,201,47,0
Lamar,1C,President,,REP,Donald J. Trump/JD Vance,244,5,194,45,0
Lamar,1E,President,,REP,Donald J. Trump/JD Vance,513,9,342,162,0
Lamar,1F,President,,REP,Donald J. Trump/JD Vance,896,26,595,275,0
Lamar,1H,President,,REP,Donald J. Trump/JD Vance,441,7,317,117,0
Lamar,1I,President,,REP,Donald J. Trump/JD Vance,239,6,169,64,0
Lamar,2A1A,President,,REP,Donald J. Trump/JD Vance,186,8,138,40,0
Lamar,2C3A,President,,REP,Donald J. Trump/JD Vance,881,19,659,203,0
Lamar,2D,President,,REP,Donald J. Trump/JD Vance,390,9,228,153,0
Lamar,2E,President,,REP,Donald J. Trump/JD Vance,411,7,274,130,0
Lamar,2F,President,,REP,Donald J. Trump/JD Vance,147,1,64,82,0
Lamar,2G,President,,REP,Donald J. Trump/JD Vance,413,3,305,105,0
Lamar,3C7G,President,,REP,Donald J. Trump/JD Vance,854,46,654,154,0
Lamar,3D,President,,REP,Donald J. Trump/JD Vance,519,12,326,181,0
Lamar,3E,President,,REP,Donald J. Trump/JD Vance,906,15,676,215,0
Lamar,3F,President,,REP,Donald J. Trump/JD Vance,418,5,267,146,0
Lamar,3G,President,,REP,Donald J. Trump/JD Vance,415,10,298,107,0
Lamar,3H3C,President,,REP,Donald J. Trump/JD Vance,387,20,307,60,0
Lamar,3I,President,,REP,Donald J. Trump/JD Vance,859,19,691,149,0
Lamar,4A6E,President,,REP,Donald J. Trump/JD Vance,754,26,613,115,0
Lamar,4B,President,,REP,Donald J. Trump/JD Vance,1126,17,785,324,0
Lamar,4D,President,,REP,Donald J. Trump/JD Vance,1104,21,778,305,0
Lamar,4E,President,,REP,Donald J. Trump/JD Vance,765,18,555,192,0
Lamar,4F,President,,REP,Donald J. Trump/JD Vance,1069,23,835,211,0
Lamar,4G,President,,REP,Donald J. Trump/JD Vance,894,27,715,152,0
Lamar,1A3B,President,,GRN,Jill Stein/Rudolph Ware,3,0,1,2,0
Lamar,1A5A,President,,GRN,Jill Stein/Rudolph Ware,1,0,1,0,0
Lamar,1C,President,,GRN,Jill Stein/Rudolph Ware,0,0,0,0,0
Lamar,1E,President,,GRN,Jill Stein/Rudolph Ware,1,0,0,1,0
Lamar,1F,President,,GRN,Jill Stein/Rudolph Ware,2,0,2,0,0
Lamar,1H,President,,GRN,Jill Stein/Rudolph Ware,1,0,1,0,0
Lamar,1I,President,,GRN,Jill Stein/Rudolph Ware,0,0,0,0,0
Lamar,2A1A,President,,GRN,Jill Stein/Rudolph Ware,3,0,2,1,0
Lamar,2C3A,President,,GRN,Jill Stein/Rudolph Ware,6,0,3,3,0
Lamar,2D,President,,GRN,Jill Stein/Rudolph Ware,1,0,1,0,0
Lamar,2E,President,,GRN,Jill Stein/Rudolph Ware,1,0,1,0,0
Lamar,2F,President,,GRN,Jill Stein/Rudolph Ware,0,0,0,0,0
Lamar,2G,President,,GRN,Jill Stein/Rudolph Ware,2,0,2,0,0
Lamar,3C7G,President,,GRN,Jill Stein/Rudolph Ware,5,0,3,2,0
Lamar,3D,President,,GRN,Jill Stein/Rudolph Ware,2,0,0,2,0
Lamar,3E,President,,GRN,Jill Stein/Rudolph Ware,1,0,1,0,0
Lamar,3F,President,,GRN,Jill Stein/Rudolph Ware,0,0,0,0,0
Lamar,3G,President,,GRN,Jill Stein/Rudolph Ware,1,0,0,1,0
Lamar,3H3C,President,,GRN,Jill Stein/Rudolph Ware,1,0,0,1,0
Lamar,3I,President,,GRN,Jill Stein/Rudolph Ware,2,0,1,1,0
Lamar,4A6E,President,,GRN,Jill Stein/Rudolph Ware,1,0,1,0,0
Lamar,4B,President,,GRN,Jill Stein/Rudolph Ware,1,0,1,0,0
Lamar,4D,President,,GRN,Jill Stein/Rudolph Ware,0,0,0,0,0
Lamar,4E,President,,GRN,Jill Stein/Rudolph Ware,1,0,0,1,0
Lamar,4F,President,,GRN,Jill Stein/Rudolph Ware,6,0,3,3,0
Lamar,4G,President,,GRN,Jill Stein/Rudolph Ware,0,0,0,0,0
Lamar,1A3B,President,,DEM,Kamala D. Harris/Tim Walz,587,34,430,123,0
Lamar,1A5A,President,,DEM,Kamala D. Harris/Tim Walz,153,6,113,34,0
Lamar,1C,President,,DEM,Kamala D. Harris/Tim Walz,27,2,19,6,0
Lamar,1E,President,,DEM,Kamala D. Harris/Tim Walz,68,5,38,25,0
Lamar,1F,President,,DEM,Kamala D. Harris/Tim Walz,94,11,44,39,0
Lamar,1H,President,,DEM,Kamala D. Harris/Tim Walz,39,1,28,10,0
Lamar,1I,President,,DEM,Kamala D. Harris/Tim Walz,29,5,19,5,0
Lamar,2A1A,President,,DEM,Kamala D. Harris/Tim Walz,314,20,223,71,0
Lamar,2C3A,President,,DEM,Kamala D. Harris/Tim Walz,716,40,517,159,0
Lamar,2D,President,,DEM,Kamala D. Harris/Tim Walz,74,3,35,36,0
Lamar,2E,President,,DEM,Kamala D. Harris/Tim Walz,69,2,48,19,0
Lamar,2F,President,,DEM,Kamala D. Harris/Tim Walz,20,2,11,7,0
Lamar,2G,President,,DEM,Kamala D. Harris/Tim Walz,79,7,46,26,0
Lamar,3C7G,President,,DEM,Kamala D. Harris/Tim Walz,445,27,326,92,0
Lamar,3D,President,,DEM,Kamala D. Harris/Tim Walz,73,10,49,14,0
Lamar,3E,President,,DEM,Kamala D. Harris/Tim Walz,61,8,40,13,0
Lamar,3F,President,,DEM,Kamala D. Harris/Tim Walz,40,4,22,14,0
Lamar,3G,President,,DEM,Kamala D. Harris/Tim Walz,47,4,32,11,0
Lamar,3H3C,President,,DEM,Kamala D. Harris/Tim Walz,134,6,108,20,0
Lamar,3I,President,,DEM,Kamala D. Harris/Tim Walz,119,11,86,22,0
Lamar,4A6E,President,,DEM,Kamala D. Harris/Tim Walz,241,15,176,50,0
Lamar,4B,President,,DEM,Kamala D. Harris/Tim Walz,143,14,93,36,0
Lamar,4D,President,,DEM,Kamala D. Harris/Tim Walz,92,2,63,27,0
Lamar,4E,President,,DEM,Kamala D. Harris/Tim Walz,90,3,47,40,0
Lamar,4F,President,,DEM,Kamala D. Harris/Tim Walz,176,13,111,52,0
Lamar,4G,President,,DEM,Kamala D. Harris/Tim Walz,149,8,121,20,0
Lamar,1A3B,President,,,Write-in,6,0,6,0,0
Lamar,1A5A,President,,,Write-in,1,0,0,1,0
Lamar,1C,President,,,Write-in,4,2,1,1,0
Lamar,1E,President,,,Write-in,1,0,1,0,0
Lamar,1F,President,,,Write-in,1,0,1,0,0
Lamar,1H,President,,,Write-in,3,0,1,2,0
Lamar,1I,President,,,Write-in,0,0,0,0,0
Lamar,2A1A,President,,,Write-in,3,0,1,2,0
Lamar,2C3A,President,,,Write-in,2,0,1,1,0
Lamar,2D,President,,,Write-in,1,0,0,1,0
Lamar,2E,President,,,Write-in,0,0,0,0,0
Lamar,2F,President,,,Write-in,0,0,0,0,0
Lamar,2G,President,,,Write-in,1,0,1,0,0
Lamar,3C7G,President,,,Write-in,3,0,3,0,0
Lamar,3D,President,,,Write-in,4,1,2,1,0
Lamar,3E,President,,,Write-in,2,0,2,0,0
Lamar,3F,President,,,Write-in,1,0,1,0,0
Lamar,3G,President,,,Write-in,0,0,0,0,0
Lamar,3H3C,President,,,Write-in,2,0,2,0,0
Lamar,3I,President,,,Write-in,4,0,4,0,0
Lamar,4A6E,President,,,Write-in,5,0,2,3,0
Lamar,4B,President,,,Write-in,2,0,1,1,0
Lamar,4D,President,,,Write-in,0,0,0,0,0
Lamar,4E,President,,,Write-in,2,0,2,0,0
Lamar,4F,President,,,Write-in,0,0,0,0,0
Lamar,4G,President,,,Write-in,1,0,0,1,0
Lamar,1A3B,Presiding Judge,,REP,David J. Schenck,1900,78,1525,297,0
Lamar,1A5A,Presiding Judge,,REP,David J. Schenck,235,8,187,40,0
Lamar,1C,Presiding Judge,,REP,David J. Schenck,236,6,186,44,0
Lamar,1E,Presiding Judge,,REP,David J. Schenck,489,9,327,153,0
Lamar,1F,Presiding Judge,,REP,David J. Schenck,857,27,569,261,0
Lamar,1H,Presiding Judge,,REP,David J. Schenck,428,8,306,114,0
Lamar,1I,Presiding Judge,,REP,David J. Schenck,229,6,164,59,0
Lamar,2A1A,Presiding Judge,,REP,David J. Schenck,176,8,127,41,0
Lamar,2C3A,Presiding Judge,,REP,David J. Schenck,826,20,611,195,0
Lamar,2D,Presiding Judge,,REP,David J. Schenck,364,7,207,150,0
Lamar,2E,Presiding Judge,,REP,David J. Schenck,389,8,261,120,0
Lamar,2F,Presiding Judge,,REP,David J. Schenck,144,1,63,80,0
Lamar,2G,Presiding Judge,,REP,David J. Schenck,392,3,287,102,0
Lamar,3C7G,Presiding Judge,,REP,David J. Schenck,825,47,638,140,0
Lamar,3D,Presiding Judge,,REP,David J. Schenck,499,12,312,175,0
Lamar,3E,Presiding Judge,,REP,David J. Schenck,875,15,649,211,0
Lamar,3F,Presiding Judge,,REP,David J. Schenck,398,5,248,145,0
Lamar,3G,Presiding Judge,,REP,David J. Schenck,394,10,287,97,0
Lamar,3H3C,Presiding Judge,,REP,David J. Schenck,364,20,293,51,0
Lamar,3I,Presiding Judge,,REP,David J. Schenck,834,18,671,145,0
Lamar,4A6E,Presiding Judge,,REP,David J. Schenck,723,26,584,113,0
Lamar,4B,Presiding Judge,,REP,David J. Schenck,1093,19,754,320,0
Lamar,4D,Presiding Judge,,REP,David J. Schenck,1055,21,745,289,0
Lamar,4E,Presiding Judge,,REP,David J. Schenck,741,16,539,186,0
Lamar,4F,Presiding Judge,,REP,David J. Schenck,1037,23,814,200,0
Lamar,4G,Presiding Judge,,REP,David J. Schenck,863,26,687,150,0
Lamar,1A3B,Presiding Judge,,DEM,Holly Taylor,530,24,388,118,0
Lamar,1A5A,Presiding Judge,,DEM,Holly Taylor,154,5,115,34,0
Lamar,1C,Presiding Judge,,DEM,Holly Taylor,26,3,20,3,0
Lamar,1E,Presiding Judge,,DEM,Holly Taylor,69,5,39,25,0
Lamar,1F,Presiding Judge,,DEM,Holly Taylor,86,9,41,36,0
Lamar,1H,Presiding Judge,,DEM,Holly Taylor,39,0,27,12,0
Lamar,1I,Presiding Judge,,DEM,Holly Taylor,29,5,21,3,0
Lamar,2A1A,Presiding Judge,,DEM,Holly Taylor,307,20,223,64,0
Lamar,2C3A,Presiding Judge,,DEM,Holly Taylor,692,36,499,157,0
Lamar,2D,Presiding Judge,,DEM,Holly Taylor,69,3,36,30,0
Lamar,2E,Presiding Judge,,DEM,Holly Taylor,67,1,46,20,0
Lamar,2F,Presiding Judge,,DEM,Holly Taylor,16,1,9,6,0
Lamar,2G,Presiding Judge,,DEM,Holly Taylor,81,6,52,23,0
Lamar,3C7G,Presiding Judge,,DEM,Holly Taylor,408,22,289,97,0
Lamar,3D,Presiding Judge,,DEM,Holly Taylor,70,8,46,16,0
Lamar,3E,Presiding Judge,,DEM,Holly Taylor,61,8,42,11,0
Lamar,3F,Presiding Judge,,DEM,Holly Taylor,37,2,21,14,0
Lamar,3G,Presiding Judge,,DEM,Holly Taylor,43,4,27,12,0
Lamar,3H3C,Presiding Judge,,DEM,Holly Taylor,128,3,101,24,0
Lamar,3I,Presiding Judge,,DEM,Holly Taylor,106,8,77,21,0
Lamar,4A6E,Presiding Judge,,DEM,Holly Taylor,226,13,165,48,0
Lamar,4B,Presiding Judge,,DEM,Holly Taylor,134,14,82,38,0
Lamar,4D,Presiding Judge,,DEM,Holly Taylor,94,2,66,26,0
Lamar,4E,Presiding Judge,,DEM,Holly Taylor,79,4,41,34,0
Lamar,4F,Presiding Judge,,DEM,Holly Taylor,166,13,102,51,0
Lamar,4G,Presiding Judge,,DEM,Holly Taylor,128,5,109,14,0
Lamar,1E,Proposition A City of Blossom,,,Against,89,1,47,41,0
Lamar,4D,Proposition A City of Blossom,,,Against,127,1,86,40,0
Lamar,1E,Proposition A City of Blossom,,,For,147,6,81,60,0
Lamar,4D,Proposition A City of Blossom,,,For,228,4,143,81,0
Lamar,1A3B,Railroad Commissioner,,REP,Christi Craddick,1897,80,1517,300,0
Lamar,1A5A,Railroad Commissioner,,REP,Christi Craddick,240,8,190,42,0
Lamar,1C,Railroad Commissioner,,REP,Christi Craddick,232,6,182,44,0
Lamar,1E,Railroad Commissioner,,REP,Christi Craddick,478,8,322,148,0
Lamar,1F,Railroad Commissioner,,REP,Christi Craddick,847,25,572,250,0
Lamar,1H,Railroad Commissioner,,REP,Christi Craddick,424,8,303,113,0
Lamar,1I,Railroad Commissioner,,REP,Christi Craddick,230,7,164,59,0
Lamar,2A1A,Railroad Commissioner,,REP,Christi Craddick,175,8,129,38,0
Lamar,2C3A,Railroad Commissioner,,REP,Christi Craddick,822,18,612,192,0
Lamar,2D,Railroad Commissioner,,REP,Christi Craddick,358,8,209,141,0
Lamar,2E,Railroad Commissioner,,REP,Christi Craddick,391,7,262,122,0
Lamar,2F,Railroad Commissioner,,REP,Christi Craddick,142,1,63,78,0
Lamar,2G,Railroad Commissioner,,REP,Christi Craddick,388,3,282,103,0
Lamar,3C7G,Railroad Commissioner,,REP,Christi Craddick,833,49,644,140,0
Lamar,3D,Railroad Commissioner,,REP,Christi Craddick,498,12,312,174,0
Lamar,3E,Railroad Commissioner,,REP,Christi Craddick,863,14,643,206,0
Lamar,3F,Railroad Commissioner,,REP,Christi Craddick,395,5,254,136,0
Lamar,3G,Railroad Commissioner,,REP,Christi Craddick,384,10,282,92,0
Lamar,3H3C,Railroad Commissioner,,REP,Christi Craddick,362,20,292,50,0
Lamar,3I,Railroad Commissioner,,REP,Christi Craddick,816,20,661,135,0
Lamar,4A6E,Railroad Commissioner,,REP,Christi Craddick,727,27,591,109,0
Lamar,4B,Railroad Commissioner,,REP,Christi Craddick,1072,17,746,309,0
Lamar,4D,Railroad Commissioner,,REP,Christi Craddick,1049,22,743,284,0
Lamar,4E,Railroad Commissioner,,REP,Christi Craddick,734,15,539,180,0
Lamar,4F,Railroad Commissioner,,REP,Christi Craddick,1019,21,804,194,0
Lamar,4G,Railroad Commissioner,,REP,Christi Craddick,854,26,683,145,0
Lamar,1A3B,Railroad Commissioner,,GRN,Eddie Espinoza,21,0,16,5,0
Lamar,1A5A,Railroad Commissioner,,GRN,Eddie Espinoza,9,0,5,4,0
Lamar,1C,Railroad Commissioner,,GRN,Eddie Espinoza,2,0,2,0,0
Lamar,1E,Railroad Commissioner,,GRN,Eddie Espinoza,1,0,0,1,0
Lamar,1F,Railroad Commissioner,,GRN,Eddie Espinoza,4,0,0,4,0
Lamar,1H,Railroad Commissioner,,GRN,Eddie Espinoza,1,0,1,0,0
Lamar,1I,Railroad Commissioner,,GRN,Eddie Espinoza,0,0,0,0,0
Lamar,2A1A,Railroad Commissioner,,GRN,Eddie Espinoza,10,0,8,2,0
Lamar,2C3A,Railroad Commissioner,,GRN,Eddie Espinoza,21,0,14,7,0
Lamar,2D,Railroad Commissioner,,GRN,Eddie Espinoza,2,0,0,2,0
Lamar,2E,Railroad Commissioner,,GRN,Eddie Espinoza,4,0,3,1,0
Lamar,2F,Railroad Commissioner,,GRN,Eddie Espinoza,3,0,1,2,0
Lamar,2G,Railroad Commissioner,,GRN,Eddie Espinoza,6,0,4,2,0
Lamar,3C7G,Railroad Commissioner,,GRN,Eddie Espinoza,17,0,9,8,0
Lamar,3D,Railroad Commissioner,,GRN,Eddie Espinoza,4,0,1,3,0
Lamar,3E,Railroad Commissioner,,GRN,Eddie Espinoza,0,0,0,0,0
Lamar,3F,Railroad Commissioner,,GRN,Eddie Espinoza,0,0,0,0,0
Lamar,3G,Railroad Commissioner,,GRN,Eddie Espinoza,4,0,2,2,0
Lamar,3H3C,Railroad Commissioner,,GRN,Eddie Espinoza,7,0,5,2,0
Lamar,3I,Railroad Commissioner,,GRN,Eddie Espinoza,4,0,2,2,0
Lamar,4A6E,Railroad Commissioner,,GRN,Eddie Espinoza,4,0,0,4,0
Lamar,4B,Railroad Commissioner,,GRN,Eddie Espinoza,4,0,3,1,0
Lamar,4D,Railroad Commissioner,,GRN,Eddie Espinoza,9,0,7,2,0
Lamar,4E,Railroad Commissioner,,GRN,Eddie Espinoza,3,1,0,2,0
Lamar,4F,Railroad Commissioner,,GRN,Eddie Espinoza,14,1,6,7,0
Lamar,4G,Railroad Commissioner,,GRN,Eddie Espinoza,2,0,2,0,0
Lamar,1A3B,Railroad Commissioner,,LIB,Hawk Dunlap,48,0,32,16,0
Lamar,1A5A,Railroad Commissioner,,LIB,Hawk Dunlap,12,1,7,4,0
Lamar,1C,Railroad Commissioner,,LIB,Hawk Dunlap,5,0,2,3,0
Lamar,1E,Railroad Commissioner,,LIB,Hawk Dunlap,20,0,9,11,0
Lamar,1F,Railroad Commissioner,,LIB,Hawk Dunlap,20,0,10,10,0
Lamar,1H,Railroad Commissioner,,LIB,Hawk Dunlap,11,0,9,2,0
Lamar,1I,Railroad Commissioner,,LIB,Hawk Dunlap,3,0,2,1,0
Lamar,2A1A,Railroad Commissioner,,LIB,Hawk Dunlap,18,1,13,4,0
Lamar,2C3A,Railroad Commissioner,,LIB,Hawk Dunlap,33,2,24,7,0
Lamar,2D,Railroad Commissioner,,LIB,Hawk Dunlap,14,1,6,7,0
Lamar,2E,Railroad Commissioner,,LIB,Hawk Dunlap,11,1,7,3,0
Lamar,2F,Railroad Commissioner,,LIB,Hawk Dunlap,1,0,0,1,0
Lamar,2G,Railroad Commissioner,,LIB,Hawk Dunlap,11,0,9,2,0
Lamar,3C7G,Railroad Commissioner,,LIB,Hawk Dunlap,19,0,12,7,0
Lamar,3D,Railroad Commissioner,,LIB,Hawk Dunlap,17,1,12,4,0
Lamar,3E,Railroad Commissioner,,LIB,Hawk Dunlap,20,1,15,4,0
Lamar,3F,Railroad Commissioner,,LIB,Hawk Dunlap,15,0,2,13,0
Lamar,3G,Railroad Commissioner,,LIB,Hawk Dunlap,15,0,9,6,0
Lamar,3H3C,Railroad Commissioner,,LIB,Hawk Dunlap,12,0,9,3,0
Lamar,3I,Railroad Commissioner,,LIB,Hawk Dunlap,34,0,19,15,0
Lamar,4A6E,Railroad Commissioner,,LIB,Hawk Dunlap,19,0,14,5,0
Lamar,4B,Railroad Commissioner,,LIB,Hawk Dunlap,29,1,14,14,0
Lamar,4D,Railroad Commissioner,,LIB,Hawk Dunlap,33,0,23,10,0
Lamar,4E,Railroad Commissioner,,LIB,Hawk Dunlap,10,0,5,5,0
Lamar,4F,Railroad Commissioner,,LIB,Hawk Dunlap,30,1,21,8,0
Lamar,4G,Railroad Commissioner,,LIB,Hawk Dunlap,17,0,12,5,0
Lamar,1A3B,Railroad Commissioner,,DEM,Katherine Culbert,495,23,369,103,0
Lamar,1A5A,Railroad Commissioner,,DEM,Katherine Culbert,135,5,105,25,0
Lamar,1C,Railroad Commissioner,,DEM,Katherine Culbert,22,2,19,1,0
Lamar,1E,Railroad Commissioner,,DEM,Katherine Culbert,66,5,40,21,0
Lamar,1F,Railroad Commissioner,,DEM,Katherine Culbert,88,11,44,33,0
Lamar,1H,Railroad Commissioner,,DEM,Katherine Culbert,35,0,25,10,0
Lamar,1I,Railroad Commissioner,,DEM,Katherine Culbert,26,5,18,3,0
Lamar,2A1A,Railroad Commissioner,,DEM,Katherine Culbert,290,18,210,62,0
Lamar,2C3A,Railroad Commissioner,,DEM,Katherine Culbert,665,37,484,144,0
Lamar,2D,Railroad Commissioner,,DEM,Katherine Culbert,67,3,34,30,0
Lamar,2E,Railroad Commissioner,,DEM,Katherine Culbert,61,1,42,18,0
Lamar,2F,Railroad Commissioner,,DEM,Katherine Culbert,14,1,8,5,0
Lamar,2G,Railroad Commissioner,,DEM,Katherine Culbert,73,6,48,19,0
Lamar,3C7G,Railroad Commissioner,,DEM,Katherine Culbert,388,22,286,80,0
Lamar,3D,Railroad Commissioner,,DEM,Katherine Culbert,54,7,36,11,0
Lamar,3E,Railroad Commissioner,,DEM,Katherine Culbert,59,8,39,12,0
Lamar,3F,Railroad Commissioner,,DEM,Katherine Culbert,37,2,24,11,0
Lamar,3G,Railroad Commissioner,,DEM,Katherine Culbert,42,4,27,11,0
Lamar,3H3C,Railroad Commissioner,,DEM,Katherine Culbert,116,4,92,20,0
Lamar,3I,Railroad Commissioner,,DEM,Katherine Culbert,98,7,75,16,0
Lamar,4A6E,Railroad Commissioner,,DEM,Katherine Culbert,215,12,159,44,0
Lamar,4B,Railroad Commissioner,,DEM,Katherine Culbert,123,15,78,30,0
Lamar,4D,Railroad Commissioner,,DEM,Katherine Culbert,76,1,51,24,0
Lamar,4E,Railroad Commissioner,,DEM,Katherine Culbert,78,3,40,35,0
Lamar,4F,Railroad Commissioner,,DEM,Katherine Culbert,152,12,95,45,0
Lamar,4G,Railroad Commissioner,,DEM,Katherine Culbert,121,5,103,13,0
Lamar,1A3B,Railroad Commissioner,,,Write-in,0,0,0,0,0
Lamar,1A5A,Railroad Commissioner,,,Write-in,0,0,0,0,0
Lamar,1C,Railroad Commissioner,,,Write-in,0,0,0,0,0
Lamar,1E,Railroad Commissioner,,,Write-in,0,0,0,0,0
Lamar,1F,Railroad Commissioner,,,Write-in,0,0,0,0,0
Lamar,1H,Railroad Commissioner,,,Write-in,0,0,0,0,0
Lamar,1I,Railroad Commissioner,,,Write-in,0,0,0,0,0
Lamar,2A1A,Railroad Commissioner,,,Write-in,1,0,0,1,0
Lamar,2C3A,Railroad Commissioner,,,Write-in,3,0,1,2,0
Lamar,2D,Railroad Commissioner,,,Write-in,0,0,0,0,0
Lamar,2E,Railroad Commissioner,,,Write-in,0,0,0,0,0
Lamar,2F,Railroad Commissioner,,,Write-in,0,0,0,0,0
Lamar,2G,Railroad Commissioner,,,Write-in,0,0,0,0,0
Lamar,3C7G,Railroad Commissioner,,,Write-in,0,0,0,0,0
Lamar,3D,Railroad Commissioner,,,Write-in,0,0,0,0,0
Lamar,3E,Railroad Commissioner,,,Write-in,0,0,0,0,0
Lamar,3F,Railroad Commissioner,,,Write-in,0,0,0,0,0
Lamar,3G,Railroad Commissioner,,,Write-in,0,0,0,0,0
Lamar,3H3C,Railroad Commissioner,,,Write-in,1,0,1,0,0
Lamar,3I,Railroad Commissioner,,,Write-in,1,0,1,0,0
Lamar,4A6E,Railroad Commissioner,,,Write-in,1,0,1,0,0
Lamar,4B,Railroad Commissioner,,,Write-in,1,0,0,1,0
Lamar,4D,Railroad Commissioner,,,Write-in,0,0,0,0,0
Lamar,4E,Railroad Commissioner,,,Write-in,0,0,0,0,0
Lamar,4F,Railroad Commissioner,,,Write-in,0,0,0,0,0
Lamar,4G,Railroad Commissioner,,,Write-in,0,0,0,0,0
Lamar,1A3B,Sheriff,,REP,Scott Cass,2163,93,1701,369,0
Lamar,1A5A,Sheriff,,REP,Scott Cass,312,9,239,64,0
Lamar,1C,Sheriff,,REP,Scott Cass,258,9,200,49,0
Lamar,1E,Sheriff,,REP,Scott Cass,509,12,343,154,0
Lamar,1F,Sheriff,,REP,Scott Cass,878,28,594,256,0
Lamar,1H,Sheriff,,REP,Scott Cass,438,8,315,115,0
Lamar,1I,Sheriff,,REP,Scott Cass,238,8,173,57,0
Lamar,2A1A,Sheriff,,REP,Scott Cass,297,14,223,60,0
Lamar,2C3A,Sheriff,,REP,Scott Cass,1130,32,848,250,0
Lamar,2D,Sheriff,,REP,Scott Cass,401,10,232,159,0
Lamar,2E,Sheriff,,REP,Scott Cass,424,8,288,128,0
Lamar,2F,Sheriff,,REP,Scott Cass,144,1,66,77,0
Lamar,2G,Sheriff,,REP,Scott Cass,418,7,306,105,0
Lamar,3C7G,Sheriff,,REP,Scott Cass,1037,53,796,188,0
Lamar,3D,Sheriff,,REP,Scott Cass,523,17,330,176,0
Lamar,3E,Sheriff,,REP,Scott Cass,900,17,679,204,0
Lamar,3F,Sheriff,,REP,Scott Cass,407,3,260,144,0
Lamar,3G,Sheriff,,REP,Scott Cass,423,14,306,103,0
Lamar,3H3C,Sheriff,,REP,Scott Cass,426,22,337,67,0
Lamar,3I,Sheriff,,REP,Scott Cass,880,20,704,156,0
Lamar,4A6E,Sheriff,,REP,Scott Cass,840,28,680,132,0
Lamar,4B,Sheriff,,REP,Scott Cass,1120,24,787,309,0
Lamar,4D,Sheriff,,REP,Scott Cass,1081,19,779,283,0
Lamar,4E,Sheriff,,REP,Scott Cass,775,18,562,195,0
Lamar,4F,Sheriff,,REP,Scott Cass,1112,28,858,226,0
Lamar,4G,Sheriff,,REP,Scott Cass,925,25,748,152,0
Lamar,1A3B,State House,1,REP,Gary VanDeaver,2106,90,1656,360,0
Lamar,1A5A,State House,1,REP,Gary VanDeaver,305,7,238,60,0
Lamar,1C,State House,1,REP,Gary VanDeaver,244,9,190,45,0
Lamar,1E,State House,1,REP,Gary VanDeaver,499,11,332,156,0
Lamar,1F,State House,1,REP,Gary VanDeaver,867,28,583,256,0
Lamar,1H,State House,1,REP,Gary VanDeaver,433,8,307,118,0
Lamar,1I,State House,1,REP,Gary VanDeaver,232,8,166,58,0
Lamar,2A1A,State House,1,REP,Gary VanDeaver,273,13,203,57,0
Lamar,2C3A,State House,1,REP,Gary VanDeaver,1037,29,766,242,0
Lamar,2D,State House,1,REP,Gary VanDeaver,378,11,218,149,0
Lamar,2E,State House,1,REP,Gary VanDeaver,410,7,279,124,0
Lamar,2F,State House,1,REP,Gary VanDeaver,141,1,63,77,0
Lamar,2G,State House,1,REP,Gary VanDeaver,400,5,290,105,0
Lamar,3C7G,State House,1,REP,Gary VanDeaver,1000,52,771,177,0
Lamar,3D,State House,1,REP,Gary VanDeaver,506,16,320,170,0
Lamar,3E,State House,1,REP,Gary VanDeaver,869,14,652,203,0
Lamar,3F,State House,1,REP,Gary VanDeaver,398,5,249,144,0
Lamar,3G,State House,1,REP,Gary VanDeaver,408,14,292,102,0
Lamar,3H3C,State House,1,REP,Gary VanDeaver,409,21,325,63,0
Lamar,3I,State House,1,REP,Gary VanDeaver,845,20,673,152,0
Lamar,4A6E,State House,1,REP,Gary VanDeaver,797,26,643,128,0
Lamar,4B,State House,1,REP,Gary VanDeaver,1107,23,775,309,0
Lamar,4D,State House,1,REP,Gary VanDeaver,1065,21,761,283,0
Lamar,4E,State House,1,REP,Gary VanDeaver,757,18,545,194,0
Lamar,4F,State House,1,REP,Gary VanDeaver,1077,29,830,218,0
Lamar,4G,State House,1,REP,Gary VanDeaver,884,25,714,145,0
Lamar,1A3B,U.S. House,4,REP,Pat Fallon,1949,78,1560,311,0
Lamar,1A5A,U.S. House,4,REP,Pat Fallon,254,8,202,44,0
Lamar,1C,U.S. House,4,REP,Pat Fallon,238,5,188,45,0
Lamar,1E,U.S. House,4,REP,Pat Fallon,499,9,331,159,0
Lamar,1F,U.S. House,4,REP,Pat Fallon,883,28,585,270,0
Lamar,1H,U.S. House,4,REP,Pat Fallon,434,8,312,114,0
Lamar,1I,U.S. House,4,REP,Pat Fallon,237,7,167,63,0
Lamar,2A1A,U.S. House,4,REP,Pat Fallon,187,9,137,41,0
Lamar,2C3A,U.S. House,4,REP,Pat Fallon,856,20,638,198,0
Lamar,2D,U.S. House,4,REP,Pat Fallon,378,7,218,153,0
Lamar,2E,U.S. House,4,REP,Pat Fallon,404,7,272,125,0
Lamar,2F,U.S. House,4,REP,Pat Fallon,146,1,64,81,0
Lamar,2G,U.S. House,4,REP,Pat Fallon,405,3,298,104,0
Lamar,3C7G,U.S. House,4,REP,Pat Fallon,870,47,670,153,0
Lamar,3D,U.S. House,4,REP,Pat Fallon,513,12,323,178,0
Lamar,3E,U.S. House,4,REP,Pat Fallon,897,15,667,215,0
Lamar,3F,U.S. House,4,REP,Pat Fallon,406,5,259,142,0
Lamar,3G,U.S. House,4,REP,Pat Fallon,408,10,297,101,0
Lamar,3H3C,U.S. House,4,REP,Pat Fallon,377,20,302,55,0
Lamar,3I,U.S. House,4,REP,Pat Fallon,853,20,684,149,0
Lamar,4A6E,U.S. House,4,REP,Pat Fallon,765,29,619,117,0
Lamar,4B,U.S. House,4,REP,Pat Fallon,1114,19,771,324,0
Lamar,4D,U.S. House,4,REP,Pat Fallon,1080,21,767,292,0
Lamar,4E,U.S. House,4,REP,Pat Fallon,754,17,544,193,0
Lamar,4F,U.S. House,4,REP,Pat Fallon,1058,22,829,207,0
Lamar,4G,U.S. House,4,REP,Pat Fallon,885,27,705,153,0
Lamar,1A3B,U.S. House,4,DEM,Simon Cardell,528,23,390,115,0
Lamar,1A5A,U.S. House,4,DEM,Simon Cardell,146,5,109,32,0
Lamar,1C,U.S. House,4,DEM,Simon Cardell,21,3,17,1,0
Lamar,1E,U.S. House,4,DEM,Simon Cardell,69,5,41,23,0
Lamar,1F,U.S. House,4,DEM,Simon Cardell,91,8,47,36,0
Lamar,1H,U.S. House,4,DEM,Simon Cardell,35,0,27,8,0
Lamar,1I,U.S. House,4,DEM,Simon Cardell,25,5,18,2,0
Lamar,2A1A,U.S. House,4,DEM,Simon Cardell,305,19,220,66,0
Lamar,2C3A,U.S. House,4,DEM,Simon Cardell,685,37,492,156,0
Lamar,2D,U.S. House,4,DEM,Simon Cardell,68,3,33,32,0
Lamar,2E,U.S. House,4,DEM,Simon Cardell,63,2,42,19,0
Lamar,2F,U.S. House,4,DEM,Simon Cardell,15,1,8,6,0
Lamar,2G,U.S. House,4,DEM,Simon Cardell,77,7,48,22,0
Lamar,3C7G,U.S. House,4,DEM,Simon Cardell,407,24,294,89,0
Lamar,3D,U.S. House,4,DEM,Simon Cardell,67,8,45,14,0
Lamar,3E,U.S. House,4,DEM,Simon Cardell,57,7,39,11,0
Lamar,3F,U.S. House,4,DEM,Simon Cardell,40,2,21,17,0
Lamar,3G,U.S. House,4,DEM,Simon Cardell,41,4,26,11,0
Lamar,3H3C,U.S. House,4,DEM,Simon Cardell,125,4,100,21,0
Lamar,3I,U.S. House,4,DEM,Simon Cardell,101,7,74,20,0
Lamar,4A6E,U.S. House,4,DEM,Simon Cardell,210,10,153,47,0
Lamar,4B,U.S. House,4,DEM,Simon Cardell,131,14,81,36,0
Lamar,4D,U.S. House,4,DEM,Simon Cardell,87,2,58,27,0
Lamar,4E,U.S. House,4,DEM,Simon Cardell,77,3,40,34,0
Lamar,4F,U.S. House,4,DEM,Simon Cardell,158,13,97,48,0
Lamar,4G,U.S. House,4,DEM,Simon Cardell,128,5,109,14,0
Lamar,1A3B,U.S. Senate,,DEM,Colin Allred,623,34,452,137,0
Lamar,1A5A,U.S. Senate,,DEM,Colin Allred,154,4,118,32,0
Lamar,1C,U.S. Senate,,DEM,Colin Allred,34,3,24,7,0
Lamar,1E,U.S. Senate,,DEM,Colin Allred,71,5,40,26,0
Lamar,1F,U.S. Senate,,DEM,Colin Allred,120,11,59,50,0
Lamar,1H,U.S. Senate,,DEM,Colin Allred,46,1,32,13,0
Lamar,1I,U.S. Senate,,DEM,Colin Allred,31,5,21,5,0
Lamar,2A1A,U.S. Senate,,DEM,Colin Allred,326,20,235,71,0
Lamar,2C3A,U.S. Senate,,DEM,Colin Allred,730,35,528,167,0
Lamar,2D,U.S. Senate,,DEM,Colin Allred,85,3,39,43,0
Lamar,2E,U.S. Senate,,DEM,Colin Allred,73,1,51,21,0
Lamar,2F,U.S. Senate,,DEM,Colin Allred,19,1,10,8,0
Lamar,2G,U.S. Senate,,DEM,Colin Allred,88,7,55,26,0
Lamar,3C7G,U.S. Senate,,DEM,Colin Allred,468,26,338,104,0
Lamar,3D,U.S. Senate,,DEM,Colin Allred,70,9,47,14,0
Lamar,3E,U.S. Senate,,DEM,Colin Allred,71,8,43,20,0
Lamar,3F,U.S. Senate,,DEM,Colin Allred,40,4,24,12,0
Lamar,3G,U.S. Senate,,DEM,Colin Allred,53,4,33,16,0
Lamar,3H3C,U.S. Senate,,DEM,Colin Allred,139,7,111,21,0
Lamar,3I,U.S. Senate,,DEM,Colin Allred,135,10,97,28,0
Lamar,4A6E,U.S. Senate,,DEM,Colin Allred,249,15,179,55,0
Lamar,4B,U.S. Senate,,DEM,Colin Allred,153,15,96,42,0
Lamar,4D,U.S. Senate,,DEM,Colin Allred,107,2,73,32,0
Lamar,4E,U.S. Senate,,DEM,Colin Allred,97,4,53,40,0
Lamar,4F,U.S. Senate,,DEM,Colin Allred,203,13,131,59,0
Lamar,4G,U.S. Senate,,DEM,Colin Allred,159,8,128,23,0
Lamar,1A3B,U.S. Senate,,LIB,Ted Brown,47,1,34,12,0
Lamar,1A5A,U.S. Senate,,LIB,Ted Brown,16,0,13,3,0
Lamar,1C,U.S. Senate,,LIB,Ted Brown,5,0,4,1,0
Lamar,1E,U.S. Senate,,LIB,Ted Brown,6,0,2,4,0
Lamar,1F,U.S. Senate,,LIB,Ted Brown,13,0,7,6,0
Lamar,1H,U.S. Senate,,LIB,Ted Brown,5,0,2,3,0
Lamar,1I,U.S. Senate,,LIB,Ted Brown,2,0,2,0,0
Lamar,2A1A,U.S. Senate,,LIB,Ted Brown,7,0,6,1,0
Lamar,2C3A,U.S. Senate,,LIB,Ted Brown,34,1,20,13,0
Lamar,2D,U.S. Senate,,LIB,Ted Brown,3,0,3,0,0
Lamar,2E,U.S. Senate,,LIB,Ted Brown,5,1,2,2,0
Lamar,2F,U.S. Senate,,LIB,Ted Brown,1,0,0,1,0
Lamar,2G,U.S. Senate,,LIB,Ted Brown,4,0,4,0,0
Lamar,3C7G,U.S. Senate,,LIB,Ted Brown,21,3,12,6,0
Lamar,3D,U.S. Senate,,LIB,Ted Brown,9,0,5,4,0
Lamar,3E,U.S. Senate,,LIB,Ted Brown,11,0,9,2,0
Lamar,3F,U.S. Senate,,LIB,Ted Brown,6,0,3,3,0
Lamar,3G,U.S. Senate,,LIB,Ted Brown,6,0,3,3,0
Lamar,3H3C,U.S. Senate,,LIB,Ted Brown,4,0,2,2,0
Lamar,3I,U.S. Senate,,LIB,Ted Brown,20,0,11,9,0
Lamar,4A6E,U.S. Senate,,LIB,Ted Brown,16,0,12,4,0
Lamar,4B,U.S. Senate,,LIB,Ted Brown,23,1,10,12,0
Lamar,4D,U.S. Senate,,LIB,Ted Brown,15,0,4,11,0
Lamar,4E,U.S. Senate,,LIB,Ted Brown,9,2,3,4,0
Lamar,4F,U.S. Senate,,LIB,Ted Brown,13,0,10,3,0
Lamar,4G,U.S. Senate,,LIB,Ted Brown,7,0,6,1,0
Lamar,1A3B,U.S. Senate,,REP,Ted Cruz,1882,75,1509,298,0
Lamar,1A5A,U.S. Senate,,REP,Ted Cruz,239,10,185,44,0
Lamar,1C,U.S. Senate,,REP,Ted Cruz,233,5,186,42,0
Lamar,1E,U.S. Senate,,REP,Ted Cruz,503,9,340,154,0
Lamar,1F,U.S. Senate,,REP,Ted Cruz,856,25,573,258,0
Lamar,1H,U.S. Senate,,REP,Ted Cruz,430,7,313,110,0
Lamar,1I,U.S. Senate,,REP,Ted Cruz,234,7,164,63,0
Lamar,2A1A,U.S. Senate,,REP,Ted Cruz,170,8,125,37,0
Lamar,2C3A,U.S. Senate,,REP,Ted Cruz,824,20,617,187,0
Lamar,2D,U.S. Senate,,REP,Ted Cruz,370,9,216,145,0
Lamar,2E,U.S. Senate,,REP,Ted Cruz,404,7,270,127,0
Lamar,2F,U.S. Senate,,REP,Ted Cruz,146,1,65,80,0
Lamar,2G,U.S. Senate,,REP,Ted Cruz,396,3,290,103,0
Lamar,3C7G,U.S. Senate,,REP,Ted Cruz,810,43,629,138,0
Lamar,3D,U.S. Senate,,REP,Ted Cruz,511,12,323,176,0
Lamar,3E,U.S. Senate,,REP,Ted Cruz,883,15,664,204,0
Lamar,3F,U.S. Senate,,REP,Ted Cruz,412,5,262,145,0
Lamar,3G,U.S. Senate,,REP,Ted Cruz,400,9,290,101,0
Lamar,3H3C,U.S. Senate,,REP,Ted Cruz,376,19,298,59,0
Lamar,3I,U.S. Senate,,REP,Ted Cruz,827,20,670,137,0
Lamar,4A6E,U.S. Senate,,REP,Ted Cruz,736,26,602,108,0
Lamar,4B,U.S. Senate,,REP,Ted Cruz,1090,17,761,312,0
Lamar,4D,U.S. Senate,,REP,Ted Cruz,1072,21,762,289,0
Lamar,4E,U.S. Senate,,REP,Ted Cruz,750,14,548,188,0
Lamar,4F,U.S. Senate,,REP,Ted Cruz,1029,23,807,199,0
Lamar,4G,U.S. Senate,,REP,Ted Cruz,871,27,696,148,0
Lamar,1A3B,U.S. Senate,,,Write-in,0,0,0,0,0
Lamar,1A5A,U.S. Senate,,,Write-in,0,0,0,0,0
Lamar,1C,U.S. Senate,,,Write-in,1,1,0,0,0
Lamar,1E,U.S. Senate,,,Write-in,1,0,0,1,0
Lamar,1F,U.S. Senate,,,Write-in,0,0,0,0,0
Lamar,1H,U.S. Senate,,,Write-in,0,0,0,0,0
Lamar,1I,U.S. Senate,,,Write-in,0,0,0,0,0
Lamar,2A1A,U.S. Senate,,,Write-in,1,0,0,1,0
Lamar,2C3A,U.S. Senate,,,Write-in,2,1,1,0,0
Lamar,2D,U.S. Senate,,,Write-in,0,0,0,0,0
Lamar,2E,U.S. Senate,,,Write-in,0,0,0,0,0
Lamar,2F,U.S. Senate,,,Write-in,0,0,0,0,0
Lamar,2G,U.S. Senate,,,Write-in,0,0,0,0,0
Lamar,3C7G,U.S. Senate,,,Write-in,2,1,0,1,0
Lamar,3D,U.S. Senate,,,Write-in,0,0,0,0,0
Lamar,3E,U.S. Senate,,,Write-in,0,0,0,0,0
Lamar,3F,U.S. Senate,,,Write-in,0,0,0,0,0
Lamar,3G,U.S. Senate,,,Write-in,0,0,0,0,0
Lamar,3H3C,U.S. Senate,,,Write-in,0,0,0,0,0
Lamar,3I,U.S. Senate,,,Write-in,0,0,0,0,0
Lamar,4A6E,U.S. Senate,,,Write-in,2,0,1,1,0
Lamar,4B,U.S. Senate,,,Write-in,0,0,0,0,0
Lamar,4D,U.S. Senate,,,Write-in,2,0,1,1,0
Lamar,4E,U.S. Senate,,,Write-in,0,0,0,0,0
Lamar,4F,U.S. Senate,,,Write-in,2,0,1,1,0
Lamar,4G,U.S. Senate,,,Write-in,1,0,1,0,0