county,precinct,office,district,party,candidate,votes,absentee,early_voting,election_day,
Tyler,Precinct 1,Registered Voters,,,,488,,,,
Tyler,Precinct 1,Ballots Cast,,,,345,2,287,56,
Tyler,Precinct 1,Ballots Cast Blank,,,,1,0,1,0,
Tyler,Precinct 1,President,,REP,Donald J. Trump,296,2,246,48,
Tyler,Precinct 1,President,,DEM,Kamala D. Harris,45,0,37,8,
Tyler,Precinct 1,President,,LIB,Chase Oliver,0,0,0,0,
Tyler,Precinct 1,President,,GRN,Jill Stein,0,0,0,0,
Tyler,Precinct 1,President,,,Write-ins,1,0,1,0,
Tyler,Precinct 1,President,,,Over Votes,1,0,1,0,
Tyler,Precinct 1,President,,,Under Votes,2,0,2,0,
Tyler,Precinct 1,U.S. Senate,,REP,Ted Cruz,280,2,234,44,
Tyler,Precinct 1,U.S. Senate,,DEM,Colin Allred,54,0,45,9,
Tyler,Precinct 1,U.S. Senate,,LIB,Ted Brown,4,0,4,0,
Tyler,Precinct 1,U.S. Senate,,,Write-ins,0,0,0,0,
Tyler,Precinct 1,U.S. Senate,,,Over Votes,1,0,1,0,
Tyler,Precinct 1,U.S. Senate,,,Under Votes,6,0,3,3,
Tyler,Precinct 1,U.S. House,36,REP,Brian Babin,294,2,246,46,
Tyler,Precinct 1,U.S. House,36,DEM,Dayna Steele,47,0,38,9,
Tyler,Precinct 1,U.S. House,36,,Over Votes,0,0,0,0,
Tyler,Precinct 1,U.S. House,36,,Under Votes,4,0,3,1,
Tyler,Precinct 1,Railroad Commissioner,,REP,Christi Craddick,273,2,231,40,
Tyler,Precinct 1,Railroad Commissioner,,DEM,Katherine Culbert,45,0,37,8,
Tyler,Precinct 1,Railroad Commissioner,,LIB,Hawk Dunlap,13,0,10,3,
Tyler,Precinct 1,Railroad Commissioner,,GRN,Eddie Espinoza,1,0,1,0,
Tyler,Precinct 1,Railroad Commissioner,,,Write-ins,0,0,0,0,
Tyler,Precinct 1,Railroad Commissioner,,,Over Votes,1,0,1,0,
Tyler,Precinct 1,Railroad Commissioner,,,Under Votes,12,0,7,5,
Tyler,Precinct 1,"Justice, Supreme Court",2,REP,Jimmy Blacklock,286,2,241,43,
Tyler,Precinct 1,"Justice, Supreme Court",2,DEM,DaSean Jones,47,0,39,8,
Tyler,Precinct 1,"Justice, Supreme Court",2,,Over Votes,0,0,0,0,
Tyler,Precinct 1,"Justice, Supreme Court",2,,Under Votes,12,0,7,5,
Tyler,Precinct 1,"Justice, Supreme Court",4,REP,John Devine,285,2,241,42,
Tyler,Precinct 1,"Justice, Supreme Court",4,DEM,Christine Vinh Weems,45,0,36,9,
Tyler,Precinct 1,"Justice, Supreme Court",4,,Over Votes,0,0,0,0,
Tyler,Precinct 1,"Justice, Supreme Court",4,,Under Votes,15,0,10,5,
Tyler,Precinct 1,"Justice, Supreme Court",6,REP,Jane Bland,281,2,239,40,
Tyler,Precinct 1,"Justice, Supreme Court",6,DEM,Bonnie Lee Goldstein,46,0,38,8,
Tyler,Precinct 1,"Justice, Supreme Court",6,LIB,J. David Roberson,6,0,3,3,
Tyler,Precinct 1,"Justice, Supreme Court",6,,Over Votes,0,0,0,0,
Tyler,Precinct 1,"Justice, Supreme Court",6,,Under Votes,12,0,7,5,
Tyler,Precinct 1,"Presiding Judge, Ct of Crim App",,REP,David J. Schenck,283,2,240,41,
Tyler,Precinct 1,"Presiding Judge, Ct of Crim App",,DEM,Holly Taylor,49,0,40,9,
Tyler,Precinct 1,"Presiding Judge, Ct of Crim App",,,Over Votes,0,0,0,0,
Tyler,Precinct 1,"Presiding Judge, Ct of Crim App",,,Under Votes,13,0,7,6,
Tyler,Precinct 1,"Judge, Ct of Crim App",7,REP,Gina Parker,283,2,238,43,
Tyler,Precinct 1,"Judge, Ct of Crim App",7,DEM,Nancy Mulder,43,0,36,7,
Tyler,Precinct 1,"Judge, Ct of Crim App",7,,Over Votes,0,0,0,0,
Tyler,Precinct 1,"Judge, Ct of Crim App",7,,Under Votes,19,0,13,6,
Tyler,Precinct 1,"Judge, Ct of Crim App",8,REP,Lee Finley,286,2,243,41,
Tyler,Precinct 1,"Judge, Ct of Crim App",8,DEM,Chika Anyiam,44,0,36,8,
Tyler,Precinct 1,"Judge, Ct of Crim App",8,,Over Votes,0,0,0,0,
Tyler,Precinct 1,"Judge, Ct of Crim App",8,,Under Votes,15,0,8,7,
Tyler,Precinct 1,State Representative,9,REP,Trent Ashby,296,2,249,45,
Tyler,Precinct 1,State Representative,9,,Over Votes,0,0,0,0,
Tyler,Precinct 1,State Representative,9,,Under Votes,49,0,38,11,
Tyler,Precinct 1,"Justice, 9th Ct of App Dist",3,REP,Leanne Johnson,283,2,237,44,
Tyler,Precinct 1,"Justice, 9th Ct of App Dist",3,,Over Votes,0,0,0,0,
Tyler,Precinct 1,"Justice, 9th Ct of App Dist",3,,Under Votes,62,0,50,12,
Tyler,Precinct 1,"Justice, 9th Ct of App Dist",4,REP,Kent Chambers,289,2,243,44,
Tyler,Precinct 1,"Justice, 9th Ct of App Dist",4,,Over Votes,0,0,0,0,
Tyler,Precinct 1,"Justice, 9th Ct of App Dist",4,,Under Votes,56,0,44,12,
Tyler,Precinct 1,Dist Judge,88,REP,Earl B. Stover III,292,2,244,46,
Tyler,Precinct 1,Dist Judge,88,,Over Votes,0,0,0,0,
Tyler,Precinct 1,Dist Judge,88,,Under Votes,53,0,43,10,
Tyler,Precinct 1,Sheriff,,REP,Bryan Weatherford,298,2,250,46,
Tyler,Precinct 1,Sheriff,,,Over Votes,0,0,0,0,
Tyler,Precinct 1,Sheriff,,,Under Votes,47,0,37,10,
Tyler,Precinct 1,County Tax Assessor-Collector,,REP,Melissa T. Carson,294,2,243,49,
Tyler,Precinct 1,County Tax Assessor-Collector,,,Over Votes,0,0,0,0,
Tyler,Precinct 1,County Tax Assessor-Collector,,,Under Votes,51,0,44,7,
Tyler,Precinct 1,County Commissioner,1,REP,Joe Blacksher,296,2,246,48,
Tyler,Precinct 1,County Commissioner,1,,Over Votes,0,0,0,0,
Tyler,Precinct 1,County Commissioner,1,,Under Votes,49,0,41,8,
Tyler,Precinct 1,Justice of the Peace-Unexp. Term,1,REP,Tina L. Self,292,2,243,47,
Tyler,Precinct 1,Justice of the Peace-Unexp. Term,1,,Over Votes,0,0,0,0,
Tyler,Precinct 1,Justice of the Peace-Unexp. Term,1,,Under Votes,53,0,44,9,
Tyler,Precinct 1,Constable,1,REP,Tim Scroggins,293,2,242,49,
Tyler,Precinct 1,Constable,1,,Over Votes,0,0,0,0,
Tyler,Precinct 1,Constable,1,,Under Votes,52,0,45,7,
Tyler,Precinct 1,Proposition 1 Local Option,,,For,219,2,183,34,
Tyler,Precinct 1,Proposition 1 Local Option,,,Against,103,0,85,18,
Tyler,Precinct 1,Proposition 1 Local Option,,,Over Votes,0,0,0,0,
Tyler,Precinct 1,Proposition 1 Local Option,,,Under Votes,22,0,18,4,
Tyler,Precinct 2,Registered Voters,,,,1252,,,,
Tyler,Precinct 2,Ballots Cast,,,,686,31,544,111,
Tyler,Precinct 2,Ballots Cast Blank,,,,0,0,0,0,
Tyler,Precinct 2,President,,REP,Donald J. Trump,484,24,397,63,
Tyler,Precinct 2,President,,DEM,Kamala D. Harris,196,6,142,48,
Tyler,Precinct 2,President,,GRN,Jill Stein,2,1,1,0,
Tyler,Precinct 2,President,,LIB,Chase Oliver,1,0,1,0,
Tyler,Precinct 2,President,,,Write-ins,0,0,0,0,
Tyler,Precinct 2,President,,,Over Votes,0,0,0,0,
Tyler,Precinct 2,President,,,Under Votes,3,0,3,0,
Tyler,Precinct 2,U.S. Senate,,REP,Ted Cruz,460,24,381,55,
Tyler,Precinct 2,U.S. Senate,,DEM,Colin Allred,202,5,143,54,
Tyler,Precinct 2,U.S. Senate,,LIB,Ted Brown,12,2,10,0,
Tyler,Precinct 2,U.S. Senate,,,Write-ins,0,0,0,0,
Tyler,Precinct 2,U.S. Senate,,,Over Votes,1,0,1,0,
Tyler,Precinct 2,U.S. Senate,,,Under Votes,11,0,9,2,
Tyler,Precinct 2,U.S. House,36,REP,Brian Babin,490,25,403,62,
Tyler,Precinct 2,U.S. House,36,DEM,Dayna Steele,181,6,127,48,
Tyler,Precinct 2,U.S. House,36,,Over Votes,0,0,0,0,
Tyler,Precinct 2,U.S. House,36,,Under Votes,15,0,14,1,
Tyler,Precinct 2,Railroad Commissioner,,REP,Christi Craddick,451,23,372,56,
Tyler,Precinct 2,Railroad Commissioner,,DEM,Katherine Culbert,183,6,134,43,
Tyler,Precinct 2,Railroad Commissioner,,LIB,Hawk Dunlap,13,0,12,1,
Tyler,Precinct 2,Railroad Commissioner,,GRN,Eddie Espinoza,6,0,4,2,
Tyler,Precinct 2,Railroad Commissioner,,,Write-ins,0,0,0,0,
Tyler,Precinct 2,Railroad Commissioner,,,Over Votes,0,0,0,0,
Tyler,Precinct 2,Railroad Commissioner,,,Under Votes,33,2,22,9,
Tyler,Precinct 2,"Justice, Supreme Court",2,REP,Jimmy Blacklock,467,23,385,59,
Tyler,Precinct 2,"Justice, Supreme Court",2,DEM,DaSean Jones,184,6,134,44,
Tyler,Precinct 2,"Justice, Supreme Court",2,,Over Votes,0,0,0,0,
Tyler,Precinct 2,"Justice, Supreme Court",2,,Under Votes,35,2,25,8,
Tyler,Precinct 2,"Justice, Supreme Court",4,REP,John Devine,465,22,386,57,
Tyler,Precinct 2,"Justice, Supreme Court",4,DEM,Christine Vinh Weems,183,7,130,46,
Tyler,Precinct 2,"Justice, Supreme Court",4,,Over Votes,0,0,0,0,
Tyler,Precinct 2,"Justice, Supreme Court",4,,Under Votes,38,2,28,8,
Tyler,Precinct 2,"Justice, Supreme Court",6,REP,Jane Bland,463,24,381,58,
Tyler,Precinct 2,"Justice, Supreme Court",6,DEM,Bonnie Lee Goldstein,174,5,126,43,
Tyler,Precinct 2,"Justice, Supreme Court",6,LIB,J. David Roberson,13,0,12,1,
Tyler,Precinct 2,"Justice, Supreme Court",6,,Over Votes,0,0,0,0,
Tyler,Precinct 2,"Justice, Supreme Court",6,,Under Votes,36,2,25,9,
Tyler,Precinct 2,"Presiding Judge, Ct of Crim App",,REP,David J. Schenck,463,23,384,56,
Tyler,Precinct 2,"Presiding Judge, Ct of Crim App",,DEM,Holly Taylor,185,6,133,46,
Tyler,Precinct 2,"Presiding Judge, Ct of Crim App",,,Over Votes,0,0,0,0,
Tyler,Precinct 2,"Presiding Judge, Ct of Crim App",,,Under Votes,38,2,27,9,
Tyler,Precinct 2,"Judge, Ct of Crim App",7,REP,Gina Parker,451,22,374,55,
Tyler,Precinct 2,"Judge, Ct of Crim App",7,DEM,Nancy Mulder,179,5,132,42,
Tyler,Precinct 2,"Judge, Ct of Crim App",7,,Over Votes,0,0,0,0,
Tyler,Precinct 2,"Judge, Ct of Crim App",7,,Under Votes,56,4,38,14,
Tyler,Precinct 2,"Judge, Ct of Crim App",8,REP,Lee Finley,467,24,386,57,
Tyler,Precinct 2,"Judge, Ct of Crim App",8,DEM,Chika Anyiam,179,5,130,44,
Tyler,Precinct 2,"Judge, Ct of Crim App",8,,Over Votes,0,0,0,0,
Tyler,Precinct 2,"Judge, Ct of Crim App",8,,Under Votes,40,2,28,10,
Tyler,Prec Precinct 2,State Representative,9,REP,Trent Ashby,522,24,418,80,
Tyler,Precinct 2,State Representative,9,,Over Votes,0,0,0,0,
Tyler,Precinct 2,State Representative,9,,Under Votes,164,7,126,31,
Tyler,Precinct 2,"Justice, 9th Ct of App Dist",3,REP,Leanne Johnson,502,24,407,71,
Tyler,Precinct 2,"Justice, 9th Ct of App Dist",3,,Over Votes,0,0,0,0,
Tyler,Precinct 2,"Justice, 9th Ct of App Dist",3,,Under Votes,184,7,137,40,
Tyler,Precinct 2,"Justice, 9th Ct of App Dist",4,REP,Kent Chambers,504,24,408,72,
Tyler,Precinct 2,"Justice, 9th Ct of App Dist",4,,Over Votes,0,0,0,0,
Tyler,Precinct 2,"Justice, 9th Ct of App Dist",4,,Under Votes,182,7,136,39,
Tyler,Precinct 2,Dist Judge,88,REP,Earl B. Stover III,520,25,420,75,
Tyler,Precinct 2,Dist Judge,88,,Over Votes,0,0,0,0,
Tyler,Precinct 2,Dist Judge,88,,Under Votes,166,6,124,36,
Tyler,Precinct 2,Sheriff,,REP,Bryan Weatherford,556,23,445,88,
Tyler,Precinct 2,Sheriff,,,Over Votes,0,0,0,0,
Tyler,Precinct 2,Sheriff,,,Under Votes,130,8,99,23,
Tyler,Precinct 2,County Tax Assessor-Collector,,REP,Melissa T. Carson,531,25,428,78,
Tyler,Precinct 2,County Tax Assessor-Collector,,,Over Votes,0,0,0,0,
Tyler,Precinct 2,County Tax Assessor-Collector,,,Under Votes,155,6,116,33,
Tyler,Precinct 2,Constable,2,REP,Casey R. Whitworth,520,25,420,75,
Tyler,Precinct 2,Constable,2,,Over Votes,0,0,0,0,
Tyler,Precinct 2,Constable,2,,Under Votes,166,6,124,36,
Tyler,Precinct 2,Mayor City of Woodville,,,Amy Bythewood,187,9,135,43,
Tyler,Precinct 2,Mayor City of Woodville,,,Over Votes,0,0,0,0,
Tyler,Precinct 2,Mayor City of Woodville,,,Under Votes,79,5,58,16,
Tyler,Precinct 2,Alderman Place 2 City of Woodville,,,Kelly Cordes Dillard,148,10,111,27,
Tyler,Precinct 2,Alderman Place 2 City of Woodville,,,Over Votes,0,0,0,0,
Tyler,Precinct 2,Alderman Place 2 City of Woodville,,,Under Votes,118,4,82,32,
Tyler,Precinct 2,Alderman Place 4 City of Woodville,,,Mike Cabaniss,91,4,71,16,
Tyler,Precinct 2,Alderman Place 4 City of Woodville,,,Morgan Hoskins,78,5,55,18,
Tyler,Precinct 2,Alderman Place 4 City of Woodville,,,Over Votes,0,0,0,0,
Tyler,Precinct 2,Alderman Place 4 City of Woodville,,,Under Votes,97,5,67,25,
Tyler,Precinct 2,Proposition 1 Local District Livestock,,Against,Against,494,23,407,64,
Tyler,Precinct 2,Proposition 1 Local District Livestock,,For,For,120,3,85,32,
Tyler,Precinct 2,Proposition 1 Local District Livestock,,,Over Votes,1,0,0,1,
Tyler,Precinct 2,Proposition 1 Local District Livestock,,,Under Votes,60,3,43,14,
Tyler,Precinct 2,Proposition 2 Local District Livestock,,For,For,377,16,307,54,
Tyler,Precinct 2,Proposition 2 Local District Livestock,,Against,Against,163,10,120,33,
Tyler,Precinct 2,Proposition 2 Local District Livestock,,,Over Votes,0,0,0,0,
Tyler,Precinct 2,Proposition 2 Local District Livestock,,,Under Votes,135,3,108,24,
Tyler,Precinct 3,Registered Voters,,,,1585,,,,
Tyler,Precinct 3,Ballots Cast,,,,952,32,705,215,
Tyler,Precinct 3,Ballots Cast Blank,,,,1,0,0,1,
Tyler,Precinct 3,President,,REP,Donald J. Trump,776,21,591,164,
Tyler,Precinct 3,President,,DEM,Kamala D. Harris,164,10,109,45,
Tyler,Precinct 3,President,,GRN,Jill Stein,3,0,1,2,
Tyler,Precinct 3,President,,LIB,Chase Oliver,2,0,1,1,
Tyler,Precinct 3,President,,,Write-ins,1,0,0,1,
Tyler,Precinct 3,President,,,Over Votes,0,0,0,0,
Tyler,Precinct 3,President,,,Under Votes,6,1,3,2,
Tyler,Precinct 3,U.S. Senate,,REP,Ted Cruz,740,21,566,153,
Tyler,Precinct 3,U.S. Senate,,DEM,Colin Allred,178,10,120,48,
Tyler,Precinct 3,U.S. Senate,,LIB,Ted Brown,21,0,12,9,
Tyler,Precinct 3,U.S. Senate,,,Write-ins,1,0,0,1,
Tyler,Precinct 3,U.S. Senate,,,Over Votes,0,0,0,0,
Tyler,Precinct 3,U.S. Senate,,,Under Votes,12,1,7,4,
Tyler,Precinct 3,U.S. House,36,REP,Brian Babin,789,22,594,173,
Tyler,Precinct 3,U.S. House,36,DEM,Dayna Steele,144,10,97,37,
Tyler,Precinct 3,U.S. House,36,,Over Votes,0,0,0,0,
Tyler,Precinct 3,U.S. House,36,,Under Votes,19,0,14,5,
Tyler,Precinct 3,Railroad Commissioner,,REP,Christi Craddick,741,22,560,159,
Tyler,Precinct 3,Railroad Commissioner,,DEM,Katherine Culbert,149,9,103,37,
Tyler,Precinct 3,Railroad Commissioner,,LIB,Hawk Dunlap,17,0,11,6,
Tyler,Precinct 3,Railroad Commissioner,,GRN,Eddie Espinoza,5,0,3,2,
Tyler,Precinct 3,Railroad Commissioner,,,Write-ins,0,0,0,0,
Tyler,Precinct 3,Railroad Commissioner,,,Over Votes,0,0,0,0,
Tyler,Precinct 3,Railroad Commissioner,,,Under Votes,40,1,28,11,
Tyler,Precinct 3,"Justice, Supreme Court",2,REP,Jimmy Blacklock,764,21,576,167,
Tyler,Precinct 3,"Justice, Supreme Court",2,DEM,DaSean Jones,148,9,101,38,
Tyler,Precinct 3,"Justice, Supreme Court",2,,Over Votes,0,0,0,0,
Tyler,Precinct 3,"Justice, Supreme Court",2,,Under Votes,40,2,28,10,
Tyler,Precinct 3,"Justice, Supreme Court",4,REP,John Devine,741,21,564,156,
Tyler,Precinct 3,"Justice, Supreme Court",4,DEM,Christine Vinh Weems,166,9,112,45,
Tyler,Precinct 3,"Justice, Supreme Court",4,,Over Votes,0,0,0,0,
Tyler,Precinct 3,"Justice, Supreme Court",4,,Under Votes,45,2,29,14,
Tyler,Precinct 3,"Justice, Supreme Court",6,REP,Jane Bland,737,20,556,161,
Tyler,Precinct 3,"Justice, Supreme Court",6,DEM,Bonnie Lee Goldstein,144,9,104,31,
Tyler,Precinct 3,"Justice, Supreme Court",6,LIB,J. David Roberson,22,1,10,11,
Tyler,Precinct 3,"Justice, Supreme Court",6,,Over Votes,0,0,0,0,
Tyler,Precinct 3,"Justice, Supreme Court",6,,Under Votes,49,2,35,12,
Tyler,Precinct 3,"Presiding Judge, Ct of Crim App",,REP,David J. Schenck,745,21,561,163,
Tyler,Precinct 3,"Presiding Judge, Ct of Crim App",,DEM,Holly Taylor,159,9,109,41,
Tyler,Precinct 3,"Presiding Judge, Ct of Crim App",,,Over Votes,0,0,0,0,
Tyler,Precinct 3,"Presiding Judge, Ct of Crim App",,,Under Votes,48,2,35,11,
Tyler,Precinct 3,"Judge, Ct of Crim App",7,REP,Gina Parker,729,21,551,157,
Tyler,Precinct 3,"Judge, Ct of Crim App",7,DEM,Nancy Mulder,148,9,104,35,
Tyler,Precinct 3,"Judge, Ct of Crim App",7,,Over Votes,0,0,0,0,
Tyler,Precinct 3,"Judge, Ct of Crim App",7,,Under Votes,75,2,50,23,
Tyler,Precinct 3,"Judge, Ct of Crim App",8,REP,Lee Finley,751,21,564,166,
Tyler,Precinct 3,"Judge, Ct of Crim App",8,DEM,Chika Anyiam,145,9,101,35,
Tyler,Precinct 3,"Judge, Ct of Crim App",8,,Over Votes,0,0,0,0,
Tyler,Precinct 3,"Judge, Ct of Crim App",8,,Under Votes,56,2,40,14,
Tyler,Precinct 3,State Representative,9,REP,Trent Ashby,789,26,589,174,
Tyler,Precinct 3,State Representative,9,,Over Votes,0,0,0,0,
Tyler,Precinct 3,State Representative,9,,Under Votes,163,6,116,41,
Tyler,Precinct 3,"Justice, 9th Ct of App Dist",3,REP,Leanne Johnson,771,24,581,166,
Tyler,Precinct 3,"Justice, 9th Ct of App Dist",3,,Over Votes,0,0,0,0,
Tyler,Precinct 3,"Justice, 9th Ct of App Dist",3,,Under Votes,181,8,124,49,
Tyler,Precinct 3,"Justice, 9th Ct of App Dist",4,REP,Kent Chambers,758,24,570,164,
Tyler,Precinct 3,"Justice, 9th Ct of App Dist",4,,Over Votes,0,0,0,0,
Tyler,Precinct 3,"Justice, 9th Ct of App Dist",4,,Under Votes,194,8,135,51,
Tyler,Precinct 3,Dist Judge,88,REP,Earl B. Stover III,764,25,570,169,
Tyler,Precinct 3,Dist Judge,88,,Over Votes,0,0,0,0,
Tyler,Precinct 3,Dist Judge,88,,Under Votes,188,7,135,46,
Tyler,Precinct 3,Sheriff,,REP,Bryan Weatherford,782,26,579,177,
Tyler,Precinct 3,Sheriff,,,Over Votes,0,0,0,0,
Tyler,Precinct 3,Sheriff,,,Under Votes,170,6,126,38,
Tyler,Precinct 3,County Tax Assessor-Collector,,REP,Melissa T. Carson,782,26,583,173,
Tyler,Precinct 3,County Tax Assessor-Collector,,,Over Votes,0,0,0,0,
Tyler,Precinct 3,County Tax Assessor-Collector,,,Under Votes,170,6,122,42,
Tyler,Precinct 3,County Commissioner,1,REP,Joe Blacksher,782,26,580,176,
Tyler,Precinct 3,County Commissioner,1,,Over Votes,0,0,0,0,
Tyler,Precinct 3,County Commissioner,1,,Under Votes,170,6,125,39,
Tyler,Precinct 3,Justice of the Peace-Unexp. Term,1,REP,Tina L. Self,755,25,564,166,
Tyler,Precinct 3,Justice of the Peace-Unexp. Term,1,,Over Votes,0,0,0,0,
Tyler,Precinct 3,Justice of the Peace-Unexp. Term,1,,Under Votes,197,7,141,49,
Tyler,Precinct 3,Constable,1,REP,Tim Scroggins,767,26,573,168,
Tyler,Precinct 3,Constable,1,,Over Votes,0,0,0,0,
Tyler,Precinct 3,Constable,1,,Under Votes,185,6,132,47,
Tyler,Precinct 3,Mayor City of Ivanhoe,,,"J. A. ""Skip"" Blackstone",474,16,364,94,
Tyler,Precinct 3,Mayor City of Ivanhoe,,,Over Votes,0,0,0,0,
Tyler,Precinct 3,Mayor City of Ivanhoe,,,Under Votes,142,9,111,22,
Tyler,Precinct 3,Councilman City of Ivanhoe,,,Chuck Vonderlin,170,11,137,22,
Tyler,Precinct 3,Councilman City of Ivanhoe,,,Bobby Tull,150,5,124,21,
Tyler,Precinct 3,Councilman City of Ivanhoe,,,Karen Fidler,145,4,106,35,
Tyler,Precinct 3,Councilman City of Ivanhoe,,,"Robert ""Rusty"" Harrison",142,5,114,23,
Tyler,Precinct 3,Councilman City of Ivanhoe,,,Carolyn Williams,136,4,115,17,
Tyler,Precinct 3,Councilman City of Ivanhoe,,,Joshua Daic,12,2,6,4,
Tyler,Precinct 3,Councilman City of Ivanhoe,,,Over Votes,0,0,0,0,
Tyler,Precinct 3,Councilman City of Ivanhoe,,,Under Votes,477,19,348,110,
Tyler,Precinct 3,Board of Trustees Warren ISD,3,,,Clay Brown,216,7,154,55
Tyler,Precinct 3,Board of Trustees Warren ISD,3,,,Over Votes,0,0,0,0
Tyler,Precinct 3,Board of Trustees Warren ISD,3,,,Under Votes,106,3,84,19
Tyler,Precinct 3,Board of Trustees Warren ISD,4,,,Levi N West,197,6,143,48
Tyler,Precinct 3,Board of Trustees Warren ISD,4,,,Over Votes,0,0,0,0
Tyler,Precinct 3,Board of Trustees Warren ISD,4,,,Under Votes,125,4,95,26
Tyler,Precinct 3,Board of Trustees Warren ISD,5,,,Jordan Johnston,94,1,74,19
Tyler,Precinct 3,Board of Trustees Warren ISD,5,,,Mitch Flowers,59,2,45,12
Tyler,Precinct 3,Board of Trustees Warren ISD,5,,,Wayne Pratt,44,0,28,16
Tyler,Precinct 3,Board of Trustees Warren ISD,5,,,Over Votes,0,0,0,0
Tyler,Precinct 3,Board of Trustees Warren ISD,5,,,Under Votes,125,7,91,27
Tyler,Precinct 3,Proposition 1 Local Option,,,For,646,17,478,151,
Tyler,Precinct 3,Proposition 1 Local Option,,,Against,223,10,172,41,
Tyler,Precinct 3,Proposition 1 Local Option,,,Over Votes,0,0,0,0,
Tyler,Precinct 3,Proposition 1 Local Option,,,Under Votes,64,5,42,17,
Tyler,Precinct 4,Registered Voters,,,,1413,,,,
Tyler,Precinct 4,Ballots Cast,,,,985,18,666,301,
Tyler,Precinct 4,Ballots Cast Blank,,,,0,0,0,0,
Tyler,Precinct 4,President,,REP,Donald J. Trump,883,14,609,260,
Tyler,Precinct 4,President,,DEM,Kamala D. Harris,94,4,52,38,
Tyler,Precinct 4,President,,LIB,Chase Oliver,3,0,1,2,
Tyler,Precinct 4,President,,GRN,Jill Stein,2,0,2,0,
Tyler,Precinct 4,President,,,Write-ins,2,0,1,1,
Tyler,Precinct 4,President,,,Over Votes,0,0,0,0,
Tyler,Precinct 4,President,,,Under Votes,1,0,1,0,
Tyler,Precinct 4,U.S. Senate,,REP,Ted Cruz,857,14,601,242,
Tyler,Precinct 4,U.S. Senate,,DEM,Colin Allred,101,4,53,44,
Tyler,Precinct 4,U.S. Senate,,LIB,Ted Brown,18,0,9,9,
Tyler,Precinct 4,U.S. Senate,,,Write-ins,0,0,0,0,
Tyler,Precinct 4,U.S. Senate,,,Over Votes,0,0,0,0,
Tyler,Precinct 4,U.S. Senate,,,Under Votes,9,0,3,6,
Tyler,Precinct 4,U.S. House,36,REP,Brian Babin,878,14,606,258,
Tyler,Precinct 4,U.S. House,36,DEM,Dayna Steele,89,4,51,34,
Tyler,Precinct 4,U.S. House,36,,Over Votes,0,0,0,0,
Tyler,Precinct 4,U.S. House,36,,Under Votes,18,0,9,9,
Tyler,Precinct 4,Railroad Commissioner,,REP,Christi Craddick,846,12,587,247,
Tyler,Precinct 4,Railroad Commissioner,,DEM,Katherine Culbert,83,3,51,29,
Tyler,Precinct 4,Railroad Commissioner,,LIB,Hawk Dunlap,23,0,15,8,
Tyler,Precinct 4,Railroad Commissioner,,GRN,Eddie Espinoza,2,0,1,1,
Tyler,Precinct 4,Railroad Commissioner,,,Write-ins,0,0,0,0,
Tyler,Precinct 4,Railroad Commissioner,,,Over Votes,0,0,0,0,
Tyler,Precinct 4,Railroad Commissioner,,,Under Votes,31,3,12,16,
Tyler,Precinct 4,"Justice, Supreme Court",2,REP,Jimmy Blacklock,869,12,603,254,
Tyler,Precinct 4,"Justice, Supreme Court",2,DEM,DaSean Jones,86,3,51,32,
Tyler,Precinct 4,"Justice, Supreme Court",2,,Over Votes,0,0,0,0,
Tyler,Precinct 4,"Justice, Supreme Court",2,,Under Votes,30,3,12,15,
Tyler,Precinct 4,"Justice, Supreme Court",4,REP,John Devine,850,12,594,244,
Tyler,Precinct 4,"Justice, Supreme Court",4,DEM,Christine Vinh Weems,99,3,58,38,
Tyler,Precinct 4,"Justice, Supreme Court",4,,Over Votes,0,0,0,0,
Tyler,Precinct 4,"Justice, Supreme Court",4,,Under Votes,55,5,32,18,
Tyler,Precinct 4,"Justice, Supreme Court",6,REP,Jane Bland,841,12,582,247,
Tyler,Precinct 4,"Justice, Supreme Court",6,DEM,Bonnie Lee Goldstein,87,3,54,30,
Tyler,Precinct 4,"Justice, Supreme Court",6,LIB,J. David Roberson,24,0,15,9,
Tyler,Precinct 4,"Justice, Supreme Court",6,,Over Votes,0,0,0,0,
Tyler,Precinct 4,"Justice, Supreme Court",6,,Under Votes,33,3,15,15,
Tyler,Precinct 4,"Presiding Judge, Ct of Crim App",,REP,David J. Schenck,854,12,592,250,
Tyler,Precinct 4,"Presiding Judge, Ct of Crim App",,DEM,Holly Taylor,91,3,55,33,
Tyler,Precinct 4,"Presiding Judge, Ct of Crim App",,,Over Votes,0,0,0,0,
Tyler,Precinct 4,"Presiding Judge, Ct of Crim App",,,Under Votes,40,3,19,18,
Tyler,Precinct 4,"Judge, Ct of Crim App",7,REP,Gina Parker,846,12,582,252,
Tyler,Precinct 4,"Judge, Ct of Crim App",7,DEM,Nancy Mulder,80,3,49,28,
Tyler,Precinct 4,"Judge, Ct of Crim App",7,,Over Votes,0,0,0,0,
Tyler,Precinct 4,"Judge, Ct of Crim App",7,,Under Votes,59,3,35,21,
Tyler,Precinct 4,"Judge, Ct of Crim App",8,REP,Lee Finley,865,12,598,255,
Tyler,Precinct 4,"Judge, Ct of Crim App",8,DEM,Chika Anyiam,82,3,51,28,
Tyler,Precinct 4,"Judge, Ct of Crim App",8,,Over Votes,0,0,0,0,
Tyler,Precinct 4,"Judge, Ct of Crim App",8,,Under Votes,38,3,17,18,
Tyler,Precinct 4,State Representative,9,REP,Trent Ashby,872,12,598,262,
Tyler,Precinct 4,State Representative,9,,Over Votes,0,0,0,0,
Tyler,Precinct 4,State Representative,9,,Under Votes,113,6,68,39,
Tyler,Precinct 4,"Justice, 9th Ct of App Dist",3,REP,Leanne Johnson,862,12,590,260,
Tyler,Precinct 4,"Justice, 9th Ct of App Dist",3,,Over Votes,0,0,0,0,
Tyler,Precinct 4,"Justice, 9th Ct of App Dist",3,,Under Votes,123,6,76,41,
Tyler,Precinct 4,"Justice, 9th Ct of App Dist",4,REP,Kent Chambers,845,12,580,253,
Tyler,Precinct 4,"Justice, 9th Ct of App Dist",4,,Over Votes,0,0,0,0,
Tyler,Precinct 4,"Justice, 9th Ct of App Dist",4,,Under Votes,140,6,86,48,
Tyler,Precinct 4,Dist Judge,88,REP,Earl B. Stover III,520,25,420,75,
Tyler,Precinct 4,Dist Judge,88,,Over Votes,0,0,0,0,
Tyler,Precinct 4,Dist Judge,88,,Under Votes,166,6,124,36,
Tyler,Precinct 4,Sheriff,,REP,Bryan Weatherford,556,23,445,88,
Tyler,Precinct 4,Sheriff,,,Over Votes,0,0,0,0,
Tyler,Precinct 4,Sheriff,,,Under Votes,130,8,99,23,
Tyler,Precinct 4,County Tax Assessor-Collector,,REP,Melissa T. Carson,531,25,428,78,
Tyler,Precinct 4,County Tax Assessor-Collector,,,Over Votes,0,0,0,0,
Tyler,Precinct 4,County Tax Assessor-Collector,,,Under Votes,155,6,116,33,
Tyler,Precinct 4,County Commissioner,1,REP,Joe Blacksher,861,12,586,263,
Tyler,Precinct 4,County Commissioner,1,,Over Votes,0,0,0,0,
Tyler,Precinct 4,County Commissioner,1,,Under Votes,124,6,80,38,
Tyler,Precinct 4,Justice of the Peace-Unexp. Term,1,REP,Tina L. Self,841,12,573,256,
Tyler,Precinct 4,Justice of the Peace-Unexp. Term,1,,Over Votes,0,0,0,0,
Tyler,Precinct 4,Justice of the Peace-Unexp. Term,1,,Under Votes,144,6,93,45,
Tyler,Precinct 4,Constable,1,REP,Tim Scroggins,832,12,566,254,
Tyler,Precinct 4,Constable,1,,Over Votes,0,0,0,0,
Tyler,Precinct 4,Constable,1,,Under Votes,153,6,100,47,
Tyler,Precinct 4,Board of Trustees Warren ISD,3,,,Clay Brown,804,11,536,257
Tyler,Precinct 4,Board of Trustees Warren ISD,3,,,Over Votes,0,0,0,0
Tyler,Precinct 4,Board of Trustees Warren ISD,3,,,Under Votes,171,7,120,44
Tyler,Precinct 4,Board of Trustees Warren ISD,4,,,Levi N West,746,12,502,232
Tyler,Precinct 4,Board of Trustees Warren ISD,4,,,Over Votes,0,0,0,0
Tyler,Precinct 4,Board of Trustees Warren ISD,4,,,Under Votes,229,6,154,69
Tyler,Precinct 4,Board of Trustees Warren ISD,5,,,Jordan Johnston,422,6,283,133
Tyler,Precinct 4,Board of Trustees Warren ISD,5,,,Wayne Pratt,117,1,81,35
Tyler,Precinct 4,Board of Trustees Warren ISD,5,,,Mitch Flowers,198,0,129,69
Tyler,Precinct 4,Board of Trustees Warren ISD,5,,,Over Votes,0,0,0,0
Tyler,Precinct 4,Board of Trustees Warren ISD,5,,,Under Votes,238,11,163,64
Tyler,Precinct 4,Proposition 1 Local Option,,,For,636,12,407,217,
Tyler,Precinct 4,Proposition 1 Local Option,,,Against,292,3,221,68,
Tyler,Precinct 4,Proposition 1 Local Option,,,Over Votes,0,0,0,0,
Tyler,Precinct 4,Proposition 1 Local Option,,,Under Votes,49,3,30,16,
Tyler,Precinct 4,PROPOSITION 1 ESD8-WILDWOOD,,FOR,FOR,210,10,102,98,
Tyler,Precinct 4,PROPOSITION 1 ESD8-WILDWOOD,,AGAINST,AGAINST,88,1,45,42,
Tyler,Precinct 4,PROPOSITION 1 ESD8-WILDWOOD,,,Over Votes,0,0,0,0,
Tyler,Precinct 4,PROPOSITION 1 ESD8-WILDWOOD,,,Under Votes,11,0,7,4,
Tyler,Precinct 5,Registered Voters,,,,286,,,,
Tyler,Precinct 5,Ballots Cast,,,,165,4,107,54,
Tyler,Precinct 5,Ballots Cast Blank,,,,0,0,0,0,
Tyler,Precinct 5,President,,REP,Donald J. Trump,108,2,79,27,
Tyler,Precinct 5,President,,DEM,Kamala D. Harris,57,2,28,27,
Tyler,Precinct 5,President,,LIB,Chase Oliver,0,0,0,0,
Tyler,Precinct 5,President,,GRN,Jill Stein,0,0,0,0,
Tyler,Precinct 5,President,,,Write-ins,0,0,0,0,
Tyler,Precinct 5,President,,,Over Votes,0,0,0,0,
Tyler,Precinct 5,President,,,Under Votes,0,0,0,0,
Tyler,Precinct 5,U.S. Senate,,REP,Ted Cruz,103,3,75,25,
Tyler,Precinct 5,U.S. Senate,,DEM,Colin Allred,60,1,31,28,
Tyler,Precinct 5,U.S. Senate,,LIB,Ted Brown,1,0,1,0,
Tyler,Precinct 5,U.S. Senate,,,Write-ins,0,0,0,0,
Tyler,Precinct 5,U.S. Senate,,,Over Votes,0,0,0,0,
Tyler,Precinct 5,U.S. Senate,,,Under Votes,1,0,0,1,
Tyler,Precinct 5,U.S. House,36,REP,Brian Babin,110,3,79,28,
Tyler,Precinct 5,U.S. House,36,DEM,Dayna Steele,51,0,27,24,
Tyler,Precinct 5,U.S. House,36,,Over Votes,0,0,0,0,
Tyler,Precinct 5,U.S. House,36,,Under Votes,4,1,1,2,
Tyler,Precinct 5,Railroad Commissioner,,REP,Christi Craddick,99,3,75,21,
Tyler,Precinct 5,Railroad Commissioner,,DEM,Katherine Culbert,49,1,27,21,
Tyler,Precinct 5,Railroad Commissioner,,LIB,Hawk Dunlap,6,0,3,3,
Tyler,Precinct 5,Railroad Commissioner,,GRN,Eddie Espinoza,3,0,0,3,
Tyler,Precinct 5,Railroad Commissioner,,,Write-ins,0,0,0,0,
Tyler,Precinct 5,Railroad Commissioner,,,Over Votes,0,0,0,0,
Tyler,Precinct 5,Railroad Commissioner,,,Under Votes,8,0,2,6,
Tyler,Precinct 5,"Justice, Supreme Court",2,REP,Jimmy Blacklock,105,2,77,26,
Tyler,Precinct 5,"Justice, Supreme Court",2,DEM,DaSean Jones,52,2,27,23,
Tyler,Precinct 5,"Justice, Supreme Court",2,,Over Votes,0,0,0,0,
Tyler,Precinct 5,"Justice, Supreme Court",2,,Under Votes,8,0,3,5,
Tyler,Precinct 5,"Justice, Supreme Court",4,REP,John Devine,103,3,76,24,
Tyler,Precinct 5,"Justice, Supreme Court",4,DEM,Christine Vinh Weems,54,1,28,25,
Tyler,Precinct 5,"Justice, Supreme Court",4,,Over Votes,0,0,0,0,
Tyler,Precinct 5,"Justice, Supreme Court",4,,Under Votes,8,0,3,5,
Tyler,Precinct 5,"Justice, Supreme Court",6,REP,Jane Bland,99,2,73,24,
Tyler,Precinct 5,"Justice, Supreme Court",6,DEM,Bonnie Lee Goldstein,52,1,27,24,
Tyler,Precinct 5,"Justice, Supreme Court",6,LIB,J. David Roberson,5,1,3,1,
Tyler,Precinct 5,"Justice, Supreme Court",6,,Over Votes,0,0,0,0,
Tyler,Precinct 5,"Justice, Supreme Court",6,,Under Votes,9,0,4,5,
Tyler,Precinct 5,"Presiding Judge, Ct of Crim App",,REP,David J. Schenck,102,3,74,25,
Tyler,Precinct 5,"Presiding Judge, Ct of Crim App",,DEM,Holly Taylor,53,1,28,24,
Tyler,Precinct 5,"Presiding Judge, Ct of Crim App",,,Over Votes,0,0,0,0,
Tyler,Precinct 5,"Presiding Judge, Ct of Crim App",,,Under Votes,10,0,5,5,
Tyler,Precinct 5,"Judge, Ct of Crim App",7,REP,Gina Parker,100,1,75,24,
Tyler,Precinct 5,"Judge, Ct of Crim App",7,DEM,Nancy Mulder,52,2,25,25,
Tyler,Precinct 5,"Judge, Ct of Crim App",7,,Over Votes,0,0,0,0,
Tyler,Precinct 5,"Judge, Ct of Crim App",7,,Under Votes,13,1,7,5,
Tyler,Precinct 5,"Judge, Ct of Crim App",8,REP,Lee Finley,101,3,74,24,
Tyler,Precinct 5,"Judge, Ct of Crim App",8,DEM,Chika Anyiam,52,1,27,24,
Tyler,Precinct 5,"Judge, Ct of Crim App",8,,Over Votes,0,0,0,0,
Tyler,Precinct 5,"Judge, Ct of Crim App",8,,Under Votes,12,0,6,6,
Tyler,Precinct 5,State Representative,9,REP,Trent Ashby,121,3,82,36,
Tyler,Precinct 5,State Representative,9,,Over Votes,0,0,0,0,
Tyler,Precinct 5,State Representative,9,,Under Votes,44,1,25,18,
Tyler,Precinct 5,"Justice, 9th Ct of App Dist",3,REP,Leanne Johnson,120,3,83,34,
Tyler,Precinct 5,"Justice, 9th Ct of App Dist",3,,Over Votes,0,0,0,0,
Tyler,Precinct 5,"Justice, 9th Ct of App Dist",3,,Under Votes,45,1,24,20,
Tyler,Precinct 5,"Justice, 9th Ct of App Dist",4,REP,Kent Chambers,118,3,82,33,
Tyler,Precinct 5,"Justice, 9th Ct of App Dist",4,,Over Votes,0,0,0,0,
Tyler,Precinct 5,"Justice, 9th Ct of App Dist",4,,Under Votes,47,1,25,21,
Tyler,Precinct 5,Dist Judge,88,REP,Earl B. Stover III,120,3,83,34,
Tyler,Precinct 5,Dist Judge,88,,Over Votes,0,0,0,0,
Tyler,Precinct 5,Dist Judge,88,,Under Votes,45,1,24,20,
Tyler,Precinct 5,Sheriff,,REP,Bryan Weatherford,125,3,83,39,
Tyler,Precinct 5,Sheriff,,,Over Votes,0,0,0,0,
Tyler,Precinct 5,Sheriff,,,Under Votes,40,1,24,15,
Tyler,Precinct 5,County Tax Assessor-Collector,,REP,Melissa T. Carson,125,3,85,37,
Tyler,Precinct 5,County Tax Assessor-Collector,,,Over Votes,0,0,0,0,
Tyler,Precinct 5,County Tax Assessor-Collector,,,Under Votes,40,1,22,17,
Tyler,Precinct 5,County Commissioner,3,REP,Mike Marshall,119,3,79,37,
Tyler,Precinct 5,County Commissioner,3,,Over Votes,0,0,0,0,
Tyler,Precinct 5,County Commissioner,3,,Under Votes,46,1,28,17,
Tyler,Precinct 5,Constable,3,REP,Tony Reynolds,131,3,91,37,
Tyler,Precinct 5,Constable,3,,Over Votes,0,0,0,0,
Tyler,Precinct 5,Constable,3,,Under Votes,34,1,16,17,
Tyler,Precinct 5,Board of Trustees Colmesneil ISD,,,Roger Connolly,16,1,7,8,
Tyler,Precinct 5,Board of Trustees Colmesneil ISD,,,Twyla Darder,9,0,3,6,
Tyler,Precinct 5,Board of Trustees Colmesneil ISD,,,Donna Davis Lee,8,0,5,3,
Tyler,Precinct 5,Board of Trustees Colmesneil ISD,,,Kris Lindsey,8,0,4,4,
Tyler,Precinct 5,Board of Trustees Colmesneil ISD,,,Nicholas Young,3,0,0,3,
Tyler,Precinct 5,Board of Trustees Colmesneil ISD,,,Over Votes,2,0,2,0,
Tyler,Precinct 5,Board of Trustees Colmesneil ISD,,,Under Votes,42,1,29,12,
Tyler,Precinct 6,Registered Voters,,,,408,,,,
Tyler,Precinct 6,Ballots Cast,,,,314,11,159,144,
Tyler,Precinct 6,Ballots Cast Blank,,,,0,0,0,0,
Tyler,Precinct 6,President,,REP,Donald J. Trump,272,9,135,128,
Tyler,Precinct 6,President,,DEM,Kamala D. Harris,40,2,22,16,
Tyler,Precinct 6,President,,LIB,Chase Oliver,1,0,1,0,
Tyler,Precinct 6,President,,GRN,Jill Stein,1,0,1,0,
Tyler,Precinct 6,President,,,Write-ins,0,0,0,0,
Tyler,Precinct 6,President,,,Over Votes,0,0,0,0,
Tyler,Precinct 6,President,,,Under Votes,0,0,0,0,
Tyler,Precinct 6,U.S. Senate,,REP,Ted Cruz,269,9,135,125,
Tyler,Precinct 6,U.S. Senate,,DEM,Colin Allred,40,2,22,16,
Tyler,Precinct 6,U.S. Senate,,LIB,Ted Brown,3,0,1,2,
Tyler,Precinct 6,U.S. Senate,,,Write-ins,0,0,0,0,
Tyler,Precinct 6,U.S. Senate,,,Over Votes,0,0,0,0,
Tyler,Precinct 6,U.S. Senate,,,Under Votes,2,0,1,1,
Tyler,Precinct 6,U.S. House,36,REP,Brian Babin,273,9,135,129,
Tyler,Precinct 6,U.S. House,36,DEM,Dayna Steele,37,2,22,13,
Tyler,Precinct 6,U.S. House,36,,Over Votes,0,0,0,0,
Tyler,Precinct 6,U.S. House,36,,Under Votes,4,0,2,2,
Tyler,Precinct 6,Railroad Commissioner,,REP,Christi Craddick,265,9,133,123,
Tyler,Precinct 6,Railroad Commissioner,,DEM,Katherine Culbert,31,2,18,11,
Tyler,Precinct 6,Railroad Commissioner,,LIB,Hawk Dunlap,4,0,4,0,
Tyler,Precinct 6,Railroad Commissioner,,GRN,Eddie Espinoza,2,0,0,2,
Tyler,Precinct 6,Railroad Commissioner,,,Write-ins,1,0,1,0,
Tyler,Precinct 6,Railroad Commissioner,,,Over Votes,0,0,0,0,
Tyler,Precinct 6,Railroad Commissioner,,,Under Votes,11,0,3,8,
Tyler,Precinct 6,"Justice, Supreme Court",2,REP,Jimmy Blacklock,271,9,138,124,
Tyler,Precinct 6,"Justice, Supreme Court",2,DEM,DaSean Jones,33,2,19,12,
Tyler,Precinct 6,"Justice, Supreme Court",2,,Over Votes,0,0,0,0,
Tyler,Precinct 6,"Justice, Supreme Court",2,,Under Votes,10,0,2,8,
Tyler,Precinct 6,"Justice, Supreme Court",4,REP,John Devine,266,9,135,122,
Tyler,Precinct 6,"Justice, Supreme Court",4,DEM,Christine Vinh Weems,38,2,20,16,
Tyler,Precinct 6,"Justice, Supreme Court",4,,Over Votes,0,0,0,0,
Tyler,Precinct 6,"Justice, Supreme Court",4,,Under Votes,10,0,4,6,
Tyler,Precinct 6,"Justice, Supreme Court",6,REP,Jane Bland,269,9,136,124,
Tyler,Precinct 6,"Justice, Supreme Court",6,DEM,Bonnie Lee Goldstein,33,2,19,12,
Tyler,Precinct 6,"Justice, Supreme Court",6,LIB,J. David Roberson,3,0,1,2,
Tyler,Precinct 6,"Justice, Supreme Court",6,,Over Votes,0,0,0,0,
Tyler,Precinct 6,"Justice, Supreme Court",6,,Under Votes,9,0,3,6,
Tyler,Precinct 6,"Presiding Judge, Ct of Crim App",,REP,David J. Schenck,270,9,137,124,
Tyler,Precinct 6,"Presiding Judge, Ct of Crim App",,DEM,Holly Taylor,37,2,20,15,
Tyler,Precinct 6,"Presiding Judge, Ct of Crim App",,,Over Votes,0,0,0,0,
Tyler,Precinct 6,"Presiding Judge, Ct of Crim App",,,Under Votes,7,0,2,5,
Tyler,Precinct 6,"Judge, Ct of Crim App",7,REP,Gina Parker,271,9,137,125,
Tyler,Precinct 6,"Judge, Ct of Crim App",7,DEM,Nancy Mulder,32,2,19,11,
Tyler,Precinct 6,"Judge, Ct of Crim App",7,,Over Votes,0,0,0,0,
Tyler,Precinct 6,"Judge, Ct of Crim App",7,,Under Votes,11,0,3,8,
Tyler,Precinct 6,"Judge, Ct of Crim App",8,REP,Lee Finley,269,9,134,126,
Tyler,Precinct 6,"Judge, Ct of Crim App",8,DEM,Chika Anyiam,33,2,20,11,
Tyler,Precinct 6,"Judge, Ct of Crim App",8,,Over Votes,0,0,0,0,
Tyler,Precinct 6,"Judge, Ct of Crim App",8,,Under Votes,12,0,5,7,
Tyler,Precinct 6,State Representative,9,REP,Trent Ashby,275,10,138,127,
Tyler,Precinct 6,State Representative,9,,Over Votes,0,0,0,0,
Tyler,Precinct 6,State Representative,9,,Under Votes,39,1,21,17,
Tyler,Precinct 6,"Justice, 9th Ct of App Dist",3,REP,Leanne Johnson,275,11,139,125,
Tyler,Precinct 6,"Justice, 9th Ct of App Dist",3,,Over Votes,0,0,0,0,
Tyler,Precinct 6,"Justice, 9th Ct of App Dist",3,,Under Votes,39,0,20,19,
Tyler,Precinct 6,"Justice, 9th Ct of App Dist",4,REP,Kent Chambers,274,11,141,122,
Tyler,Precinct 6,"Justice, 9th Ct of App Dist",4,,Over Votes,0,0,0,0,
Tyler,Precinct 6,"Justice, 9th Ct of App Dist",4,,Under Votes,40,0,18,22,
Tyler,Precinct 6,Dist Judge,88,REP,Earl B. Stover III,273,11,144,118,
Tyler,Precinct 6,Dist Judge,88,,Over Votes,0,0,0,0,
Tyler,Precinct 6,Dist Judge,88,,Under Votes,41,0,15,26,
Tyler,Precinct 6,Sheriff,,REP,Bryan Weatherford,276,11,141,124,
Tyler,Precinct 6,Sheriff,,,Over Votes,0,0,0,0,
Tyler,Precinct 6,Sheriff,,,Under Votes,38,0,18,20,
Tyler,Precinct 6,County Tax Assessor-Collector,,REP,Melissa T. Carson,275,11,140,124,
Tyler,Precinct 6,County Tax Assessor-Collector,,,Over Votes,0,0,0,0,
Tyler,Precinct 6,County Tax Assessor-Collector,,,Under Votes,39,0,19,20,
Tyler,Precinct 6,County Commissioner,1,REP,Joe Blacksher,275,11,142,122,
Tyler,Precinct 6,County Commissioner,1,,Over Votes,0,0,0,0,
Tyler,Precinct 6,County Commissioner,1,,Under Votes,39,0,17,22,
Tyler,Precinct 6,Justice of the Peace-Unexp. Term,1,REP,Tina L. Self,270,11,139,120,
Tyler,Precinct 6,Justice of the Peace-Unexp. Term,1,,Over Votes,0,0,0,0,
Tyler,Precinct 6,Justice of the Peace-Unexp. Term,1,,Under Votes,44,0,20,24,
Tyler,Precinct 6,Constable,1,REP,Tim Scroggins,272,11,140,121,
Tyler,Precinct 6,Constable,1,,Over Votes,0,0,0,0,
Tyler,Precinct 6,Constable,1,,Under Votes,42,0,19,23,
Tyler,Precinct 6,Board of Trustees Warren ISD,3,,,Clay Brown,233,10,114,109
Tyler,Precinct 6,Board of Trustees Warren ISD,3,,,Over Votes,0,0,0,0
Tyler,Precinct 6,Board of Trustees Warren ISD,3,,,Under Votes,76,1,40,35
Tyler,Precinct 6,Board of Trustees Warren ISD,4,,,Levi N West,227,11,108,108
Tyler,Precinct 6,Board of Trustees Warren ISD,4,,,Over Votes,0,0,0,0
Tyler,Precinct 6,Board of Trustees Warren ISD,4,,,Under Votes,82,0,46,36
Tyler,Precinct 6,Board of Trustees Warren ISD,5,,,Jordan Johnston,123,3,68,52
Tyler,Precinct 6,Board of Trustees Warren ISD,5,,,Wayne Pratt,78,7,24,47
Tyler,Precinct 6,Board of Trustees Warren ISD,5,,,Mitch Flowers,41,1,25,15
Tyler,Precinct 6,Board of Trustees Warren ISD,5,,,Over Votes,0,0,0,0
Tyler,Precinct 6,Board of Trustees Warren ISD,5,,,Under Votes,67,0,37,30
Tyler,Precinct 6,Proposition 1 Local Option,,,For,210,10,103,97,
Tyler,Precinct 6,Proposition 1 Local Option,,,Against,76,1,40,35,
Tyler,Precinct 6,Proposition 1 Local Option,,,Over Votes,1,0,0,1,
Tyler,Precinct 6,Proposition 1 Local Option,,,Under Votes,23,0,12,11,
Tyler,Precinct 6,PROPOSITION 1 ESD8-WILDWOOD,,FOR,FOR,210,10,102,98,
Tyler,Precinct 6,PROPOSITION 1 ESD8-WILDWOOD,,AGAINST,AGAINST,88,1,45,42,
Tyler,Precinct 6,PROPOSITION 1 ESD8-WILDWOOD,,,Over Votes,0,0,0,0,
Tyler,Precinct 6,PROPOSITION 1 ESD8-WILDWOOD,,,Under Votes,11,0,7,4,
Tyler,Precinct 7,Registered Voters,,,,652,,,,
Tyler,Precinct 7,Ballots Cast,,,,491,18,312,161,
Tyler,Precinct 7,Ballots Cast Blank,,,,0,0,0,0,
Tyler,Precinct 7,President,,REP,Donald J. Trump,448,14,284,150,
Tyler,Precinct 7,President,,DEM,Kamala D. Harris,33,4,24,5,
Tyler,Precinct 7,President,,LIB,Chase Oliver,2,0,2,0,
Tyler,Precinct 7,President,,GRN,Jill Stein,1,0,1,0,
Tyler,Precinct 7,President,,,Write-ins,2,0,0,2,
Tyler,Precinct 7,President,,,Over Votes,0,0,0,0,
Tyler,Precinct 7,President,,,Under Votes,5,0,1,4,
Tyler,Precinct 7,U.S. Senate,,REP,Ted Cruz,436,14,281,141,
Tyler,Precinct 7,U.S. Senate,,DEM,Colin Allred,41,4,27,10,
Tyler,Precinct 7,U.S. Senate,,LIB,Ted Brown,6,0,2,4,
Tyler,Precinct 7,U.S. Senate,,,Write-ins,0,0,0,0,
Tyler,Precinct 7,U.S. Senate,,,Over Votes,0,0,0,0,
Tyler,Precinct 7,U.S. Senate,,,Under Votes,7,0,2,5,
Tyler,Precinct 7,U.S. House,36,REP,Brian Babin,449,14,285,150,
Tyler,Precinct 7,U.S. House,36,DEM,Dayna Steele,33,4,23,6,
Tyler,Precinct 7,U.S. House,36,,Over Votes,0,0,0,0,
Tyler,Precinct 7,U.S. House,36,,Under Votes,9,0,4,5,
Tyler,Precinct 7,Railroad Commissioner,,REP,Christi Craddick,426,14,266,146,
Tyler,Precinct 7,Railroad Commissioner,,DEM,Katherine Culbert,30,3,23,4,
Tyler,Precinct 7,Railroad Commissioner,,LIB,Hawk Dunlap,11,0,8,3,
Tyler,Precinct 7,Railroad Commissioner,,GRN,Eddie Espinoza,2,0,2,0,
Tyler,Precinct 7,Railroad Commissioner,,,Write-ins,1,0,0,1,
Tyler,Precinct 7,Railroad Commissioner,,,Over Votes,0,0,0,0,
Tyler,Precinct 7,Railroad Commissioner,,,Under Votes,21,1,13,7,
Tyler,Precinct 7,"Justice, Supreme Court",2,REP,Jimmy Blacklock,438,14,276,148,
Tyler,Precinct 7,"Justice, Supreme Court",2,DEM,DaSean Jones,29,3,22,4,
Tyler,Precinct 7,"Justice, Supreme Court",2,,Over Votes,0,0,0,0,
Tyler,Precinct 7,"Justice, Supreme Court",2,,Under Votes,24,1,14,9,
Tyler,Precinct 7,"Justice, Supreme Court",4,REP,John Devine,429,14,268,147,
Tyler,Precinct 7,"Justice, Supreme Court",4,DEM,Christine Vinh Weems,35,4,27,4,
Tyler,Precinct 7,"Justice, Supreme Court",4,,Over Votes,0,0,0,0,
Tyler,Precinct 7,"Justice, Supreme Court",4,,Under Votes,27,0,17,10,
Tyler,Precinct 7,"Justice, Supreme Court",6,REP,Jane Bland,429,14,273,142,
Tyler,Precinct 7,"Justice, Supreme Court",6,DEM,Bonnie Lee Goldstein,32,4,23,5,
Tyler,Precinct 7,"Justice, Supreme Court",6,LIB,J. David Roberson,6,0,3,3,
Tyler,Precinct 7,"Justice, Supreme Court",6,,Over Votes,0,0,0,0,
Tyler,Precinct 7,"Justice, Supreme Court",6,,Under Votes,24,0,13,11,
Tyler,Precinct 7,"Presiding Judge, Ct of Crim App",,REP,David J. Schenck,430,14,272,144,
Tyler,Precinct 7,"Presiding Judge, Ct of Crim App",,DEM,Holly Taylor,37,4,26,7,
Tyler,Precinct 7,"Presiding Judge, Ct of Crim App",,,Over Votes,0,0,0,0,
Tyler,Precinct 7,"Presiding Judge, Ct of Crim App",,,Under Votes,24,0,14,10,
Tyler,Precinct 7,"Judge, Ct of Crim App",7,REP,Gina Parker,428,14,271,143,
Tyler,Precinct 7,"Judge, Ct of Crim App",7,DEM,Nancy Mulder,27,4,20,3,
Tyler,Precinct 7,"Judge, Ct of Crim App",7,,Over Votes,0,0,0,0,
Tyler,Precinct 7,"Judge, Ct of Crim App",7,,Under Votes,36,0,21,15,
Tyler,Precinct 7,"Judge, Ct of Crim App",8,REP,Lee Finley,433,14,274,145,
Tyler,Precinct 7,"Judge, Ct of Crim App",8,DEM,Chika Anyiam,32,4,24,4,
Tyler,Precinct 7,"Judge, Ct of Crim App",8,,Over Votes,0,0,0,0,
Tyler,Precinct 7,"Judge, Ct of Crim App",8,,Under Votes,26,0,14,12,
Tyler,Precinct 7,State Representative,9,REP,Trent Ashby,446,16,284,146,
Tyler,Precinct 7,State Representative,9,,Over Votes,0,0,0,0,
Tyler,Precinct 7,State Representative,9,,Under Votes,45,2,28,15,
Tyler,Precinct 7,"Justice, 9th Ct of App Dist",3,REP,Leanne Johnson,420,16,262,142,
Tyler,Precinct 7,"Justice, 9th Ct of App Dist",3,,Over Votes,0,0,0,0,
Tyler,Precinct 7,"Justice, 9th Ct of App Dist",3,,Under Votes,71,2,50,19,
Tyler,Precinct 7,"Justice, 9th Ct of App Dist",4,REP,Kent Chambers,423,16,265,142,
Tyler,Precinct 7,"Justice, 9th Ct of App Dist",4,,Over Votes,0,0,0,0,
Tyler,Precinct 7,"Justice, 9th Ct of App Dist",4,,Under Votes,68,2,47,19,
Tyler,Precinct 7,Dist Judge,88,REP,Earl B. Stover III,425,16,269,140,
Tyler,Precinct 7,Dist Judge,88,,Over Votes,0,0,0,0,
Tyler,Precinct 7,Dist Judge,88,,Under Votes,66,2,43,21,
Tyler,Precinct 7,Sheriff,,REP,Bryan Weatherford,421,16,266,139,
Tyler,Precinct 7,Sheriff,,,Over Votes,0,0,0,0,
Tyler,Precinct 7,Sheriff,,,Under Votes,70,2,46,22,
Tyler,Precinct 7,County Tax Assessor-Collector,,REP,Melissa T. Carson,421,17,264,140,
Tyler,Precinct 7,County Tax Assessor-Collector,,,Over Votes,0,0,0,0,
Tyler,Precinct 7,County Tax Assessor-Collector,,,Under Votes,70,1,48,21,
Tyler,Precinct 7,Constable,2,REP,Casey R. Whitworth,426,16,267,143,
Tyler,Precinct 7,Constable,2,,Over Votes,0,0,0,0,
Tyler,Precinct 7,Constable,2,,Under Votes,65,2,45,18,
Tyler,Precinct 7,Proposition 1 Local District Livestock,,Against,Against,369,17,228,124,
Tyler,Precinct 7,Proposition 1 Local District Livestock,,For,For,92,0,65,27,
Tyler,Precinct 7,Proposition 1 Local District Livestock,,,Over Votes,1,0,0,1,
Tyler,Precinct 7,Proposition 1 Local District Livestock,,,Under Votes,23,1,13,9,
Tyler,Precinct 7,Proposition 2 Local District Livestock,,For,For,317,15,196,106,
Tyler,Precinct 7,Proposition 2 Local District Livestock,,Against,Against,101,2,62,37,
Tyler,Precinct 7,Proposition 2 Local District Livestock,,,Over Votes,0,0,0,0,
Tyler,Precinct 7,Proposition 2 Local District Livestock,,,Under Votes,67,1,48,18,
Tyler,Precinct 8,Registered Voters,,,,208,,,,
Tyler,Precinct 8,Ballots Cast,,,,164,5,111,48,
Tyler,Precinct 8,Ballots Cast Blank,,,,0,0,0,0,
Tyler,Precinct 8,President,,REP,Donald J. Trump,145,5,100,40,
Tyler,Precinct 8,President,,DEM,Kamala D. Harris,15,0,9,6,
Tyler,Precinct 8,President,,LIB,Chase Oliver,1,0,0,1,
Tyler,Precinct 8,President,,GRN,Jill Stein,0,0,0,0,
Tyler,Precinct 8,President,,,Write-ins,0,0,0,0,
Tyler,Precinct 8,President,,,Over Votes,0,0,0,0,
Tyler,Precinct 8,President,,,Under Votes,3,0,2,1,
Tyler,Precinct 8,U.S. Senate,,REP,Ted Cruz,142,5,100,37,
Tyler,Precinct 8,U.S. Senate,,DEM,Colin Allred,15,0,9,6,
Tyler,Precinct 8,U.S. Senate,,LIB,Ted Brown,2,0,0,2,
Tyler,Precinct 8,U.S. Senate,,,Write-ins,0,0,0,0,
Tyler,Precinct 8,U.S. Senate,,,Over Votes,0,0,0,0,
Tyler,Precinct 8,U.S. Senate,,,Under Votes,5,0,2,3,
Tyler,Precinct 8,U.S. House,36,REP,Brian Babin,142,5,97,40,
Tyler,Precinct 8,U.S. House,36,DEM,Dayna Steele,17,0,11,6,
Tyler,Precinct 8,U.S. House,36,,Over Votes,0,0,0,0,
Tyler,Precinct 8,U.S. House,36,,Under Votes,5,0,3,2,
Tyler,Precinct 8,Railroad Commissioner,,REP,Christi Craddick,139,5,98,36,
Tyler,Precinct 8,Railroad Commissioner,,DEM,Katherine Culbert,13,0,8,5,
Tyler,Precinct 8,Railroad Commissioner,,LIB,Hawk Dunlap,5,0,3,2,
Tyler,Precinct 8,Railroad Commissioner,,GRN,Eddie Espinoza,1,0,0,1,
Tyler,Precinct 8,Railroad Commissioner,,,Write-ins,0,0,0,0,
Tyler,Precinct 8,Railroad Commissioner,,,Over Votes,0,0,0,0,
Tyler,Precinct 8,Railroad Commissioner,,,Under Votes,6,0,2,4,
Tyler,Precinct 8,"Justice, Supreme Court",2,REP,Jimmy Blacklock,144,5,101,38,
Tyler,Precinct 8,"Justice, Supreme Court",2,DEM,DaSean Jones,14,0,8,6,
Tyler,Precinct 8,"Justice, Supreme Court",2,,Over Votes,0,0,0,0,
Tyler,Precinct 8,"Justice, Supreme Court",2,,Under Votes,6,0,2,4,
Tyler,Precinct 8,"Justice, Supreme Court",4,REP,John Devine,139,5,98,36,
Tyler,Precinct 8,"Justice, Supreme Court",4,DEM,Christine Vinh Weems,16,0,9,7,
Tyler,Precinct 8,"Justice, Supreme Court",4,,Over Votes,0,0,0,0,
Tyler,Precinct 8,"Justice, Supreme Court",4,,Under Votes,9,0,4,5,
Tyler,Precinct 8,"Justice, Supreme Court",6,REP,Jane Bland,140,5,100,35,
Tyler,Precinct 8,"Justice, Supreme Court",6,DEM,Bonnie Lee Goldstein,14,0,9,5,
Tyler,Precinct 8,"Justice, Supreme Court",6,LIB,J. David Roberson,5,0,1,4,
Tyler,Precinct 8,"Justice, Supreme Court",6,,Over Votes,0,0,0,0,
Tyler,Precinct 8,"Justice, Supreme Court",6,,Under Votes,5,0,1,4,
Tyler,Precinct 8,"Presiding Judge, Ct of Crim App",,REP,David J. Schenck,142,5,99,38,
Tyler,Precinct 8,"Presiding Judge, Ct of Crim App",,DEM,Holly Taylor,16,0,10,6,
Tyler,Precinct 8,"Presiding Judge, Ct of Crim App",,,Over Votes,0,0,0,0,
Tyler,Precinct 8,"Presiding Judge, Ct of Crim App",,,Under Votes,6,0,2,4,
Tyler,Precinct 8,"Judge, Ct of Crim App",7,REP,Gina Parker,143,5,100,38,
Tyler,Precinct 8,"Judge, Ct of Crim App",7,DEM,Nancy Mulder,13,0,8,5,
Tyler,Precinct 8,"Judge, Ct of Crim App",7,,Over Votes,0,0,0,0,
Tyler,Precinct 8,"Judge, Ct of Crim App",7,,Under Votes,8,0,3,5,
Tyler,Precinct 8,"Judge, Ct of Crim App",8,REP,Lee Finley,145,5,100,40,
Tyler,Precinct 8,"Judge, Ct of Crim App",8,DEM,Chika Anyiam,13,0,9,4,
Tyler,Precinct 8,"Judge, Ct of Crim App",8,,Over Votes,0,0,0,0,
Tyler,Precinct 8,"Judge, Ct of Crim App",8,,Under Votes,6,0,2,4,
Tyler,Precinct 8,State Representative,9,REP,Trent Ashby,143,5,99,39,
Tyler,Precinct 8,State Representative,9,,Over Votes,0,0,0,0,
Tyler,Precinct 8,State Representative,9,,Under Votes,21,0,12,9,
Tyler,Precinct 8,"Justice, 9th Ct of App Dist",3,REP,Leanne Johnson,140,5,96,39,
Tyler,Precinct 8,"Justice, 9th Ct of App Dist",3,,Over Votes,0,0,0,0,
Tyler,Precinct 8,"Justice, 9th Ct of App Dist",3,,Under Votes,24,0,15,9,
Tyler,Precinct 8,"Justice, 9th Ct of App Dist",4,REP,Kent Chambers,142,5,97,40,
Tyler,Precinct 8,"Justice, 9th Ct of App Dist",4,,Over Votes,0,0,0,0,
Tyler,Precinct 8,"Justice, 9th Ct of App Dist",4,,Under Votes,22,0,14,8,
Tyler,Precinct 8,Dist Judge,88,REP,Earl B. Stover III,142,5,95,42,
Tyler,Precinct 8,Dist Judge,88,,Over Votes,0,0,0,0,
Tyler,Precinct 8,Dist Judge,88,,Under Votes,22,0,16,6,
Tyler,Precinct 8,Sheriff,,REP,Bryan Weatherford,144,5,96,43,
Tyler,Precinct 8,Sheriff,,,Over Votes,0,0,0,0,
Tyler,Precinct 8,Sheriff,,,Under Votes,20,0,15,5,
Tyler,Precinct 8,County Tax Assessor-Collector,,REP,Melissa T. Carson,139,5,93,41,
Tyler,Precinct 8,County Tax Assessor-Collector,,,Over Votes,0,0,0,0,
Tyler,Precinct 8,County Tax Assessor-Collector,,,Under Votes,25,0,18,7,
Tyler,Precinct 8,Constable,2,REP,Casey R. Whitworth,140,5,96,39,
Tyler,Precinct 8,Constable,2,,Over Votes,0,0,0,0,
Tyler,Precinct 8,Constable,2,,Under Votes,24,0,15,9,
Tyler,Precinct 8,Board of Trustees Colmesneil ISD,,,Twyla Darder,24,0,15,9,
Tyler,Precinct 8,Board of Trustees Colmesneil ISD,,,Kris Lindsey,20,0,15,5,
Tyler,Precinct 8,Board of Trustees Colmesneil ISD,,,Roger Connolly,12,1,10,1,
Tyler,Precinct 8,Board of Trustees Colmesneil ISD,,,Donna Davis Lee,7,0,2,5,
Tyler,Precinct 8,Board of Trustees Colmesneil ISD,,,Nicholas Young,2,0,0,2,
Tyler,Precinct 8,Board of Trustees Colmesneil ISD,,,Over Votes,2,2,0,0,
Tyler,Precinct 8,Board of Trustees Colmesneil ISD,,,Under Votes,59,1,48,10,
Tyler,Precinct 8,Proposition 1 Local District Livestock,,Against,Against,120,4,81,35,
Tyler,Precinct 8,Proposition 1 Local District Livestock,,For,For,31,0,21,10,
Tyler,Precinct 8,Proposition 1 Local District Livestock,,,Over Votes,0,0,0,0,
Tyler,Precinct 8,Proposition 1 Local District Livestock,,,Under Votes,10,1,6,3,
Tyler,Precinct 8,Proposition 2 Local District Livestock,,For,For,92,3,57,32,
Tyler,Precinct 8,Proposition 2 Local District Livestock,,Against,Against,35,0,23,12,
Tyler,Precinct 8,Proposition 2 Local District Livestock,,,Over Votes,0,0,0,0,
Tyler,Precinct 8,Proposition 2 Local District Livestock,,,Under Votes,34,2,28,4,
Tyler,Precinct 9,Registered Voters,,,,518,,,,
Tyler,Precinct 9,Ballots Cast,,,,345,9,235,101,
Tyler,Precinct 9,Ballots Cast Blank,,,,1,0,1,0,
Tyler,Precinct 9,President,,REP,Donald J. Trump,313,9,209,95,
Tyler,Precinct 9,President,,DEM,Kamala D. Harris,28,0,24,4,
Tyler,Precinct 9,President,,GRN,Jill Stein,1,0,1,0,
Tyler,Precinct 9,President,,LIB,Chase Oliver,0,0,0,0,
Tyler,Precinct 9,President,,,Write-ins,1,0,0,1,
Tyler,Precinct 9,President,,,Over Votes,0,0,0,0,
Tyler,Precinct 9,President,,,Under Votes,2,0,1,1,
Tyler,Precinct 9,U.S. Senate,,REP,Ted Cruz,304,9,204,91,
Tyler,Precinct 9,U.S. Senate,,DEM,Colin Allred,29,0,25,4,
Tyler,Precinct 9,U.S. Senate,,LIB,Ted Brown,5,0,3,2,
Tyler,Precinct 9,U.S. Senate,,,Write-ins,1,0,0,1,
Tyler,Precinct 9,U.S. Senate,,,Over Votes,0,0,0,0,
Tyler,Precinct 9,U.S. Senate,,,Under Votes,6,0,3,3,
Tyler,Precinct 9,U.S. House,36,REP,Brian Babin,309,9,208,92,
Tyler,Precinct 9,U.S. House,36,DEM,Dayna Steele,31,0,24,7,
Tyler,Precinct 9,U.S. House,36,,Over Votes,0,0,0,0,
Tyler,Precinct 9,U.S. House,36,,Under Votes,5,0,3,2,
Tyler,Precinct 9,Railroad Commissioner,,REP,Christi Craddick,295,9,199,87,
Tyler,Precinct 9,Railroad Commissioner,,DEM,Katherine Culbert,25,0,22,3,
Tyler,Precinct 9,Railroad Commissioner,,LIB,Hawk Dunlap,8,0,5,3,
Tyler,Precinct 9,Railroad Commissioner,,GRN,Eddie Espinoza,3,0,2,1,
Tyler,Precinct 9,Railroad Commissioner,,,Write-ins,1,0,0,1,
Tyler,Precinct 9,Railroad Commissioner,,,Over Votes,0,0,0,0,
Tyler,Precinct 9,Railroad Commissioner,,,Under Votes,13,0,7,6,
Tyler,Precinct 9,"Justice, Supreme Court",2,REP,Jimmy Blacklock,306,9,205,92,
Tyler,Precinct 9,"Justice, Supreme Court",2,DEM,DaSean Jones,26,0,24,2,
Tyler,Precinct 9,"Justice, Supreme Court",2,,Over Votes,0,0,0,0,
Tyler,Precinct 9,"Justice, Supreme Court",2,,Under Votes,13,0,6,7,
Tyler,Precinct 9,"Justice, Supreme Court",4,REP,John Devine,304,9,205,90,
Tyler,Precinct 9,"Justice, Supreme Court",4,DEM,Christine Vinh Weems,26,0,23,3,
Tyler,Precinct 9,"Justice, Supreme Court",4,,Over Votes,0,0,0,0,
Tyler,Precinct 9,"Justice, Supreme Court",4,,Under Votes,15,0,7,8,
Tyler,Precinct 9,"Justice, Supreme Court",6,REP,Jane Bland,297,9,202,86,
Tyler,Precinct 9,"Justice, Supreme Court",6,DEM,Bonnie Lee Goldstein,21,0,18,3,
Tyler,Precinct 9,"Justice, Supreme Court",6,LIB,J. David Roberson,10,0,7,3,
Tyler,Precinct 9,"Justice, Supreme Court",6,,Over Votes,0,0,0,0,
Tyler,Precinct 9,"Justice, Supreme Court",6,,Under Votes,17,0,8,9,
Tyler,Precinct 9,"Presiding Judge, Ct of Crim App",,REP,David J. Schenck,302,9,204,89,
Tyler,Precinct 9,"Presiding Judge, Ct of Crim App",,DEM,Holly Taylor,26,0,22,4,
Tyler,Precinct 9,"Presiding Judge, Ct of Crim App",,,Over Votes,0,0,0,0,
Tyler,Precinct 9,"Presiding Judge, Ct of Crim App",,,Under Votes,17,0,9,8,
Tyler,Precinct 9,"Judge, Ct of Crim App",7,REP,Gina Parker,296,9,201,86,
Tyler,Precinct 9,"Judge, Ct of Crim App",7,DEM,Nancy Mulder,25,0,22,3,
Tyler,Precinct 9,"Judge, Ct of Crim App",7,,Over Votes,0,0,0,0,
Tyler,Precinct 9,"Judge, Ct of Crim App",7,,Under Votes,24,0,12,12,
Tyler,Precinct 9,"Judge, Ct of Crim App",8,REP,Lee Finley,303,9,205,89,
Tyler,Precinct 9,"Judge, Ct of Crim App",8,DEM,Chika Anyiam,25,0,22,3,
Tyler,Precinct 9,"Judge, Ct of Crim App",8,,Over Votes,0,0,0,0,
Tyler,Precinct 9,"Judge, Ct of Crim App",8,,Under Votes,17,0,8,9,
Tyler,Precinct 9,State Representative,9,REP,Trent Ashby,313,9,213,91,
Tyler,Precinct 9,State Representative,9,,Over Votes,0,0,0,0,
Tyler,Precinct 9,State Representative,9,,Under Votes,32,0,22,10,
Tyler,Precinct 9,"Justice, 9th Ct of App Dist",3,REP,Leanne Johnson,302,9,205,88,
Tyler,Precinct 9,"Justice, 9th Ct of App Dist",3,,Over Votes,0,0,0,0,
Tyler,Precinct 9,"Justice, 9th Ct of App Dist",3,,Under Votes,43,0,30,13,
Tyler,Precinct 9,"Justice, 9th Ct of App Dist",4,REP,Kent Chambers,299,9,202,88,
Tyler,Precinct 9,"Justice, 9th Ct of App Dist",4,,Over Votes,0,0,0,0,
Tyler,Precinct 9,"Justice, 9th Ct of App Dist",4,,Under Votes,46,0,33,13,
Tyler,Precinct 9,Dist Judge,88,REP,Earl B. Stover III,299,9,202,88,
Tyler,Precinct 9,Dist Judge,88,,Over Votes,0,0,0,0,
Tyler,Precinct 9,Dist Judge,88,,Under Votes,46,0,33,13,
Tyler,Precinct 9,Sheriff,,REP,Bryan Weatherford,298,8,204,86,
Tyler,Precinct 9,Sheriff,,,Over Votes,0,0,0,0,
Tyler,Precinct 9,Sheriff,,,Under Votes,47,1,31,15,
Tyler,Precinct 9,County Tax Assessor-Collector,,REP,Melissa T. Carson,301,9,204,88,
Tyler,Precinct 9,County Tax Assessor-Collector,,,Over Votes,0,0,0,0,
Tyler,Precinct 9,County Tax Assessor-Collector,,,Under Votes,44,0,31,13,
Tyler,Precinct 9,County Commissioner,3,REP,Mike Marshall,287,9,194,84,
Tyler,Precinct 9,County Commissioner,3,,Over Votes,0,0,0,0,
Tyler,Precinct 9,County Commissioner,3,,Under Votes,58,0,41,17,
Tyler,Precinct 9,Constable,3,REP,Tony Reynolds,305,9,206,90,
Tyler,Precinct 9,Constable,3,,Over Votes,0,0,0,0,
Tyler,Precinct 9,Constable,3,,Under Votes,40,0,29,11,
Tyler,Precinct 9,Board of Trustees Colmesneil ISD,,,Donna Davis Lee,71,1,51,19,
Tyler,Precinct 9,Board of Trustees Colmesneil ISD,,,Twyla Darder,57,4,34,19,
Tyler,Precinct 9,Board of Trustees Colmesneil ISD,,,Roger Connolly,44,0,32,12,
Tyler,Precinct 9,Board of Trustees Colmesneil ISD,,,Kris Lindsey,37,1,27,9,
Tyler,Precinct 9,Board of Trustees Colmesneil ISD,,,Nicholas Young,29,0,19,10,
Tyler,Precinct 9,Board of Trustees Colmesneil ISD,,,Over Votes,2,0,0,2,
Tyler,Precinct 9,Board of Trustees Colmesneil ISD,,,Under Votes,224,4,145,75,
Tyler,Precinct 10,Registered Voters,,,,1476,,,,
Tyler,Precinct 10,Ballots Cast,,,,1029,25,706,298,
Tyler,Precinct 10,Ballots Cast Blank,,,,0,0,0,0,
Tyler,Precinct 10,President,,REP,Donald J. Trump,924,20,639,265,
Tyler,Precinct 10,President,,DEM,Kamala D. Harris,98,4,61,33,
Tyler,Precinct 10,President,,LIB,Chase Oliver,3,0,3,0,
Tyler,Precinct 10,President,,GRN,Jill Stein,0,0,0,0,
Tyler,Precinct 10,President,,,Write-ins,3,1,2,0,
Tyler,Precinct 10,President,,,Over Votes,0,0,0,0,
Tyler,Precinct 10,President,,,Under Votes,1,0,1,0,
Tyler,Precinct 10,U.S. Senate,,REP,Ted Cruz,895,18,623,254,
Tyler,Precinct 10,U.S. Senate,,DEM,Colin Allred,107,4,65,38,
Tyler,Precinct 10,U.S. Senate,,LIB,Ted Brown,19,3,14,2,
Tyler,Precinct 10,U.S. Senate,,,Write-ins,2,0,1,1,
Tyler,Precinct 10,U.S. Senate,,,Over Votes,0,0,0,0,
Tyler,Precinct 10,U.S. Senate,,,Under Votes,6,0,3,3,
Tyler,Precinct 10,U.S. House,36,REP,Brian Babin,922,20,634,268,
Tyler,Precinct 10,U.S. House,36,DEM,Dayna Steele,85,3,56,26,
Tyler,Precinct 10,U.S. House,36,,Over Votes,0,0,0,0,
Tyler,Precinct 10,U.S. House,36,,Under Votes,22,2,16,4,
Tyler,Precinct 10,Railroad Commissioner,,REP,Christi Craddick,858,16,604,238,
Tyler,Precinct 10,Railroad Commissioner,,DEM,Katherine Culbert,85,4,52,29,
Tyler,Precinct 10,Railroad Commissioner,,LIB,Hawk Dunlap,30,0,18,12,
Tyler,Precinct 10,Railroad Commissioner,,GRN,Eddie Espinoza,8,0,5,3,
Tyler,Precinct 10,Railroad Commissioner,,,Write-ins,1,0,1,0,
Tyler,Precinct 10,Railroad Commissioner,,,Over Votes,0,0,0,0,
Tyler,Precinct 10,Railroad Commissioner,,,Under Votes,47,5,26,16,
Tyler,Precinct 10,"Justice, Supreme Court",2,REP,Jimmy Blacklock,891,16,623,252,
Tyler,Precinct 10,"Justice, Supreme Court",2,DEM,DaSean Jones,82,4,51,27,
Tyler,Precinct 10,"Justice, Supreme Court",2,,Over Votes,0,0,0,0,
Tyler,Precinct 10,"Justice, Supreme Court",2,,Under Votes,56,5,32,19,
Tyler,Precinct 10,"Justice, Supreme Court",4,REP,John Devine,882,16,616,250,
Tyler,Precinct 10,"Justice, Supreme Court",4,DEM,Christine Vinh Weems,92,4,58,30,
Tyler,Precinct 10,"Justice, Supreme Court",4,,Over Votes,0,0,0,0,
Tyler,Precinct 10,"Justice, Supreme Court",4,,Under Votes,55,5,32,18,
Tyler,Precinct 10,"Justice, Supreme Court",6,REP,Jane Bland,878,16,617,245,
Tyler,Precinct 10,"Justice, Supreme Court",6,DEM,Bonnie Lee Goldstein,85,4,54,27,
Tyler,Precinct 10,"Justice, Supreme Court",6,LIB,J. David Roberson,18,0,12,6,
Tyler,Precinct 10,"Justice, Supreme Court",6,,Over Votes,1,0,0,1,
Tyler,Precinct 10,"Justice, Supreme Court",6,,Under Votes,47,5,28,14,
Tyler,Precinct 10,"Presiding Judge, Ct of Crim App",,REP,David J. Schenck,892,16,625,251,
Tyler,Precinct 10,"Presiding Judge, Ct of Crim App",,DEM,Holly Taylor,92,4,55,33,
Tyler,Precinct 10,"Presiding Judge, Ct of Crim App",,,Over Votes,0,0,0,0,
Tyler,Precinct 10,"Presiding Judge, Ct of Crim App",,,Under Votes,45,5,26,14,
Tyler,Precinct 10,"Judge, Ct of Crim App",7,REP,Gina Parker,869,16,615,238,
Tyler,Precinct 10,"Judge, Ct of Crim App",7,DEM,Nancy Mulder,83,2,52,29,
Tyler,Precinct 10,"Judge, Ct of Crim App",7,,Over Votes,0,0,0,0,
Tyler,Precinct 10,"Judge, Ct of Crim App",7,,Under Votes,77,7,39,31,
Tyler,Precinct 10,"Judge, Ct of Crim App",8,REP,Lee Finley,895,16,623,256,
Tyler,Precinct 10,"Judge, Ct of Crim App",8,DEM,Chika Anyiam,83,4,52,27,
Tyler,Precinct 10,"Judge, Ct of Crim App",8,,Over Votes,0,0,0,0,
Tyler,Precinct 10,"Judge, Ct of Crim App",8,,Under Votes,51,5,31,15,
Tyler,Precinct 10,State Representative,9,REP,Trent Ashby,916,17,636,263,
Tyler,Precinct 10,State Representative,9,,Over Votes,0,0,0,0,
Tyler,Precinct 10,State Representative,9,,Under Votes,113,8,70,35,
Tyler,Precinct 10,"Justice, 9th Ct of App Dist",3,REP,Leanne Johnson,886,15,626,245,
Tyler,Precinct 10,"Justice, 9th Ct of App Dist",3,,Over Votes,0,0,0,0,
Tyler,Precinct 10,"Justice, 9th Ct of App Dist",3,,Under Votes,143,10,80,53,
Tyler,Precinct 10,"Justice, 9th Ct of App Dist",4,REP,Kent Chambers,877,16,618,243,
Tyler,Precinct 10,"Justice, 9th Ct of App Dist",4,,Over Votes,0,0,0,0,
Tyler,Precinct 10,"Justice, 9th Ct of App Dist",4,,Under Votes,152,9,88,55,
Tyler,Precinct 10,Dist Judge,88,REP,Earl B. Stover III,884,16,623,245,
Tyler,Precinct 10,Dist Judge,88,,Over Votes,0,0,0,0,
Tyler,Precinct 10,Dist Judge,88,,Under Votes,145,9,83,53,
Tyler,Precinct 10,Sheriff,,REP,Bryan Weatherford,892,16,626,250,
Tyler,Precinct 10,Sheriff,,,Over Votes,0,0,0,0,
Tyler,Precinct 10,Sheriff,,,Under Votes,137,9,80,48,
Tyler,Precinct 10,County Tax Assessor-Collector,,REP,Melissa T. Carson,891,17,626,248,
Tyler,Precinct 10,County Tax Assessor-Collector,,,Over Votes,0,0,0,0,
Tyler,Precinct 10,County Tax Assessor-Collector,,,Under Votes,138,8,80,50,
Tyler,Precinct 10,County Commissioner,3,REP,Mike Marshall,898,17,622,259,
Tyler,Precinct 10,County Commissioner,3,,Over Votes,0,0,0,0,
Tyler,Precinct 10,County Commissioner,3,,Under Votes,131,8,84,39,
Tyler,Precinct 10,Constable,3,REP,Tony Reynolds,916,16,639,261,
Tyler,Precinct 10,Constable,3,,Over Votes,0,0,0,0,
Tyler,Precinct 10,Constable,3,,Under Votes,113,9,67,37,
Tyler,Precinct 10,Board of Trustees Colmesneil ISD,,,Twyla Darder,357,11,237,109,
Tyler,Precinct 10,Board of Trustees Colmesneil ISD,,,Donna Davis Lee,273,7,184,82,
Tyler,Precinct 10,Board of Trustees Colmesneil ISD,,,Roger Connolly,266,3,170,93,
Tyler,Precinct 10,Board of Trustees Colmesneil ISD,,,Kris Lindsey,243,3,161,79,
Tyler,Precinct 10,Board of Trustees Colmesneil ISD,,,Nicholas Young,103,2,75,26,
Tyler,Precinct 10,Board of Trustees Colmesneil ISD,,,Over Votes,16,2,8,6,
Tyler,Precinct 10,Board of Trustees Colmesneil ISD,,,Under Votes,784,22,561,201,
Tyler,Precinct 11,Registered Voters,,,,130,,,,
Tyler,Precinct 11,Ballots Cast,,,,91,4,44,43,
Tyler,Precinct 11,Ballots Cast Blank,,,,1,0,0,1,
Tyler,Precinct 11,President,,REP,Donald J. Trump,83,4,41,38,
Tyler,Precinct 11,President,,DEM,Kamala D. Harris,6,0,3,3,
Tyler,Precinct 11,President,,LIB,Chase Oliver,0,0,0,0,
Tyler,Precinct 11,President,,GRN,Jill Stein,0,0,0,0,
Tyler,Precinct 11,President,,,Write-ins,1,0,0,1,
Tyler,Precinct 11,President,,,Over Votes,0,0,0,0,
Tyler,Precinct 11,President,,,Under Votes,1,0,0,1,
Tyler,Precinct 11,U.S. Senate,,REP,Ted Cruz,81,4,39,38,
Tyler,Precinct 11,U.S. Senate,,DEM,Colin Allred,9,0,5,4,
Tyler,Precinct 11,U.S. Senate,,LIB,Ted Brown,0,0,0,0,
Tyler,Precinct 11,U.S. Senate,,,Write-ins,0,0,0,0,
Tyler,Precinct 11,U.S. Senate,,,Over Votes,0,0,0,0,
Tyler,Precinct 11,U.S. Senate,,,Under Votes,1,0,0,1,
Tyler,Precinct 11,U.S. House,36,REP,Brian Babin,83,4,40,39,
Tyler,Precinct 11,U.S. House,36,DEM,Dayna Steele,6,0,3,3,
Tyler,Precinct 11,U.S. House,36,,Over Votes,0,0,0,0,
Tyler,Precinct 11,U.S. House,36,,Under Votes,2,0,1,1,
Tyler,Precinct 11,Railroad Commissioner,,REP,Christi Craddick,76,4,36,36,
Tyler,Precinct 11,Railroad Commissioner,,DEM,Katherine Culbert,7,0,5,2,
Tyler,Precinct 11,Railroad Commissioner,,LIB,Hawk Dunlap,3,0,1,2,
Tyler,Precinct 11,Railroad Commissioner,,GRN,Eddie Espinoza,1,0,0,1,
Tyler,Precinct 11,Railroad Commissioner,,,Write-ins,0,0,0,0,
Tyler,Precinct 11,Railroad Commissioner,,,Over Votes,0,0,0,0,
Tyler,Precinct 11,Railroad Commissioner,,,Under Votes,4,0,2,2,
Tyler,Precinct 11,"Justice, Supreme Court",2,REP,Jimmy Blacklock,82,4,40,38,
Tyler,Precinct 11,"Justice, Supreme Court",2,DEM,DaSean Jones,7,0,3,4,
Tyler,Precinct 11,"Justice, Supreme Court",2,,Over Votes,0,0,0,0,
Tyler,Precinct 11,"Justice, Supreme Court",2,,Under Votes,2,0,1,1,
Tyler,Precinct 11,"Justice, Supreme Court",4,REP,John Devine,80,4,38,38,
Tyler,Precinct 11,"Justice, Supreme Court",4,DEM,Christine Vinh Weems,9,0,5,4,
Tyler,Precinct 11,"Justice, Supreme Court",4,,Over Votes,0,0,0,0,
Tyler,Precinct 11,"Justice, Supreme Court",4,,Under Votes,2,0,1,1,
Tyler,Precinct 11,"Justice, Supreme Court",6,REP,Jane Bland,79,4,39,36,
Tyler,Precinct 11,"Justice, Supreme Court",6,DEM,Bonnie Lee Goldstein,7,0,3,4,
Tyler,Precinct 11,"Justice, Supreme Court",6,LIB,J. David Roberson,1,0,1,0,
Tyler,Precinct 11,"Justice, Supreme Court",6,,Over Votes,0,0,0,0,
Tyler,Precinct 11,"Justice, Supreme Court",6,,Under Votes,4,0,1,3,
Tyler,Precinct 11,"Presiding Judge, Ct of Crim App",,REP,David J. Schenck,80,4,39,37,
Tyler,Precinct 11,"Presiding Judge, Ct of Crim App",,DEM,Holly Taylor,7,0,4,3,
Tyler,Precinct 11,"Presiding Judge, Ct of Crim App",,,Over Votes,0,0,0,0,
Tyler,Precinct 11,"Presiding Judge, Ct of Crim App",,,Under Votes,4,0,1,3,
Tyler,Precinct 11,"Judge, Ct of Crim App",7,REP,Gina Parker,78,4,39,35,
Tyler,Precinct 11,"Judge, Ct of Crim App",7,DEM,Nancy Mulder,8,0,4,4,
Tyler,Precinct 11,"Judge, Ct of Crim App",7,,Over Votes,0,0,0,0,
Tyler,Precinct 11,"Judge, Ct of Crim App",7,,Under Votes,5,0,1,4,
Tyler,Precinct 11,"Judge, Ct of Crim App",8,REP,Lee Finley,80,4,40,36,
Tyler,Precinct 11,"Judge, Ct of Crim App",8,DEM,Chika Anyiam,6,0,3,3,
Tyler,Precinct 11,"Judge, Ct of Crim App",8,,Over Votes,0,0,0,0,
Tyler,Precinct 11,"Judge, Ct of Crim App",8,,Under Votes,5,0,1,4,
Tyler,Precinct 11,State Representative,9,REP,Trent Ashby,83,4,42,37,
Tyler,Precinct 11,State Representative,9,,Over Votes,0,0,0,0,
Tyler,Precinct 11,State Representative,9,,Under Votes,8,0,2,6,
Tyler,Precinct 11,"Justice, 9th Ct of App Dist",3,REP,Leanne Johnson,77,4,40,33,
Tyler,Precinct 11,"Justice, 9th Ct of App Dist",3,,Over Votes,0,0,0,0,
Tyler,Precinct 11,"Justice, 9th Ct of App Dist",3,,Under Votes,14,0,4,10,
Tyler,Precinct 11,"Justice, 9th Ct of App Dist",4,REP,Kent Chambers,79,4,41,34,
Tyler,Precinct 11,"Justice, 9th Ct of App Dist",4,,Over Votes,0,0,0,0,
Tyler,Precinct 11,"Justice, 9th Ct of App Dist",4,,Under Votes,12,0,3,9,
Tyler,Precinct 11,Dist Judge,88,REP,Earl B. Stover III,76,4,38,34,
Tyler,Precinct 11,Dist Judge,88,,Over Votes,0,0,0,0,
Tyler,Precinct 11,Dist Judge,88,,Under Votes,15,0,6,9,
Tyler,Precinct 11,Sheriff,,REP,Bryan Weatherford,80,4,39,37,
Tyler,Precinct 11,Sheriff,,,Over Votes,0,0,0,0,
Tyler,Precinct 11,Sheriff,,,Under Votes,11,0,5,6,
Tyler,Precinct 11,County Tax Assessor-Collector,,REP,Melissa T. Carson,79,4,40,35,
Tyler,Precinct 11,County Tax Assessor-Collector,,,Over Votes,0,0,0,0,
Tyler,Precinct 11,County Tax Assessor-Collector,,,Under Votes,12,0,4,8,
Tyler,Precinct 11,County Commissioner,3,REP,Mike Marshall,78,4,39,35,
Tyler,Precinct 11,County Commissioner,3,,Over Votes,0,0,0,0,
Tyler,Precinct 11,County Commissioner,3,,Under Votes,13,0,5,8,
Tyler,Precinct 11,Constable,3,REP,Tony Reynolds,76,4,36,36,
Tyler,Precinct 11,Constable,3,,Over Votes,0,0,0,0,
Tyler,Precinct 11,Constable,3,,Under Votes,15,0,8,7,
Tyler,Precinct 11,Board of Trustees Colmesneil ISD,,,Roger Connolly,35,0,15,20,
Tyler,Precinct 11,Board of Trustees Colmesneil ISD,,,Twyla Darder,23,4,10,9,
Tyler,Precinct 11,Board of Trustees Colmesneil ISD,,,Donna Davis Lee,21,2,10,9,
Tyler,Precinct 11,Board of Trustees Colmesneil ISD,,,Kris Lindsey,21,0,10,11,
Tyler,Precinct 11,Board of Trustees Colmesneil ISD,,,Nicholas Young,9,0,4,5,
Tyler,Precinct 11,Board of Trustees Colmesneil ISD,,,Over Votes,0,0,0,0,
Tyler,Precinct 11,Board of Trustees Colmesneil ISD,,,Under Votes,71,2,37,32,
Tyler,Precinct 13,Registered Voters,,,,778,,,,
Tyler,Precinct 13,Ballots Cast,,,,407,15,248,144,
Tyler,Precinct 13,Ballots Cast Blank,,,,0,0,0,0,
Tyler,Precinct 13,President,,REP,Donald J. Trump,358,11,217,130,
Tyler,Precinct 13,President,,DEM,Kamala D. Harris,48,4,31,13,
Tyler,Precinct 13,President,,LIB,Chase Oliver,0,0,0,0,
Tyler,Precinct 13,President,,GRN,Jill Stein,0,0,0,0,
Tyler,Precinct 13,President,,,Write-ins,0,0,0,0,
Tyler,Precinct 13,President,,,Over Votes,1,0,0,1,
Tyler,Precinct 13,President,,,Under Votes,0,0,0,0,
Tyler,Precinct 13,U.S. Senate,,REP,Ted Cruz,349,12,213,124,
Tyler,Precinct 13,U.S. Senate,,DEM,Colin Allred,51,3,34,14,
Tyler,Precinct 13,U.S. Senate,,LIB,Ted Brown,4,0,0,4,
Tyler,Precinct 13,U.S. Senate,,,Write-ins,0,0,0,0,
Tyler,Precinct 13,U.S. Senate,,,Over Votes,1,0,0,1,
Tyler,Precinct 13,U.S. Senate,,,Under Votes,2,0,1,1,
Tyler,Precinct 13,U.S. House,36,REP,Brian Babin,356,13,215,128,
Tyler,Precinct 13,U.S. House,36,DEM,Dayna Steele,43,2,29,12,
Tyler,Precinct 13,U.S. House,36,,Over Votes,0,0,0,0,
Tyler,Precinct 13,U.S. House,36,,Under Votes,8,0,4,4,
Tyler,Precinct 13,Railroad Commissioner,,REP,Christi Craddick,331,12,201,118,
Tyler,Precinct 13,Railroad Commissioner,,DEM,Katherine Culbert,46,3,32,11,
Tyler,Precinct 13,Railroad Commissioner,,LIB,Hawk Dunlap,10,0,4,6,
Tyler,Precinct 13,Railroad Commissioner,,GRN,Eddie Espinoza,6,0,4,2,
Tyler,Precinct 13,Railroad Commissioner,,,Write-ins,0,0,0,0,
Tyler,Precinct 13,Railroad Commissioner,,,Over Votes,1,0,0,1,
Tyler,Precinct 13,Railroad Commissioner,,,Under Votes,13,0,7,6,
Tyler,Precinct 13,"Justice, Supreme Court",2,REP,Jimmy Blacklock,346,12,209,125,
Tyler,Precinct 13,"Justice, Supreme Court",2,DEM,DaSean Jones,47,3,31,13,
Tyler,Precinct 13,"Justice, Supreme Court",2,,Over Votes,0,0,0,0,
Tyler,Precinct 13,"Justice, Supreme Court",2,,Under Votes,14,0,8,6,
Tyler,Precinct 13,"Justice, Supreme Court",4,REP,John Devine,341,11,208,122,
Tyler,Precinct 13,"Justice, Supreme Court",4,DEM,Christine Vinh Weems,48,4,32,12,
Tyler,Precinct 13,"Justice, Supreme Court",4,,Over Votes,0,0,0,0,
Tyler,Precinct 13,"Justice, Supreme Court",4,,Under Votes,18,0,8,10,
Tyler,Precinct 13,"Justice, Supreme Court",6,REP,Jane Bland,335,11,201,123,
Tyler,Precinct 13,"Justice, Supreme Court",6,DEM,Bonnie Lee Goldstein,47,4,31,12,
Tyler,Precinct 13,"Justice, Supreme Court",6,LIB,J. David Roberson,12,0,9,3,
Tyler,Precinct 13,"Justice, Supreme Court",6,,Over Votes,0,0,0,0,
Tyler,Precinct 13,"Justice, Supreme Court",6,,Under Votes,13,0,7,6,
Tyler,Precinct 13,"Presiding Judge, Ct of Crim App",,REP,David J. Schenck,344,11,209,124,
Tyler,Precinct 13,"Presiding Judge, Ct of Crim App",,DEM,Holly Taylor,50,4,32,14,
Tyler,Precinct 13,"Presiding Judge, Ct of Crim App",,,Over Votes,0,0,0,0,
Tyler,Precinct 13,"Presiding Judge, Ct of Crim App",,,Under Votes,13,0,7,6,
Tyler,Precinct 13,"Judge, Ct of Crim App",7,REP,Gina Parker,336,11,205,120,
Tyler,Precinct 13,"Judge, Ct of Crim App",7,DEM,Nancy Mulder,47,4,31,12,
Tyler,Precinct 13,"Judge, Ct of Crim App",7,,Over Votes,0,0,0,0,
Tyler,Precinct 13,"Judge, Ct of Crim App",7,,Under Votes,24,0,12,12,
Tyler,Precinct 13,"Judge, Ct of Crim App",8,REP,Lee Finley,346,12,210,124,
Tyler,Precinct 13,"Judge, Ct of Crim App",8,DEM,Chika Anyiam,43,3,30,10,
Tyler,Precinct 13,"Judge, Ct of Crim App",8,,Over Votes,0,0,0,0,
Tyler,Precinct 13,"Judge, Ct of Crim App",8,,Under Votes,18,0,18,10,
Tyler,Precinct 13,State Representative,9,REP,Trent Ashby,352,13,212,127,
Tyler,Precinct 13,State Representative,9,,Over Votes,0,0,0,0,
Tyler,Precinct 13,State Representative,9,,Under Votes,55,2,36,17,
Tyler,Precinct 13,"Justice, 9th Ct of App Dist",3,REP,Leanne Johnson,345,13,207,125,
Tyler,Precinct 13,"Justice, 9th Ct of App Dist",3,,Over Votes,0,0,0,0,
Tyler,Precinct 13,"Justice, 9th Ct of App Dist",3,,Under Votes,62,2,41,19,
Tyler,Precinct 13,"Justice, 9th Ct of App Dist",4,REP,Kent Chambers,349,13,208,128,
Tyler,Precinct 13,"Justice, 9th Ct of App Dist",4,,Over Votes,0,0,0,0,
Tyler,Precinct 13,"Justice, 9th Ct of App Dist",4,,Under Votes,58,2,40,16,
Tyler,Precinct 13,Dist Judge,88,REP,Earl B. Stover III,342,13,207,122,
Tyler,Precinct 13,Dist Judge,88,,Over Votes,0,0,0,0,
Tyler,Precinct 13,Dist Judge,88,,Under Votes,65,2,41,22,
Tyler,Precinct 13,Sheriff,,REP,Bryan Weatherford,342,15,205,122,
Tyler,Precinct 13,Sheriff,,,Over Votes,0,0,0,0,
Tyler,Precinct 13,Sheriff,,,Under Votes,65,0,43,22,
Tyler,Precinct 13,County Tax Assessor-Collector,,REP,Melissa T. Carson,342,14,206,122,
Tyler,Precinct 13,County Tax Assessor-Collector,,,Over Votes,0,0,0,0,
Tyler,Precinct 13,County Tax Assessor-Collector,,,Under Votes,65,1,42,22,
Tyler,Precinct 13,County Commissioner,3,REP,Mike Marshall,340,14,206,120,
Tyler,Precinct 13,County Commissioner,3,,Over Votes,0,0,0,0,
Tyler,Precinct 13,County Commissioner,3,,Under Votes,67,1,42,24,
Tyler,Precinct 13,Constable,3,REP,Tony Reynolds,344,14,207,123,
Tyler,Precinct 13,Constable,3,,Over Votes,0,0,0,0,
Tyler,Precinct 13,Constable,3,,Under Votes,63,1,41,21,
Tyler,Precinct 14,Registered Voters,,,,1778,,,,
Tyler,Precinct 14,Ballots Cast,,,,1204,24,727,453,
Tyler,Precinct 14,Ballots Cast Blank,,,,2,0,2,0,
Tyler,Precinct 14,President,,REP,Donald J. Trump,1094,15,660,419,
Tyler,Precinct 14,President,,DEM,Kamala D. Harris,99,8,59,32,
Tyler,Precinct 14,President,,LIB,Chase Oliver,3,1,1,1,
Tyler,Precinct 14,President,,GRN,Jill Stein,0,0,0,0,
Tyler,Precinct 14,President,,,Write-ins,2,0,2,0,
Tyler,Precinct 14,President,,,Over Votes,0,0,0,0,
Tyler,Precinct 14,President,,,Under Votes,6,0,5,1,
Tyler,Precinct 14,U.S. Senate,,REP,Ted Cruz,1059,16,646,397,
Tyler,Precinct 14,U.S. Senate,,DEM,Colin Allred,112,7,65,40,
Tyler,Precinct 14,U.S. Senate,,LIB,Ted Brown,22,1,9,12,
Tyler,Precinct 14,U.S. Senate,,,Write-ins,0,0,0,0,
Tyler,Precinct 14,U.S. Senate,,,Over Votes,0,0,0,0,
Tyler,Precinct 14,U.S. Senate,,,Under Votes,11,0,7,4,
Tyler,Precinct 14,U.S. House,36,REP,Brian Babin,1093,17,664,412,
Tyler,Precinct 14,U.S. House,36,DEM,Dayna Steele,89,7,50,32,
Tyler,Precinct 14,U.S. House,36,,Over Votes,0,0,0,0,
Tyler,Precinct 14,U.S. House,36,,Under Votes,22,0,13,9,
Tyler,Precinct 14,Railroad Commissioner,,REP,Christi Craddick,1026,17,626,383,
Tyler,Precinct 14,Railroad Commissioner,,DEM,Katherine Culbert,88,6,58,24,
Tyler,Precinct 14,Railroad Commissioner,,LIB,Hawk Dunlap,37,0,13,24,
Tyler,Precinct 14,Railroad Commissioner,,GRN,Eddie Espinoza,9,0,4,5,
Tyler,Precinct 14,Railroad Commissioner,,,Write-ins,0,0,0,0,
Tyler,Precinct 14,Railroad Commissioner,,,Over Votes,0,0,0,0,
Tyler,Precinct 14,Railroad Commissioner,,,Under Votes,44,1,26,17,
Tyler,Precinct 14,"Justice, Supreme Court",2,REP,Jimmy Blacklock,1063,17,645,401,
Tyler,Precinct 14,"Justice, Supreme Court",2,DEM,DaSean Jones,93,6,54,33,
Tyler,Precinct 14,"Justice, Supreme Court",2,,Over Votes,0,0,0,0,
Tyler,Precinct 14,"Justice, Supreme Court",2,,Under Votes,48,1,28,19,
Tyler,Precinct 14,"Justice, Supreme Court",4,REP,John Devine,1047,17,639,391,
Tyler,Precinct 14,"Justice, Supreme Court",4,DEM,Christine Vinh Weems,105,6,60,39,
Tyler,Precinct 14,"Justice, Supreme Court",4,,Over Votes,0,0,0,0,
Tyler,Precinct 14,"Justice, Supreme Court",4,,Under Votes,52,1,28,23,
Tyler,Precinct 14,"Justice, Supreme Court",6,REP,Jane Bland,1034,17,633,384,
Tyler,Precinct 14,"Justice, Supreme Court",6,DEM,Bonnie Lee Goldstein,92,6,55,31,
Tyler,Precinct 14,"Justice, Supreme Court",6,LIB,J. David Roberson,26,0,9,17,
Tyler,Precinct 14,"Justice, Supreme Court",6,,Over Votes,1,0,0,1,
Tyler,Precinct 14,"Justice, Supreme Court",6,,Under Votes,51,1,30,20,
Tyler,Precinct 14,"Presiding Judge, Ct of Crim App",,REP,David J. Schenck,1054,17,641,396,
Tyler,Precinct 14,"Presiding Judge, Ct of Crim App",,DEM,Holly Taylor,95,6,56,33,
Tyler,Precinct 14,"Presiding Judge, Ct of Crim App",,,Over Votes,0,0,0,0,
Tyler,Precinct 14,"Presiding Judge, Ct of Crim App",,,Under Votes,55,1,30,24,
Tyler,Precinct 14,"Judge, Ct of Crim App",7,REP,Gina Parker,1041,16,635,390,
Tyler,Precinct 14,"Judge, Ct of Crim App",7,DEM,Nancy Mulder,89,5,54,30,
Tyler,Precinct 14,"Judge, Ct of Crim App",7,,Over Votes,0,0,0,0,
Tyler,Precinct 14,"Judge, Ct of Crim App",7,,Under Votes,74,3,38,33,
Tyler,Precinct 14,"Judge, Ct of Crim App",8,REP,Lee Finley,1062,17,643,402,
Tyler,Precinct 14,"Judge, Ct of Crim App",8,DEM,Chika Anyiam,82,5,51,26,
Tyler,Precinct 14,"Judge, Ct of Crim App",8,,Over Votes,0,0,0,0,
Tyler,Precinct 14,"Judge, Ct of Crim App",8,,Under Votes,60,2,25,25,
Tyler,Precinct 14,State Representative,9,REP,Trent Ashby,1086,19,657,410,
Tyler,Precinct 14,State Representative,9,,Over Votes,0,0,0,0,
Tyler,Precinct 14,State Representative,9,,Under Votes,118,5,70,43,
Tyler,Precinct 14,"Justice, 9th Ct of App Dist",3,REP,Leanne Johnson,1063,18,641,404,
Tyler,Precinct 14,"Justice, 9th Ct of App Dist",3,,Over Votes,0,0,0,0,
Tyler,Precinct 14,"Justice, 9th Ct of App Dist",3,,Under Votes,141,6,86,49,
Tyler,Precinct 14,"Justice, 9th Ct of App Dist",4,REP,Kent Chambers,1059,18,636,405,
Tyler,Precinct 14,"Justice, 9th Ct of App Dist",4,,Over Votes,0,0,0,0,
Tyler,Precinct 14,"Justice, 9th Ct of App Dist",4,,Under Votes,145,6,91,48,
Tyler,Precinct 14,Dist Judge,88,REP,Earl B. Stover III,1065,18,642,405,
Tyler,Precinct 14,Dist Judge,88,,Over Votes,0,0,0,0,
Tyler,Precinct 14,Dist Judge,88,,Under Votes,139,6,85,48,
Tyler,Precinct 14,Sheriff,,REP,Bryan Weatherford,1053,17,642,394,
Tyler,Precinct 14,Sheriff,,,Over Votes,0,0,0,0,
Tyler,Precinct 14,Sheriff,,,Under Votes,151,7,85,59,
Tyler,Precinct 14,County Tax Assessor-Collector,,REP,Melissa T. Carson,1087,19,656,412,
Tyler,Precinct 14,County Tax Assessor-Collector,,,Over Votes,0,0,0,0,
Tyler,Precinct 14,County Tax Assessor-Collector,,,Under Votes,117,5,71,41,
Tyler,Precinct 14,Constable,4,REP,Anthony Ross,1066,19,646,401,
Tyler,Precinct 14,Constable,4,,Over Votes,0,0,0,0,
Tyler,Precinct 14,Constable,4,,Under Votes,138,5,81,52,
Tyler,Precinct 14,Board of Trustees Warren ISD,3,,Clay Brown,30,2,22,6,
Tyler,Precinct 14,Board of Trustees Warren ISD,3,,Over Votes,0,0,0,0,
Tyler,Precinct 14,Board of Trustees Warren ISD,3,,Under Votes,6,1,4,1,
Tyler,Precinct 14,Board of Trustees Warren ISD,4,,Levi N West,28,3,19,6,
Tyler,Precinct 14,Board of Trustees Warren ISD,4,,Over Votes,0,0,0,0,
Tyler,Precinct 14,Board of Trustees Warren ISD,4,,Under Votes,8,0,7,1,
Tyler,Precinct 14,Board of Trustees Warren ISD,5,,Jordan Johnston,12,0,11,1,
Tyler,Precinct 14,Board of Trustees Warren ISD,5,,Mitch Flowers,8,2,3,3,
Tyler,Precinct 14,Board of Trustees Warren ISD,5,,Wayne Pratt,6,0,4,2,
Tyler,Precinct 14,Board of Trustees Warren ISD,5,,Over Votes,0,0,0,0,
Tyler,Precinct 14,Board of Trustees Warren ISD,5,,Under Votes,10,1,8,1,
Tyler,Precinct 14,Proposition 1 Local Option,,,For,210,10,103,97,
Tyler,Precinct 14,Proposition 1 Local Option,,,Against,76,1,40,35,
Tyler,Precinct 14,Proposition 1 Local Option,,,Over Votes,1,0,0,1,
Tyler,Precinct 14,Proposition 1 Local Option,,,Under Votes,23,0,12,11,
Tyler,Precinct 14,PROPOSITION 1 ESD8-WILDWOOD,,FOR,FOR,210,10,102,98,
Tyler,Precinct 14,PROPOSITION 1 ESD8-WILDWOOD,,AGAINST,AGAINST,88,1,45,42,
Tyler,Precinct 14,PROPOSITION 1 ESD8-WILDWOOD,,,Over Votes,0,0,0,0,
Tyler,Precinct 14,PROPOSITION 1 ESD8-WILDWOOD,,,Under Votes,11,0,7,4,
Tyler,Precinct 15,Registered Voters,,,,1131,,,,
Tyler,Precinct 15,Ballots Cast,,,,759,15,275,469,
Tyler,Precinct 15,Ballots Cast Blank,,,,0,0,0,0,
Tyler,Precinct 15,President,,REP,Donald J. Trump,689,7,248,434,
Tyler,Precinct 15,President,,DEM,Kamala D. Harris,60,7,26,27,
Tyler,Precinct 15,President,,LIB,Chase Oliver,2,0,1,1,
Tyler,Precinct 15,President,,GRN,Jill Stein,2,0,0,2,
Tyler,Precinct 15,President,,,Write-ins,3,0,0,3,
Tyler,Precinct 15,President,,,Over Votes,0,0,0,0,
Tyler,Precinct 15,President,,,Under Votes,3,1,0,2,
Tyler,Precinct 15,U.S. Senate,,REP,Ted Cruz,665,9,239,417,
Tyler,Precinct 15,U.S. Senate,,DEM,Colin Allred,72,6,32,34,
Tyler,Precinct 15,U.S. Senate,,LIB,Ted Brown,12,0,3,9,
Tyler,Precinct 15,U.S. Senate,,,Write-ins,2,0,0,2,
Tyler,Precinct 15,U.S. Senate,,,Over Votes,0,0,0,0,
Tyler,Precinct 15,U.S. Senate,,,Under Votes,8,0,1,7,
Tyler,Precinct 15,U.S. House,36,REP,Brian Babin,690,11,246,433,
Tyler,Precinct 15,U.S. House,36,DEM,Dayna Steele,58,4,25,29,
Tyler,Precinct 15,U.S. House,36,,Over Votes,0,0,0,0,
Tyler,Precinct 15,U.S. House,36,,Under Votes,11,0,4,7,
Tyler,Precinct 15,Railroad Commissioner,,REP,Christi Craddick,640,9,224,407,
Tyler,Precinct 15,Railroad Commissioner,,DEM,Katherine Culbert,67,5,30,32,
Tyler,Precinct 15,Railroad Commissioner,,LIB,Hawk Dunlap,20,0,11,9,
Tyler,Precinct 15,Railroad Commissioner,,GRN,Eddie Espinoza,2,0,1,1,
Tyler,Precinct 15,Railroad Commissioner,,,Write-ins,1,0,0,1,
Tyler,Precinct 15,Railroad Commissioner,,,Over Votes,1,0,1,0,
Tyler,Precinct 15,Railroad Commissioner,,,Under Votes,28,1,8,19,
Tyler,Precinct 15,"Justice, Supreme Court",2,REP,Jimmy Blacklock,668,9,241,418,
Tyler,Precinct 15,"Justice, Supreme Court",2,DEM,DaSean Jones,64,5,27,32,
Tyler,Precinct 15,"Justice, Supreme Court",2,,Over Votes,0,0,0,0,
Tyler,Precinct 15,"Justice, Supreme Court",2,,Under Votes,27,1,7,19,
Tyler,Precinct 15,"Justice, Supreme Court",4,REP,John Devine,663,9,241,413,
Tyler,Precinct 15,"Justice, Supreme Court",4,DEM,Christine Vinh Weems,64,5,26,33,
Tyler,Precinct 15,"Justice, Supreme Court",4,,Over Votes,0,0,0,0,
Tyler,Precinct 15,"Justice, Supreme Court",4,,Under Votes,32,1,8,23,
Tyler,Precinct 15,"Justice, Supreme Court",6,REP,Jane Bland,648,7,236,405,
Tyler,Precinct 15,"Justice, Supreme Court",6,DEM,Bonnie Lee Goldstein,62,4,29,29,
Tyler,Precinct 15,"Justice, Supreme Court",6,LIB,J. David Roberson,18,2,4,12,
Tyler,Precinct 15,"Justice, Supreme Court",6,,Over Votes,0,0,0,0,
Tyler,Precinct 15,"Justice, Supreme Court",6,,Under Votes,31,2,6,23,
Tyler,Precinct 15,"Presiding Judge, Ct of Crim App",,REP,David J. Schenck,661,7,239,415,
Tyler,Precinct 15,"Presiding Judge, Ct of Crim App",,DEM,Holly Taylor,65,6,29,30,
Tyler,Precinct 15,"Presiding Judge, Ct of Crim App",,,Over Votes,0,0,0,0,
Tyler,Precinct 15,"Presiding Judge, Ct of Crim App",,,Under Votes,33,2,7,24,
Tyler,Precinct 15,"Judge, Ct of Crim App",7,REP,Gina Parker,635,7,231,397,
Tyler,Precinct 15,"Judge, Ct of Crim App",7,DEM,Nancy Mulder,65,6,26,33,
Tyler,Precinct 15,"Judge, Ct of Crim App",7,,Over Votes,0,0,0,0,
Tyler,Precinct 15,"Judge, Ct of Crim App",7,,Under Votes,59,2,18,39,
Tyler,Precinct 15,"Judge, Ct of Crim App",8,REP,Lee Finley,663,9,238,416,
Tyler,Precinct 15,"Judge, Ct of Crim App",8,DEM,Chika Anyiam,60,4,28,28,
Tyler,Precinct 15,"Judge, Ct of Crim App",8,,Over Votes,0,0,0,0,
Tyler,Precinct 15,"Judge, Ct of Crim App",8,,Under Votes,36,2,9,25,
Tyler,Precinct 15,State Representative,9,REP,Trent Ashby,675,11,242,422,
Tyler,Precinct 15,State Representative,9,,Over Votes,0,0,0,0,
Tyler,Precinct 15,State Representative,9,,Under Votes,84,4,33,47,
Tyler,Precinct 15,"Justice, 9th Ct of App Dist",3,REP,Leanne Johnson,652,10,236,406,
Tyler,Precinct 15,"Justice, 9th Ct of App Dist",3,,Over Votes,0,0,0,0,
Tyler,Precinct 15,"Justice, 9th Ct of App Dist",3,,Under Votes,107,5,39,63,
Tyler,Precinct 15,"Justice, 9th Ct of App Dist",4,REP,Kent Chambers,650,10,236,404,
Tyler,Precinct 15,"Justice, 9th Ct of App Dist",4,,Over Votes,0,0,0,0,
Tyler,Precinct 15,"Justice, 9th Ct of App Dist",4,,Under Votes,109,5,39,65,
Tyler,Precinct 15,Dist Judge,88,REP,Earl B. Stover III,656,10,239,407,
Tyler,Precinct 15,Dist Judge,88,,Over Votes,0,0,0,0,
Tyler,Precinct 15,Dist Judge,88,,Under Votes,103,5,36,62,
Tyler,Precinct 15,Sheriff,,REP,Bryan Weatherford,653,9,234,410,
Tyler,Precinct 15,Sheriff,,,Over Votes,0,0,0,0,
Tyler,Precinct 15,Sheriff,,,Under Votes,106,6,41,59,
Tyler,Precinct 15,County Tax Assessor-Collector,,REP,Melissa T. Carson,655,10,241,404,
Tyler,Precinct 15,County Tax Assessor-Collector,,,Over Votes,0,0,0,0,
Tyler,Precinct 15,County Tax Assessor-Collector,,,Under Votes,104,5,34,65,
Tyler,Precinct 15,Constable,4,REP,Anthony Ross,638,10,236,392,
Tyler,Precinct 15,Constable,4,,Over Votes,0,0,0,0,
Tyler,Precinct 15,Constable,4,,Under Votes,121,5,39,77,
Tyler,Precinct 15,Board of Trustees Warren ISD,3,,Clay Brown,572,10,196,366,
Tyler,Precinct 15,Board of Trustees Warren ISD,3,,Over Votes,0,0,0,0,
Tyler,Precinct 15,Board of Trustees Warren ISD,3,,Under Votes,169,5,64,100,
Tyler,Precinct 15,Board of Trustees Warren ISD,4,,Levi N West,563,10,189,364,
Tyler,Precinct 15,Board of Trustees Warren ISD,4,,Over Votes,0,0,0,0,
Tyler,Precinct 15,Board of Trustees Warren ISD,4,,Under Votes,178,5,71,102,
Tyler,Precinct 15,Board of Trustees Warren ISD,5,,Jordan Johnston,302,3,100,199,
Tyler,Precinct 15,Board of Trustees Warren ISD,5,,Mitch Flowers,102,2,37,63,
Tyler,Precinct 15,Board of Trustees Warren ISD,5,,Wayne Pratt,98,2,40,56,
Tyler,Precinct 15,Board of Trustees Warren ISD,5,,Over Votes,2,0,0,2,
Tyler,Precinct 15,Board of Trustees Warren ISD,5,,Under Votes,237,8,83,146,
Tyler,Precinct 15,Proposition 1 Local District Livestock,,Against,Against,544,18,429,97,
Tyler,Precinct 15,Proposition 1 Local District Livestock,,For,For,163,0,125,38,
Tyler,Precinct 15,Proposition 1 Local District Livestock,,,Over Votes,1,0,1,0,
Tyler,Precinct 15,Proposition 1 Local District Livestock,,,Under Votes,62,1,51,10,
Tyler,Precinct 16,Registered Voters,,,,724,,,,
Tyler,Precinct 16,Ballots Cast,,,,479,10,326,143,
Tyler,Precinct 16,Ballots Cast Blank,,,,0,0,0,0,
Tyler,Precinct 16,President,,REP,Donald J. Trump,433,5,299,129,
Tyler,Precinct 16,President,,DEM,Kamala D. Harris,42,5,24,13,
Tyler,Precinct 16,President,,LIB,Chase Oliver,4,0,3,1,
Tyler,Precinct 16,President,,GRN,Jill Stein,0,0,0,0,
Tyler,Precinct 16,President,,,Write-ins,0,0,0,0,
Tyler,Precinct 16,President,,,Over Votes,0,0,0,0,
Tyler,Precinct 16,President,,,Under Votes,0,0,0,0,
Tyler,Precinct 16,U.S. Senate,,REP,Ted Cruz,426,5,297,124,
Tyler,Precinct 16,U.S. Senate,,DEM,Colin Allred,38,5,20,13,
Tyler,Precinct 16,U.S. Senate,,LIB,Ted Brown,10,0,7,3,
Tyler,Precinct 16,U.S. Senate,,,Write-ins,1,0,0,1,
Tyler,Precinct 16,U.S. Senate,,,Over Votes,0,0,0,0,
Tyler,Precinct 16,U.S. Senate,,,Under Votes,4,0,2,2,
Tyler,Precinct 16,U.S. House,36,REP,Brian Babin,440,5,300,135,
Tyler,Precinct 16,U.S. House,36,DEM,Dayna Steele,34,4,23,7,
Tyler,Precinct 16,U.S. House,36,,Over Votes,0,0,0,0,
Tyler,Precinct 16,U.S. House,36,,Under Votes,5,1,3,1,
Tyler,Precinct 16,Railroad Commissioner,,REP,Christi Craddick,414,4,291,119,
Tyler,Precinct 16,Railroad Commissioner,,DEM,Katherine Culbert,31,4,18,9,
Tyler,Precinct 16,Railroad Commissioner,,LIB,Hawk Dunlap,14,1,8,5,
Tyler,Precinct 16,Railroad Commissioner,,GRN,Eddie Espinoza,4,0,1,3,
Tyler,Precinct 16,Railroad Commissioner,,,Write-ins,0,0,0,0,
Tyler,Precinct 16,Railroad Commissioner,,,Over Votes,0,0,0,0,
Tyler,Precinct 16,Railroad Commissioner,,,Under Votes,16,1,8,7,
Tyler,Precinct 16,"Justice, Supreme Court",2,REP,Jimmy Blacklock,427,4,298,125,
Tyler,Precinct 16,"Justice, Supreme Court",2,DEM,DaSean Jones,36,5,21,10,
Tyler,Precinct 16,"Justice, Supreme Court",2,,Over Votes,0,0,0,0,
Tyler,Precinct 16,"Justice, Supreme Court",2,,Under Votes,16,1,7,8,
Tyler,Precinct 16,"Justice, Supreme Court",4,REP,John Devine,417,4,291,122,
Tyler,Precinct 16,"Justice, Supreme Court",4,DEM,Christine Vinh Weems,40,5,22,13,
Tyler,Precinct 16,"Justice, Supreme Court",4,,Over Votes,0,0,0,0,
Tyler,Precinct 16,"Justice, Supreme Court",4,,Under Votes,22,1,13,8,
Tyler,Precinct 16,"Justice, Supreme Court",6,REP,Jane Bland,413,4,289,120,
Tyler,Precinct 16,"Justice, Supreme Court",6,DEM,Bonnie Lee Goldstein,32,4,19,9,
Tyler,Precinct 16,"Justice, Supreme Court",6,LIB,J. David Roberson,17,1,11,5,
Tyler,Precinct 16,"Justice, Supreme Court",6,,Over Votes,0,0,0,0,
Tyler,Precinct 16,"Justice, Supreme Court",6,,Under Votes,17,1,7,9,
Tyler,Precinct 16,"Presiding Judge, Ct of Crim App",,REP,David J. Schenck,417,5,294,118,
Tyler,Precinct 16,"Presiding Judge, Ct of Crim App",,DEM,Holly Taylor,43,4,24,15,
Tyler,Precinct 16,"Presiding Judge, Ct of Crim App",,,Over Votes,0,0,0,0,
Tyler,Precinct 16,"Presiding Judge, Ct of Crim App",,,Under Votes,19,1,8,10,
Tyler,Precinct 16,"Judge, Ct of Crim App",7,REP,Gina Parker,412,5,288,119,
Tyler,Precinct 16,"Judge, Ct of Crim App",7,DEM,Nancy Mulder,35,4,20,11,
Tyler,Precinct 16,"Judge, Ct of Crim App",7,,Over Votes,0,0,0,0,
Tyler,Precinct 16,"Judge, Ct of Crim App",7,,Under Votes,32,1,18,13,
Tyler,Precinct 16,"Judge, Ct of Crim App",8,REP,Lee Finley,421,5,298,118,
Tyler,Precinct 16,"Judge, Ct of Crim App",8,DEM,Chika Anyiam,35,4,19,12,
Tyler,Precinct 16,"Judge, Ct of Crim App",8,,Over Votes,0,0,0,0,
Tyler,Precinct 16,"Judge, Ct of Crim App",8,,Under Votes,23,1,9,13,
Tyler,Precinct 16,State Representative,9,REP,Trent Ashby,422,7,293,122,
Tyler,Precinct 16,State Representative,9,,Over Votes,0,0,0,0,
Tyler,Precinct 16,State Representative,9,,Under Votes,57,3,33,21,
Tyler,Precinct 16,"Justice, 9th Ct of App Dist",3,REP,Leanne Johnson,419,7,294,118,
Tyler,Precinct 16,"Justice, 9th Ct of App Dist",3,,Over Votes,0,0,0,0,
Tyler,Precinct 16,"Justice, 9th Ct of App Dist",3,,Under Votes,60,3,32,25,
Tyler,Precinct 16,"Justice, 9th Ct of App Dist",4,REP,Kent Chambers,418,7,292,119,
Tyler,Precinct 16,"Justice, 9th Ct of App Dist",4,,Over Votes,0,0,0,0,
Tyler,Precinct 16,"Justice, 9th Ct of App Dist",4,,Under Votes,61,3,34,24,
Tyler,Precinct 16,Dist Judge,88,REP,Earl B. Stover III,424,7,296,121,
Tyler,Precinct 16,Dist Judge,88,,Over Votes,0,0,0,0,
Tyler,Precinct 16,Dist Judge,88,,Under Votes,55,3,30,22,
Tyler,Precinct 16,Sheriff,,REP,Bryan Weatherford,428,7,297,124,
Tyler,Precinct 16,Sheriff,,,Over Votes,0,0,0,0,
Tyler,Precinct 16,Sheriff,,,Under Votes,51,3,29,19,
Tyler,Precinct 16,County Tax Assessor-Collector,,REP,Melissa T. Carson,420,7,293,120,
Tyler,Precinct 16,County Tax Assessor-Collector,,,Over Votes,0,0,0,0,
Tyler,Precinct 16,County Tax Assessor-Collector,,,Under Votes,59,3,33,23,
Tyler,Precinct 16,Constable,4,REP,Anthony Ross,410,7,286,117,
Tyler,Precinct 16,Constable,4,,Over Votes,0,0,0,0,
Tyler,Precinct 16,Constable,4,,Under Votes,69,3,40,26,
Tyler,Precinct 16,Board of Trustees Warren ISD,3,,Clay Brown,387,6,273,108,
Tyler,Precinct 16,Board of Trustees Warren ISD,3,,Over Votes,0,0,0,0,
Tyler,Precinct 16,Board of Trustees Warren ISD,3,,Under Votes,89,4,50,35,
Tyler,Precinct 16,Board of Trustees Warren ISD,4,,Levi N West,383,7,269,107,
Tyler,Precinct 16,Board of Trustees Warren ISD,4,,Over Votes,0,0,0,0,
Tyler,Precinct 16,Board of Trustees Warren ISD,4,,Under Votes,93,3,54,36,
Tyler,Precinct 16,Board of Trustees Warren ISD,5,,Jordan Johnston,217,2,152,63,
Tyler,Precinct 16,Board of Trustees Warren ISD,5,,Mitch Flowers,90,1,66,23,
Tyler,Precinct 16,Board of Trustees Warren ISD,5,,Wayne Pratt,66,0,45,21,
Tyler,Precinct 16,Board of Trustees Warren ISD,5,,Over Votes,0,0,0,0,
Tyler,Precinct 16,Board of Trustees Warren ISD,5,,Under Votes,103,7,60,36,
Tyler,Precinct 17,Registered Voters,,,,735,,,,
Tyler,Precinct 17,Ballots Cast,,,,479,21,372,84,
Tyler,Precinct 17,Ballots Cast Blank,,,,0,0,0,0,
Tyler,Precinct 17,President,,REP,Donald J. Trump,378,10,304,64,
Tyler,Precinct 17,President,,DEM,Kamala D. Harris,93,11,62,20,
Tyler,Precinct 17,President,,LIB,Chase Oliver,3,0,3,0,
Tyler,Precinct 17,President,,GRN,Jill Stein,3,0,3,0,
Tyler,Precinct 17,President,,,Write-ins,0,0,0,0,
Tyler,Precinct 17,President,,,Over Votes,0,0,0,0,
Tyler,Precinct 17,President,,,Under Votes,0,0,0,0,
Tyler,Precinct 17,U.S. Senate,,REP,Ted Cruz,360,11,293,56,
Tyler,Precinct 17,U.S. Senate,,DEM,Colin Allred,95,10,65,20,
Tyler,Precinct 17,U.S. Senate,,LIB,Ted Brown,14,0,7,7,
Tyler,Precinct 17,U.S. Senate,,,Write-ins,0,0,0,0,
Tyler,Precinct 17,U.S. Senate,,,Over Votes,1,0,1,0,
Tyler,Precinct 17,U.S. Senate,,,Under Votes,7,0,6,1,
Tyler,Precinct 17,U.S. House,36,REP,Brian Babin,389,11,314,64,
Tyler,Precinct 17,U.S. House,36,DEM,Dayna Steele,83,9,55,19,
Tyler,Precinct 17,U.S. House,36,,Over Votes,0,0,0,0,
Tyler,Precinct 17,U.S. House,36,,Under Votes,5,1,3,1,
Tyler,Precinct 17,Railroad Commissioner,,REP,Christi Craddick,358,9,287,62,
Tyler,Precinct 17,Railroad Commissioner,,DEM,Katherine Culbert,87,10,59,18,
Tyler,Precinct 17,Railroad Commissioner,,LIB,Hawk Dunlap,15,0,14,1,
Tyler,Precinct 17,Railroad Commissioner,,GRN,Eddie Espinoza,4,0,2,2,
Tyler,Precinct 17,Railroad Commissioner,,,Write-ins,0,0,0,0,
Tyler,Precinct 17,Railroad Commissioner,,,Over Votes,0,0,0,0,
Tyler,Precinct 17,Railroad Commissioner,,,Under Votes,13,2,10,1,
Tyler,Precinct 17,"Justice, Supreme Court",2,REP,Jimmy Blacklock,376,10,304,62,
Tyler,Precinct 17,"Justice, Supreme Court",2,DEM,DaSean Jones,85,9,57,19,
Tyler,Precinct 17,"Justice, Supreme Court",2,,Over Votes,0,0,0,0,
Tyler,Precinct 17,"Justice, Supreme Court",2,,Under Votes,16,2,11,3,
Tyler,Precinct 17,"Justice, Supreme Court",4,REP,John Devine,368,10,299,59,
Tyler,Precinct 17,"Justice, Supreme Court",4,DEM,Christine Vinh Weems,91,9,61,21,
Tyler,Precinct 17,"Justice, Supreme Court",4,,Over Votes,0,0,0,0,
Tyler,Precinct 17,"Justice, Supreme Court",4,,Under Votes,18,2,12,4,
Tyler,Precinct 17,"Justice, Supreme Court",6,REP,Jane Bland,361,10,293,58,
Tyler,Precinct 17,"Justice, Supreme Court",6,DEM,Bonnie Lee Goldstein,91,9,61,21,
Tyler,Precinct 17,"Justice, Supreme Court",6,LIB,J. David Roberson,9,0,8,1,
Tyler,Precinct 17,"Justice, Supreme Court",6,,Over Votes,0,0,0,0,
Tyler,Precinct 17,"Justice, Supreme Court",6,,Under Votes,16,2,10,4,
Tyler,Precinct 17,"Presiding Judge, Ct of Crim App",,REP,David J. Schenck,366,10,295,61,
Tyler,Precinct 17,"Presiding Judge, Ct of Crim App",,DEM,Holly Taylor,94,9,64,21,
Tyler,Precinct 17,"Presiding Judge, Ct of Crim App",,,Over Votes,0,0,0,0,
Tyler,Precinct 17,"Presiding Judge, Ct of Crim App",,,Under Votes,17,2,13,2,
Tyler,Precinct 17,"Judge, Ct of Crim App",7,REP,Gina Parker,369,10,296,63,
Tyler,Precinct 17,"Judge, Ct of Crim App",7,DEM,Nancy Mulder,82,9,54,19,
Tyler,Precinct 17,"Judge, Ct of Crim App",7,,Over Votes,0,0,0,0,
Tyler,Precinct 17,"Judge, Ct of Crim App",7,,Under Votes,26,2,22,2,
Tyler,Precinct 17,"Judge, Ct of Crim App",8,REP,Lee Finley,373,10,302,61,
Tyler,Precinct 17,"Judge, Ct of Crim App",8,DEM,Chika Anyiam,87,9,57,21,
Tyler,Precinct 17,"Judge, Ct of Crim App",8,,Over Votes,0,0,0,0,
Tyler,Precinct 17,"Judge, Ct of Crim App",8,,Under Votes,17,2,13,2,
Tyler,Precinct 17,State Representative,9,REP,Trent Ashby,402,14,319,69,
Tyler,Precinct 17,State Representative,9,,Over Votes,0,0,0,0,
Tyler,Precinct 17,State Representative,9,,Under Votes,75,7,53,15,
Tyler,Precinct 17,"Justice, 9th Ct of App Dist",3,REP,Leanne Johnson,387,13,308,66,
Tyler,Precinct 17,"Justice, 9th Ct of App Dist",3,,Over Votes,0,0,0,0,
Tyler,Precinct 17,"Justice, 9th Ct of App Dist",3,,Under Votes,90,8,64,18,
Tyler,Precinct 17,"Justice, 9th Ct of App Dist",4,REP,Kent Chambers,377,13,303,61,
Tyler,Precinct 17,"Justice, 9th Ct of App Dist",4,,Over Votes,0,0,0,0,
Tyler,Precinct 17,"Justice, 9th Ct of App Dist",4,,Under Votes,100,8,69,23,
Tyler,Precinct 17,Dist Judge,88,REP,Earl B. Stover III,386,14,309,63,
Tyler,Precinct 17,Dist Judge,88,,Over Votes,0,0,0,0,
Tyler,Precinct 17,Dist Judge,88,,Under Votes,91,7,63,21,
Tyler,Precinct 17,Sheriff,,REP,Bryan Weatherford,415,15,326,74,
Tyler,Precinct 17,Sheriff,,,Over Votes,0,0,0,0,
Tyler,Precinct 17,Sheriff,,,Under Votes,62,6,46,10,
Tyler,Precinct 17,County Tax Assessor-Collector,,REP,Melissa T. Carson,393,15,316,62,
Tyler,Precinct 17,County Tax Assessor-Collector,,,Over Votes,0,0,0,0,
Tyler,Precinct 17,County Tax Assessor-Collector,,,Under Votes,84,6,56,22,
Tyler,Precinct 17,County Commissioner,3,REP,Mike Marshall,392,14,312,66,
Tyler,Precinct 17,County Commissioner,3,,Over Votes,0,0,0,0,
Tyler,Precinct 17,County Commissioner,3,,Under Votes,85,7,60,18,
Tyler,Precinct 17,Constable,3,REP,Tony Reynolds,389,13,313,63,
Tyler,Precinct 17,Constable,3,,Over Votes,0,0,0,0,
Tyler,Precinct 17,Constable,3,,Under Votes,88,8,59,21,
Tyler,Precinct 17,Mayor City of Woodville,,,Amy Bythewood,193,12,158,23,
Tyler,Precinct 17,Mayor City of Woodville,,,Over Votes,0,0,0,0,
Tyler,Precinct 17,Mayor City of Woodville,,,Under Votes,50,4,37,9,
Tyler,Precinct 17,Alderman Place 2 City of Woodville,,,Kelly Cordes Dillard,197,10,165,22,
Tyler,Precinct 17,Alderman Place 2 City of Woodville,,,Over Votes,0,0,0,0,
Tyler,Precinct 17,Alderman Place 2 City of Woodville,,,Under Votes,46,6,30,10,
Tyler,Precinct 17,Alderman Place 4 City of Woodville,,,Mike Cabaniss,114,4,96,14,
Tyler,Precinct 17,Alderman Place 4 City of Woodville,,,Morgan Hoskins,88,5,71,12,
Tyler,Precinct 17,Alderman Place 4 City of Woodville,,,Over Votes,0,0,0,0,
Tyler,Precinct 17,Alderman Place 4 City of Woodville,,,Under Votes,41,7,28,6,
Tyler,Precinct 18,Registered Voters,,,,1251,,,,
Tyler,Precinct 18,Ballots Cast,,,,783,19,618,146,
Tyler,Precinct 18,Ballots Cast Blank,,,,0,0,0,0,
Tyler,Precinct 18,President,,REP,Donald J. Trump,643,11,513,119,
Tyler,Precinct 18,President,,DEM,Kamala D. Harris,134,8,102,24,
Tyler,Precinct 18,President,,LIB,Chase Oliver,3,0,0,3,
Tyler,Precinct 18,President,,GRN,Jill Stein,0,0,0,0,
Tyler,Precinct 18,President,,,Write-ins,0,0,0,0,
Tyler,Precinct 18,President,,,Over Votes,0,0,0,0,
Tyler,Precinct 18,President,,,Under Votes,3,0,3,0,
Tyler,Precinct 18,U.S. Senate,,REP,Ted Cruz,613,10,498,105,
Tyler,Precinct 18,U.S. Senate,,DEM,Colin Allred,139,5,105,29,
Tyler,Precinct 18,U.S. Senate,,LIB,Ted Brown,16,4,3,9,
Tyler,Precinct 18,U.S. Senate,,,Write-ins,0,0,0,0,
Tyler,Precinct 18,U.S. Senate,,,Over Votes,0,0,0,0,
Tyler,Precinct 18,U.S. Senate,,,Under Votes,15,0,12,3,
Tyler,Precinct 18,U.S. House,36,REP,Brian Babin,652,12,520,120,
Tyler,Precinct 18,U.S. House,36,DEM,Dayna Steele,110,6,83,21,
Tyler,Precinct 18,U.S. House,36,,Over Votes,0,0,0,0,
Tyler,Precinct 18,U.S. House,36,,Under Votes,21,1,15,5,
Tyler,Precinct 18,Railroad Commissioner,,REP,Christi Craddick,604,11,487,106,
Tyler,Precinct 18,Railroad Commissioner,,DEM,Katherine Culbert,112,6,86,20,
Tyler,Precinct 18,Railroad Commissioner,,LIB,Hawk Dunlap,17,0,8,9,
Tyler,Precinct 18,Railroad Commissioner,,GRN,Eddie Espinoza,6,0,5,1,
Tyler,Precinct 18,Railroad Commissioner,,,Write-ins,0,0,0,0,
Tyler,Precinct 18,Railroad Commissioner,,,Over Votes,0,0,0,0,
Tyler,Precinct 18,Railroad Commissioner,,,Under Votes,44,2,32,10,
Tyler,Precinct 18,"Justice, Supreme Court",2,REP,Jimmy Blacklock,630,11,506,113,
Tyler,Precinct 18,"Justice, Supreme Court",2,DEM,DaSean Jones,111,7,83,21,
Tyler,Precinct 18,"Justice, Supreme Court",2,,Over Votes,0,0,0,0,
Tyler,Precinct 18,"Justice, Supreme Court",2,,Under Votes,42,1,29,12,
Tyler,Precinct 18,"Justice, Supreme Court",4,REP,John Devine,615,12,491,112,
Tyler,Precinct 18,"Justice, Supreme Court",4,DEM,Christine Vinh Weems,118,6,90,22,
Tyler,Precinct 18,"Justice, Supreme Court",4,,Over Votes,0,0,0,0,
Tyler,Precinct 18,"Justice, Supreme Court",4,,Under Votes,50,1,37,12,
Tyler,Precinct 18,"Justice, Supreme Court",6,REP,Jane Bland,604,10,488,106,
Tyler,Precinct 18,"Justice, Supreme Court",6,DEM,Bonnie Lee Goldstein,114,7,84,23,
Tyler,Precinct 18,"Justice, Supreme Court",6,LIB,J. David Roberson,16,0,11,5,
Tyler,Precinct 18,"Justice, Supreme Court",6,,Over Votes,1,0,1,0,
Tyler,Precinct 18,"Justice, Supreme Court",6,,Under Votes,48,2,34,12,
Tyler,Precinct 18,"Presiding Judge, Ct of Crim App",,REP,David J. Schenck,613,11,492,110,
Tyler,Precinct 18,"Presiding Judge, Ct of Crim App",,DEM,Holly Taylor,122,7,92,23,
Tyler,Precinct 18,"Presiding Judge, Ct of Crim App",,,Over Votes,0,0,0,0,
Tyler,Precinct 18,"Presiding Judge, Ct of Crim App",,,Under Votes,48,1,34,13,
Tyler,Precinct 18,"Judge, Ct of Crim App",7,REP,Gina Parker,607,10,490,107,
Tyler,Precinct 18,"Judge, Ct of Crim App",7,DEM,Nancy Mulder,113,7,84,22,
Tyler,Precinct 18,"Judge, Ct of Crim App",7,,Over Votes,0,0,0,0,
Tyler,Precinct 18,"Judge, Ct of Crim App",7,,Under Votes,63,2,44,17,
Tyler,Precinct 18,"Judge, Ct of Crim App",8,REP,Lee Finley,616,12,494,110,
Tyler,Precinct 18,"Judge, Ct of Crim App",8,DEM,Chika Anyiam,110,6,83,21,
Tyler,Precinct 18,"Judge, Ct of Crim App",8,,Over Votes,0,0,0,0,
Tyler,Precinct 18,"Judge, Ct of Crim App",8,,Under Votes,57,1,41,15,
Tyler,Precinct 18,State Representative,9,REP,Trent Ashby,651,14,516,121,
Tyler,Precinct 18,State Representative,9,,Over Votes,0,0,0,0,
Tyler,Precinct 18,State Representative,9,,Under Votes,132,5,102,25,
Tyler,Precinct 18,"Justice, 9th Ct of App Dist",3,REP,Leanne Johnson,637,11,509,117,
Tyler,Precinct 18,"Justice, 9th Ct of App Dist",3,,Over Votes,0,0,0,0,
Tyler,Precinct 18,"Justice, 9th Ct of App Dist",3,,Under Votes,146,8,109,29,
Tyler,Precinct 18,"Justice, 9th Ct of App Dist",4,REP,Kent Chambers,630,11,502,117,
Tyler,Precinct 18,"Justice, 9th Ct of App Dist",4,,Over Votes,0,0,0,0,
Tyler,Precinct 18,"Justice, 9th Ct of App Dist",4,,Under Votes,153,8,116,29,
Tyler,Precinct 18,Dist Judge,88,REP,Earl B. Stover III,635,13,505,117,
Tyler,Precinct 18,Dist Judge,88,,Over Votes,0,0,0,0,
Tyler,Precinct 18,Dist Judge,88,,Under Votes,148,6,113,29,
Tyler,Precinct 18,Sheriff,,REP,Bryan Weatherford,656,17,521,118,
Tyler,Precinct 18,Sheriff,,,Over Votes,0,0,0,0,
Tyler,Precinct 18,Sheriff,,,Under Votes,127,2,97,28,
Tyler,Precinct 18,County Tax Assessor-Collector,,REP,Melissa T. Carson,649,15,515,119,
Tyler,Precinct 18,County Tax Assessor-Collector,,,Over Votes,0,0,0,0,
Tyler,Precinct 18,County Tax Assessor-Collector,,,Under Votes,134,4,103,27,
Tyler,Precinct 18,Constable,2,REP,Casey R. Whitworth,635,14,503,118,
Tyler,Precinct 18,Constable,2,,Over Votes,0,0,0,0,
Tyler,Precinct 18,Constable,2,,Under Votes,148,5,115,28,
Tyler,Precinct 18,Mayor City of Woodville,,,Amy Bythewood,259,12,182,65,
Tyler,Precinct 18,Mayor City of Woodville,,,Over Votes,0,0,0,0,
Tyler,Precinct 18,Mayor City of Woodville,,,Under Votes,81,5,59,17,
Tyler,Precinct 18,Alderman Place 2 City of Woodville,,,Kelly Cordes Dillard,250,11,177,62,
Tyler,Precinct 18,Alderman Place 2 City of Woodville,,,Over Votes,0,0,0,0,
Tyler,Precinct 18,Alderman Place 2 City of Woodville,,,Under Votes,90,6,64,20,
Tyler,Precinct 18,Alderman Place 4 City of Woodville,,,Mike Cabaniss,159,6,117,36,
Tyler,Precinct 18,Alderman Place 4 City of Woodville,,,Morgan Hoskins,103,7,69,27,
Tyler,Precinct 18,Alderman Place 4 City of Woodville,,,Over Votes,0,0,0,0,
Tyler,Precinct 18,Alderman Place 4 City of Woodville,,,Under Votes,78,4,55,19,
Tyler,Precinct 18,Proposition 1 Local District Livestock,,,Against,544,18,429,97,
Tyler,Precinct 18,Proposition 1 Local District Livestock,,,For,163,0,125,38,
Tyler,Precinct 18,Proposition 1 Local District Livestock,,,Over Votes,1,0,1,0,
Tyler,Precinct 18,Proposition 1 Local District Livestock,,,Under Votes,62,1,51,10,
Tyler,Precinct 18,Proposition 2 Local District Livestock,,,For,455,14,357,84,
Tyler,Precinct 18,Proposition 2 Local District Livestock,,,Against,178,2,143,33,
Tyler,Precinct 18,Proposition 2 Local District Livestock,,,Over Votes,1,0,1,0,
Tyler,Precinct 18,Proposition 2 Local District Livestock,,,Under Votes,136,3,105,28,